Departamento  de la Instituci¢n;Provincias dela Rep£blica  de Panam†;Tipo de Ley;Fecha de Entrada de Queja;Mes de Entrada de Queja;Motivo de Queja;Agente Econ¢mico;Actividad;Marca de Producto;Producto;Velor de Apertura de Queja;Resultado de Queja;Efectivo Devuelto al Consumidor (B/.);Fecha de Cierre de Queja;Mes Cierre de Queja;A§o Cierre de Queja;A§o Recibido de Queja
Decisi¢n;Panam†;Ley 45 de 2007;45320;Ene 24;Incumplimiento de garant°a;REDPRECIO.COM;ElectrodomÇsticos/equipos electr¢nicos;HP;Computadora;213.99;Desistimiento/Devoluci¢n;213.99;45349;Feb 24;2024;2024
Veh°culo a Motor;Panam†;Ley 45 de 2007;45299;Ene 24;Incumplimiento de garant°a;BAHIA MOTORS;Agencia de autos;Honda;Auto;775;Acuerdo en audiencia/Varios;;45378;Mar 24;2024;2024
Decisi¢n;Panam†;Ley 45 de 2007;45295;Ene 24;Falta de informaci¢n;TINO RAMIREZ Y DANIEL, S.A.;Videojuegos;;;840.38;Desistimiento;;45320;Ene 24;2024;2024
Veh°culo a Motor;Panam†;Ley 45 de 2007;45301;Ene 24;Incumplimiento de garant°a;GRUPO AUTO COMERCIAL, S.A.;Agencia de autos;GAP;Auto;18750;Desistimiento;;45462;Jun 24;2024;2024
Veracidad;Panam†;Ley 45 de 2007;45316;Ene 24;Veracidad de la publicidad;PRICESMART;Supermercados;;;559.99;En proceso;;;;;2024
Decisi¢n;Panam†;Ley 45 de 2007;45296;Ene 24;Incumplimiento de servicio;SOLUCIONES YA;Remodelaci¢n;;Vivienda;3364;Ministerio P£blico;;45351;Feb 24;2024;2024
Decisi¢n;Panam†;Ley 45 de 2007;45295;Ene 24;Falta de informaci¢n;INVERSIONES EL CREPÈSCULO, S.A.;Funerarias;;;32;Acuerdo en audiencia/Varios;;45350;Feb 24;2024;2024
Veh°culo a Motor;Panam†;Ley 45 de 2007;45301;Ene 24;Incumplimiento de servicio;TALLER AUTOCOLOR, S.A.;Taller de reparaci¢n de autos;Toyota;Auto;649.51;Acuerdo en audiencia/Varios;;45418;May 24;2024;2024
Veh°culo a Motor;Panam†;Ley 45 de 2007;45302;Ene 24;Cobro indebido;SERVICIOS TURISTICOS PANAME•OS, S.A.;Alquiler de autos;Toyota;Auto;2609.93;En proceso;;;;;2024
Decisi¢n;Panam†;Ley 45 de 2007;45296;Ene 24;Falta de informaci¢n;TU BIENESTAR COMPANY, S.A.;Funerarias;;;24;Desistimiento;;45349;Feb 24;2024;2024
Decisi¢n;Panam†;Ley 45 de 2007;45299;Ene 24;Incumplimiento de garant°a;FOTO SONIDO;ElectrodomÇsticos/equipos electr¢nicos;Sankey;Lavadora / secadora;502.89;Pendiente constancia desistimiento;;45327;Feb 24;2024;2024
Veh°culo a Motor;Panam†;Ley 45 de 2007;45306;Ene 24;Incumplimiento de garant°a;MASTER MOTOR;Agencia de autos;Yema;Auto;21828;Desistimiento;;45569;Oct 24;2024;2024
Decisi¢n;Panam†;Ley 45 de 2007;45302;Ene 24;Vicio oculto;ATIKA INVESTMENT GROUP INC.;Inmobiliarias;;;2935.97;En proceso;;;;;2024
Veh°culo a Motor;Panam†;Ley 45 de 2007;45308;Ene 24;Incumplimiento de garant°a;GRUPO SILABA;Agencia de autos;KIA;Auto;21395;En proceso;;;;;2024
Veh°culo a Motor;Panam†;Ley 45 de 2007;45306;Ene 24;Incumplimiento de garant°a;DREAM CARS;Venta de autos usados;Hyundai;Auto;9800;En proceso;;;;;2024
Decisi¢n;Panam†;Ley 45 de 2007;45301;Ene 24;Vicio oculto;PROMOTORA PANAMµ ESTE, S.A.;Inmobiliarias;;Vivienda;602.48;Desistimiento;;45327;Feb 24;2024;2024
Veh°culo a Motor;Panam†;Ley 45 de 2007;45306;Ene 24;Falta de informaci¢n;ANCON RENT A CAR;Alquiler de autos;Hyundai;Auto;150;Desistimiento;;45383;Abri 24;2024;2024
Decisi¢n;Panam†;Ley 45 de 2007;45301;Ene 24;Incumplimiento de garant°a;MW MOVIL, S.A.;Celulares;Iphone;Celular;390;Desistimiento;;45320;Ene 24;2024;2024
Decisi¢n;Panam†;Ley 45 de 2007;45301;Ene 24;Incumplimiento de garant°a;FURNITURE CITY;Muebler°as;;Colch¢n;372.88;Resoluci¢n/Reparar;;45422;May 24;2024;2024
Veh°culo a Motor;Panam†;Ley 45 de 2007;45308;Ene 24;Incumplimiento de garant°a;RICARDO PEREZ, S.A.;Agencia de autos;Toyota;Auto;18125;En proceso;;;;;2024
Decisi¢n;Panam†;Ley 45 de 2007;45301;Ene 24;Incumplimiento de servicio;D Y G COLCHONES, PERSIANAS Y MAS;Ventas de colchones;;;875;Corregidur°a/Casa de Justicia Comunitaria de Paz;;45357;Mar 24;2024;2024
Veh°culo a Motor;Panam†;Ley 45 de 2007;45308;Ene 24;Incumplimiento de garant°a;XTREME MOTOR TRADING INC.;Agencia de motos;Xmotors;Moto;2150;Desistimiento;;45400;Abri 24;2024;2024
Veh°culo a Motor;Panam†;Ley 45 de 2007;45316;Ene 24;Incumplimiento de garant°a;GRUPO SILABA;Agencia de autos;KIA;Pieza de Repuesto;950.06;En proceso;;;;;2024
Decisi¢n;Panam†;Ley 45 de 2007;45301;Ene 24;Falta de informaci¢n;INVERSIONES EL CREPÈSCULO, S.A.;Funerarias;;;24;Pendiente constancia desistimiento;;45349;Feb 24;2024;2024
Veh°culo a Motor;Panam†;Ley 45 de 2007;45310;Ene 24;Falta de informaci¢n;BARCOS CALIPSO;Transporte (fletes, encomiendas y similares);;;27.5;Desistimiento;;45400;Abri 24;2024;2024
Decisi¢n;Panam†;Ley 45 de 2007;45302;Ene 24;Falta de informaci¢n;INVERSIONES EL CREPÈSCULO, S.A.;Funerarias;;;24;Desistimiento;;45342;Feb 24;2024;2024
Decisi¢n;Panam†;Ley 45 de 2007;45310;Ene 24;Incumplimiento de servicio;KLM;L°neas aÇreas;;;4497.16;Desistimiento;;45387;Abri 24;2024;2024
Veh°culo a Motor;Panam†;Ley 45 de 2007;45306;Ene 24;Incumplimiento de servicio;MOTORES JAPONESES;Agencia de autos;Suzuki;Pieza de Repuesto;1574.64;Desistimiento;;45498;Jul 24;2024;2024
Veh°culo a Motor;Panam†;Ley 45 de 2007;45309;Ene 24;Incumplimiento de garant°a;ARRENDADORA GLOBAL, S.A.;Alquiler de autos;Toyota;Auto;19995;En proceso;;;;;2024
Decisi¢n;Panam†;Ley 45 de 2007;45301;Ene 24;Falta de informaci¢n;INVERSIONES EL CREPÈSCULO, S.A.;Funerarias;;;22;Desistimiento;;45310;Ene 24;2024;2024
Veh°culo a Motor;Panam†;Ley 45 de 2007;45308;Ene 24;Incumplimiento de garant°a;RICARDO PEREZ, S.A.;Agencia de autos;Toyota;Auto;22600;En proceso;;;;;2024
Decisi¢n;Panam†;Ley 45 de 2007;45302;Ene 24;Incumplimiento de garant°a;STEVENÔS;AlmacÇn por departamentos;;Zapatos;26.74;Desistimiento/Devoluci¢n;;45349;Feb 24;2024;2024
Veh°culo a Motor;Panam†;Ley 45 de 2007;45310;Ene 24;Incumplimiento de garant°a;MOTORES JAPONESES;Agencia de autos;Suzuki;Auto;121.7;En proceso;;;;;2024
Decisi¢n;Panam†;Ley 45 de 2007;45310;Ene 24;Incumplimiento de garant°a;TECH & HOUSE;ElectrodomÇsticos/equipos electr¢nicos;Frigidaire;Refrigeradora;1625.44;Transacci¢n extrajudicial;1625.44;45387;Abri 24;2024;2024
Decisi¢n;Panam†;Ley 45 de 2007;45307;Ene 24;Da§os y perjuicios;COPA AIRLINES;L°neas aÇreas;;;698;Acuerdo en audiencia/Devoluci¢n de dinero;283.89;45407;Abri 24;2024;2024
Veh°culo a Motor;Panam†;Ley 45 de 2007;45310;Ene 24;Incumplimiento de garant°a;RICARDO PEREZ, S.A.;Agencia de autos;Toyota;Auto;27990;Desistimiento;;45415;May 24;2024;2024
Decisi¢n;Panam†;Ley 45 de 2007;45307;Ene 24;Incumplimiento de garant°a;E-VISION;ElectrodomÇsticos/equipos electr¢nicos;Whirlpool;Lavaplatos;374.45;Desistimiento;;45362;Mar 24;2024;2024
Veh°culo a Motor;Panam†;Ley 45 de 2007;45322;Ene 24;Falta de informaci¢n;TERPEL;Estaciones de gasolinas;KIA;Pieza de Repuesto;624.98;En proceso;;;;;2024
Decisi¢n;Panam†;Ley 45 de 2007;45307;Ene 24;Incumplimiento de garant°a;MAXICOOL, S.A.;Servicios de instalaci¢n;Samsung;Aire acondicionado;385;En proceso;;;;;2024
Veh°culo a Motor;Panam†;Ley 45 de 2007;45316;Ene 24;Incumplimiento de garant°a;PETROAUTOS, S.A.;Agencia de autos;Hyundai;Auto;14999;En proceso;;;;;2024
Decisi¢n;Panam†;Ley 45 de 2007;45306;Ene 24;Falta de informaci¢n;INVERSIONES EL CREPÈSCULO, S.A.;Funerarias;;;22;Acuerdo en audiencia/Varios;;45330;Feb 24;2024;2024
Veh°culo a Motor;Panam†;Ley 45 de 2007;45316;Ene 24;Incumplimiento de garant°a;MOTO PARTE MPH S.A.;Agencia de motos;Xmotors;Pieza de Repuesto;1750;En proceso;;;;;2024
Decisi¢n;Panam†;Ley 45 de 2007;45307;Ene 24;Falta de informaci¢n;SY &D ADVANCE AERONAUTICAL ADMINISTRATION AND SERVICES, S.A.;Celulares;;;32.1;Acuerdo en audiencia/Reemplazo;;45337;Feb 24;2024;2024
Veh°culo a Motor;Panam†;Ley 45 de 2007;45316;Ene 24;Custodia de bien;TAMBOR, S.A.;Taller de reparaci¢n de autos;Toyota;Pieza de Repuesto;1888.86;Abandono;;45560;Sep 24;2024;2024
Decisi¢n;Panam†;Ley 45 de 2007;45309;Ene 24;Resoluci¢n de contrato;CABLE & WIRELESS PANAMµ;Telefonia;;;12;Pendiente constancia desistimiento;;45350;Feb 24;2024;2024
Veh°culo a Motor;Panam†;Ley 45 de 2007;45314;Ene 24;Incumplimiento de garant°a;VENTA DE AUTOS 507, S.A.;Venta de autos usados;Honda;Auto;12125;En proceso;;;;;2024
Veh°culo a Motor;Panam†;Ley 45 de 2007;45322;Ene 24;Incumplimiento de garant°a;MILLENNIUM CAR SALES, S.A.;Taller de reparaci¢n de autos;KIA;Pieza de Repuesto;1934;En proceso;;;;;2024
Decisi¢n;Panam†;Ley 45 de 2007;45313;Ene 24;Resoluci¢n de contrato;SKY PANAMµ;Tv por cable;;;115;Acuerdo en audiencia/Varios;;45369;Mar 24;2024;2024
Decisi¢n;Panam†;Ley 45 de 2007;45309;Ene 24;Resoluci¢n de contrato;CABLE & WIRELESS PANAMµ;Telefonia;;;25.5;Desistimiento;;45370;Mar 24;2024;2024
Veh°culo a Motor;Panam†;Ley 45 de 2007;45322;Ene 24;Incumplimiento de garant°a;EMPRESAS CARBONE, S.A.;Agencia de autos;Forthing;Auto;23240;En proceso;;;;;2024
Decisi¢n;Panam†;Ley 45 de 2007;45309;Ene 24;Incumplimiento de servicio;LOGI TRADING ENTERPRISES INC;Servicio de intermediaci¢n;;;338.05;Desistimiento/Devoluci¢n;;45349;Feb 24;2024;2024
Veh°culo a Motor;Panam†;Ley 45 de 2007;45322;Ene 24;Custodia de bien;PETROAUTOS, S.A.;Agencia de autos;Hyundai;Pieza de Repuesto;52.43;En proceso;;;;;2024
Decisi¢n;Panam†;Ley 45 de 2007;45309;Ene 24;Falta de informaci¢n;INVERSIONES EL CREPÈSCULO, S.A.;Funerarias;;;24;Acuerdo en audiencia/Varios;;45378;Mar 24;2024;2024
Veh°culo a Motor;Panam†;Ley 45 de 2007;45322;Ene 24;Incumplimiento de garant°a;MOTORES JAPONESES;Agencia de autos;Suzuki;Auto;14490;Desistimiento;;45373;Mar 24;2024;2024
Veh°culo a Motor;Panam†;Ley 45 de 2007;45322;Ene 24;Incumplimiento de servicio;CLASS ONE SERVICES;Taller de reparaci¢n de autos;Hyundai;Pieza de Repuesto;2928.61;En proceso;;;;;2024
Decisi¢n;Panam†;Ley 45 de 2007;45309;Ene 24;Incumplimiento de servicio;PLANET AIR SPORT, S.A.;Discoteca/Sala de eventos;;;557.65;Corregidur°a/Casa de Justicia Comunitaria de Paz;;45387;Abri 24;2024;2024
Veh°culo a Motor;Panam†;Ley 45 de 2007;45322;Ene 24;Incumplimiento de servicio;AIRE SI;Taller de reparaci¢n de autos;Toyota;Pieza de Repuesto;1278.65;En proceso;;;;;2024
Decisi¢n;Panam†;Ley 45 de 2007;45309;Ene 24;Incumplimiento de garant°a;GLOBAL TECHNOLOGY SECURITY;ElectrodomÇsticos/equipos electr¢nicos;;Aire acondicionado;743.71;Desistimiento/Devoluci¢n;508.72;45337;Feb 24;2024;2024
Veh°culo a Motor;Panam†;Ley 45 de 2007;45322;Ene 24;Falta de informaci¢n;LUMOVIL, S.A.;Repuestos para autos;Renault;Pieza de Repuesto;5500;Desistimiento;;45450;Jun 24;2024;2024
Decisi¢n;Panam†;Ley 45 de 2007;45309;Ene 24;Incumplimiento de garant°a;SONY STORE;ElectrodomÇsticos/equipos electr¢nicos;Sankey;C†mara;2032.99;Desistimiento;;45351;Feb 24;2024;2024
Decisi¢n;Panam†;Ley 45 de 2007;45310;Ene 24;Incumplimiento de garant°a;HI-TECMOBILE;ElectrodomÇsticos/equipos electr¢nicos;Nintendo W11;Video juego;349;Corregidur°a/Casa de Justicia Comunitaria de Paz;;45372;Mar 24;2024;2024
Veh°culo a Motor;Panam†;Ley 45 de 2007;45322;Ene 24;Incumplimiento de garant°a;PETROAUTOS, S.A.;Agencia de autos;Hyundai;Auto;14999;En proceso;;;;;2024
Decisi¢n;Panam†;Ley 45 de 2007;45310;Ene 24;Falta de informaci¢n;PREMIER;ElectrodomÇsticos/equipos electr¢nicos;Premier;Televisor;278.19;Acuerdo en audiencia/Varios;;45351;Feb 24;2024;2024
Decisi¢n;Panam†;Ley 45 de 2007;45310;Ene 24;Cobro indebido;HOTEL ALOFT PANAMA;Hoteles o planes vacacionales;;;99;Acuerdo en audiencia/Devoluci¢n de dinero;99;45351;Feb 24;2024;2024
Decisi¢n;Panam†;Ley 45 de 2007;45315;Ene 24;Incumplimiento de servicio;MULTISERVICIOS O&G;Servicios de instalaci¢n;;;1300;Temporal Juez Ejecutor;;45582;Oct 24;2024;2024
Decisi¢n;Panam†;Ley 45 de 2007;45313;Ene 24;Resoluci¢n de contrato;INVERSIONES EL CREPÈSCULO, S.A.;Funerarias;;;2304;Acuerdo en audiencia/Varios;;45596;Oct 24;2024;2024
Decisi¢n;Panam†;Ley 45 de 2007;45313;Ene 24;Incumplimiento de servicio;FAST SERVICES CENTER;Repuestos y reparaciones (talleres varios no autos);;;26.75;Desistimiento/Devoluci¢n;;45322;Ene 24;2024;2024
Decisi¢n;Panam†;Ley 45 de 2007;45313;Ene 24;Falta de informaci¢n;INVERSIONES EL CREPÈSCULO, S.A.;Funerarias;;;24;Pendiente constancia desistimiento;;45349;Feb 24;2024;2024
Decisi¢n;Panam†;Ley 45 de 2007;45313;Ene 24;Cobro indebido;PRICESMART;Supermercados;;;5.89;Desistimiento;;45344;Feb 24;2024;2024
Decisi¢n;Panam†;Ley 45 de 2007;45313;Ene 24;Incumplimiento de garant°a;PRICESMART;Supermercados;;Televisor;535;Resoluci¢n no acceder;;45422;May 24;2024;2024
Decisi¢n;Panam†;Ley 45 de 2007;45314;Ene 24;Incumplimiento de garant°a;BBH, S.A.;Materiales de construcci¢n;;;184.33;Desistimiento/Devoluci¢n;;45322;Ene 24;2024;2024
Decisi¢n;Panam†;Ley 45 de 2007;45314;Ene 24;Falta de informaci¢n;INVERSIONES EL CREPÈSCULO, S.A.;Funerarias;;;22;Desistimiento;;45357;Mar 24;2024;2024
Decisi¢n;Panam†;Ley 45 de 2007;45315;Ene 24;Falta de informaci¢n;UNITED;Agencias de viajes;;;1502.65;Acuerdo en audiencia/Varios;;45392;Abri 24;2024;2024
Decisi¢n;Panam†;Ley 45 de 2007;45315;Ene 24;Falta de informaci¢n;INVERSIONES EL CREPÈSCULO, S.A.;Funerarias;;;22;Resoluciones/Varios;;45349;Feb 24;2024;2024
Decisi¢n;Panam†;Ley 45 de 2007;45315;Ene 24;Incumplimiento de garant°a;THE TEDDY FITNESS SHOW, S.A.;AlmacÇn de ropa y calzados;;Zapatos;64.19;Acuerdo en audiencia/Devoluci¢n de dinero;;45350;Feb 24;2024;2024
Decisi¢n;Panam†;Ley 45 de 2007;45315;Ene 24;Incumplimiento de servicio;FUEGO FIN, S.A.;Servicios Profesionales;;;2727.96;Resoluci¢n/Devoluci¢n;2727.96;45489;Jul 24;2024;2024
Decisi¢n;Panam†;Ley 45 de 2007;45316;Ene 24;Custodia de bien;TREZD DIGITAL STORE;Celulares;Samsung;Celular;1504.19;Resoluci¢n no acceder;;45422;May 24;2024;2024
Decisi¢n;Panam†;Ley 45 de 2007;45316;Ene 24;Incumplimiento de contrato;S & G TRAVEL GROUP CORPORATION;Agencias de viajes;;;3194;Acuerdo en audiencia/Devoluci¢n de dinero;3194;45513;Ago 24;2024;2024
Decisi¢n;Panam†;Ley 45 de 2007;45316;Ene 24;Incumplimiento de servicio;S & G TRAVEL GROUP CORPORATION;Agencias de viajes;;;3850;Acuerdo en audiencia/Devoluci¢n de dinero;3850;45516;Ago 24;2024;2024
Decisi¢n;Panam†;Ley 45 de 2007;45316;Ene 24;Incumplimiento de contrato;S & G TRAVEL GROUP CORPORATION;Agencias de viajes;;;3194;Acuerdo en audiencia/Devoluci¢n de dinero;3194;45516;Ago 24;2024;2024
Decisi¢n;Panam†;Ley 45 de 2007;45317;Ene 24;Falta de informaci¢n;RAMGUIFLEX, S.A.;Ventas de colchones;;Colch¢n;1022.79;Acuerdo en audiencia/Devoluci¢n de dinero;1022.79;45351;Feb 24;2024;2024
Decisi¢n;Panam†;Ley 45 de 2007;45317;Ene 24;Incumplimiento de garant°a;PHOTURA;ElectrodomÇsticos/equipos electr¢nicos;;Centro de lavado;1123.45;Pendiente constancia desistimiento;;45329;Feb 24;2024;2024
Decisi¢n;Panam†;Ley 45 de 2007;45317;Ene 24;Incumplimiento de garant°a;MOVIL PHONE, S.A.;Celulares;Samsung;Celular;110;Pendiente constancia desistimiento;110;45446;Jun 24;2024;2024
Decisi¢n;Panam†;Ley 45 de 2007;45317;Ene 24;Falta de informaci¢n;INVERSIONES EL CREPÈSCULO, S.A.;Funerarias;;;20.5;Abandono;;45537;Sep 24;2024;2024
Decisi¢n;Panam†;Ley 45 de 2007;45317;Ene 24;Incumplimiento de garant°a;SOUND N MUSIC;ElectrodomÇsticos/equipos electr¢nicos;Sankey;Refrigeradora;675;Desistimiento;;45343;Feb 24;2024;2024
Decisi¢n;Panam†;Ley 45 de 2007;45322;Ene 24;Resoluci¢n de contrato;CABLE & WIRELESS PANAMµ;Tv por cable;;;37.63;Desistimiento;;45342;Feb 24;2024;2024
Decisi¢n;Panam†;Ley 45 de 2007;45321;Ene 24;Resoluci¢n de contrato;MAS MOVIL;Telefonia;;Celular;30.26;Desistimiento;;45328;Feb 24;2024;2024
Decisi¢n;Panam†;Ley 45 de 2007;45321;Ene 24;Falta de informaci¢n;OUTDOOR ADVENTURE;AlmacÇn de ropa y calzados;;Zapatos;266.43;Desistimiento/Devoluci¢n;266.43;45362;Mar 24;2024;2024
Decisi¢n;Panam†;Ley 45 de 2007;45321;Ene 24;Incumplimiento de garant°a;PRICESMART;AlmacÇn por departamentos;LG;Refrigeradora;2139.99;Pendiente constancia desistimiento;;45378;Mar 24;2024;2024
Decisi¢n;Panam†;Ley 45 de 2007;45321;Ene 24;Resoluci¢n de contrato;SKY PANAMµ;Tv por cable;;;37.94;Acuerdo en audiencia/Varios;;45386;Abri 24;2024;2024
Decisi¢n;Panam†;Ley 45 de 2007;45321;Ene 24;Falta de informaci¢n;INVERSIONES EL CREPÈSCULO, S.A.;Funerarias;;;26;Desistimiento;;45344;Feb 24;2024;2024
Decisi¢n;Panam†;Ley 45 de 2007;45322;Ene 24;Falta de informaci¢n;INVERSIONES EL CREPÈSCULO, S.A.;Funerarias;;;24;Desistimiento;;45350;Feb 24;2024;2024
Decisi¢n;Panam†;Ley 45 de 2007;45322;Ene 24;Falta de informaci¢n;INVERSIONES EL CREPÈSCULO, S.A.;Funerarias;;;24;Desistimiento/Devoluci¢n;;45357;Mar 24;2024;2024
Decisi¢n;Panam†;Ley 45 de 2007;45322;Ene 24;Incumplimiento de contrato;CABLE & WIRELESS PANAMµ;Tv por cable;;;30;Desistimiento/Devoluci¢n;30;45343;Feb 24;2024;2024
Decisi¢n;Panam†;Ley 45 de 2007;45322;Ene 24;Falta de informaci¢n;INMOBILIARIA UNIVERSAL INTERNACIONAL, S.A.;Inmobiliarias;;Vivienda;2973.32;Desistimiento/Devoluci¢n;2973.32;45446;Jun 24;2024;2024
Decisi¢n;Panam†;Ley 45 de 2007;45322;Ene 24;Falta de informaci¢n;VIAJES COLOMBIA, S.A./;Agencias de viajes;;;3703.6;En proceso;;;;;2024
Decisi¢n;Panam†;Ley 45 de 2007;45322;Ene 24;Incumplimiento de servicio;GLOBAL DESIGN INTERNATIONAL CORP.;Muebler°as;;;800;Pendiente constancia desistimiento;;45377;Mar 24;2024;2024
Decisi¢n;Panam†;Ley 45 de 2007;45322;Ene 24;Falta de informaci¢n;INVERSIONES EL CREPÈSCULO, S.A.;Funerarias;;;26;Desistimiento;;45366;Mar 24;2024;2024
Decisi¢n;Panam†;Ley 45 de 2007;45322;Ene 24;Falta de informaci¢n;INVERSIONES EL CREPÈSCULO, S.A.;Funerarias;;;26;Desistimiento;;45363;Mar 24;2024;2024
Veracidad;Panam†;Ley 45 de 2007;45299;Ene 24;Veracidad de la publicidad;RIBA SMITH;Supermercados;;;15.65;En proceso;;;;;2024
Decisi¢n;Panam†;Ley 45 de 2007;45294;Ene 24;Incumplimiento de garant°a;JONYCELL, S.A.;Celulares;Iphone;Celular;749;Desistimiento/Devoluci¢n;;45330;Feb 24;2024;2024
Decisi¢n;Panam†;Ley 45 de 2007;45306;Ene 24;Incumplimiento de garant°a;HERRAMIENTA DEL CARMEN;Ferreter°as, materiales de construccion o similares;;Planta generadora de luz elÇctrica;450;En proceso;;;;;2024
Decisi¢n;Panam†;Ley 45 de 2007;45315;Ene 24;Incumplimiento de servicio;FOTO SONIDO;ElectrodomÇsticos/equipos electr¢nicos;;Mesa comedor;400.18;Desistimiento;;45327;Feb 24;2024;2024
Decisi¢n;Panam†;Ley 45 de 2007;45315;Ene 24;Incumplimiento de contrato;OPTIMIZA DEVELOPERS EL ALUREL DEL ESPINO S.A.;Inmobiliarias;;Vivienda;950;Ordena correcci¢n;;45436;May 24;2024;2024
Decisi¢n;Panam†;Ley 45 de 2007;45293;Ene 24;Incumplimiento de garant°a;BODAPHONE;Celulares;;Playstation;460;Pendiente constancia desistimiento;;45349;Feb 24;2024;2024
Decisi¢n;Panam†;Ley 45 de 2007;45294;Ene 24;Incumplimiento de garant°a;MAXICOOL, S.A.;Repuestos y reparaciones (talleres varios no autos);Samsung;Aire acondicionado;280;Temporal Juez Ejecutor;;45516;Ago 24;2024;2024
Decisi¢n;Panam†;Ley 45 de 2007;45299;Ene 24;Resoluci¢n de contrato;CABLE & WIRELESS PANAMµ;Telefonia;;;42;Pendiente constancia desistimiento;;45357;Mar 24;2024;2024
Decisi¢n;Panam†;Ley 45 de 2007;45302;Ene 24;Resoluci¢n de contrato;SKY PANAMµ;Tv por cable;;;19.99;Acuerdo en audiencia/Varios;;45370;Mar 24;2024;2024
Decisi¢n;Panam†;Ley 45 de 2007;45302;Ene 24;Falta de informaci¢n;GEMAS JOYEROS;Joyer°a/Relojer°as;Orient;Reloj;120;Desistimiento;;45330;Feb 24;2024;2024
Decisi¢n;Panam†;Ley 45 de 2007;45309;Ene 24;Incumplimiento de garant°a;PREMIER;ElectrodomÇsticos/equipos electr¢nicos;Premier;Bocina;267.49;Pendiente constancia desistimiento;;45370;Mar 24;2024;2024
Decisi¢n;Bocas del Toro;Ley 45 de 2007;45306;Ene 24;Incumplimiento de garant°a;RUKEL S.A.;AlmacÇn por departamentos;;Congelador;213;Acuerdo/Reparaci¢n;;45392;Abri 24;2024;2024
Veh°culo a Motor;CoclÇ;Ley 14 de 2018;45306;Ene 24;Incumplimiento de garant°a;PANAMOTOR;Agencia de autos;;Auto;21500;En proceso;;;;;2024
Decisi¢n;CoclÇ;Ley 45 de 2007;45296;Ene 24;Resoluci¢n de contrato;SKY PANAMµ;Tv por cable;;;20;Desistimiento;;45441;May 24;2024;2024
Decisi¢n;CoclÇ;Ley 45 de 2007;45313;Ene 24;Resoluci¢n de contrato;SKY PANAMµ;Tv por cable;;;26.32;Desistimiento;;45463;Jun 24;2024;2024
Decisi¢n;Col¢n;Ley 45 de 2007;45295;Ene 24;Incumplimiento de garant°a;SUPER SONIDO;ElectrodomÇsticos/equipos electr¢nicos;Sankey;Refrigeradora;659;En proceso;;;;;2024
Decisi¢n;Col¢n;Ley 45 de 2007;45310;Ene 24;Incumplimiento de garant°a;DIGITAL AUDIO Y MUEBLES;AlmacÇn por departamentos;RCA;Lavadora;330;Desistimiento;;45411;Abri 24;2024;2024
Decisi¢n;Col¢n;Ley 45 de 2007;45322;Ene 24;Falta de informaci¢n;INVERSIONES EL CREPÈSCULO, S.A.;Funerarias;;;29;En proceso;;;;;2024
Veh°culo a Motor;Chiriqu°;Ley 14 de 2018;45301;Ene 24;Incumplimiento de garant°a;GRUPO SILABA;Agencia de autos;Chevrolet;Auto;22974;En proceso;;;;;2024
Decisi¢n;Chiriqu°;Ley 45 de 2007;45301;Ene 24;Devoluci¢n de dinero;LAMBDA PROMOCIONES E INMOBILIARIA, S.A.;Inmobiliarias;;;450;En proceso;;;;;2024
Veh°culo a Motor;Chiriqu°;Ley 14 de 2018;45306;Ene 24;Incumplimiento de garant°a;MARI PEREZ MOTORS, S.A.;Agencia de autos;Peugeot;Auto;21293;En proceso;;;;;2024
Veh°culo a Motor;Chiriqu°;Ley 14 de 2018;45309;Ene 24;Devoluci¢n de dinero;GRUPO SILABA;Agencia de autos;KIA;Auto;1378;Desistimiento;;45454;Jun 24;2024;2024
Decisi¢n;Chiriqu°;Ley 45 de 2007;45302;Ene 24;Resoluci¢n de contrato;INVERSIONES EL CREPÈSCULO, S.A.;Funerarias;;;24;Desistimiento;;45467;Jun 24;2024;2024
Decisi¢n;Chiriqu°;Ley 45 de 2007;45306;Ene 24;Incumplimiento de garant°a;CENTRO DOLLAR 1 2 3;AlmacÇn por departamentos;Xiaomi;Celular;175.47;Pendiente constancia desistimiento;;45436;May 24;2024;2024
Veh°culo a Motor;Chiriqu°;Ley 14 de 2018;45322;Ene 24;Incumplimiento de garant°a;GRUPO SILABA;Agencia de autos;Chevrolet;Auto;28000;En proceso;;;;;2024
Veh°culo a Motor;Chiriqu°;Ley 14 de 2018;45294;Ene 24;Devoluci¢n de dinero;CONSULTENOS, S.A.;Repuestos para autos;;;131;Desistimiento;;45453;Jun 24;2024;2024
Decisi¢n;Chiriqu°;Ley 45 de 2007;45307;Ene 24;Resoluci¢n de contrato;INVERSIONES EL CREPÈSCULO, S.A.;Funerarias;;;20;Desistimiento;;45467;Jun 24;2024;2024
Decisi¢n;Chiriqu°;Ley 45 de 2007;45307;Ene 24;Custodia de bien;ALFEMO;Muebler°as;;Mueble de sala;481.5;Desistimiento;;45464;Jun 24;2024;2024
Veh°culo a Motor;Chiriqu°;Ley 14 de 2018;45315;Ene 24;Devoluci¢n de dinero;AUTO PARTES SILVERA;Repuestos para autos;;;170;En proceso;;;;;2024
Decisi¢n;Chiriqu°;Ley 45 de 2007;45308;Ene 24;Resoluci¢n de contrato;INVERSIONES EL CREPÈSCULO, S.A.;Funerarias;;;20;Desistimiento;;45453;Jun 24;2024;2024
Decisi¢n;Chiriqu°;Ley 45 de 2007;45309;Ene 24;Incumplimiento de garant°a;HEPS CARBONE;Ferreter°as, materiales de construccion o similares;;;62.21;En proceso;;;;;2024
Decisi¢n;Chiriqu°;Ley 45 de 2007;45310;Ene 24;Incumplimiento de garant°a;EL PUNTO PODEROSO;AlmacÇn por departamentos;Mystic;Refrigeradora;99.99;En proceso;;;;;2024
Decisi¢n;Chiriqu°;Ley 45 de 2007;45310;Ene 24;Resoluci¢n de contrato;SKY PANAMµ;Tv por cable;;;20;Desistimiento;;45454;Jun 24;2024;2024
Decisi¢n;Chiriqu°;Ley 45 de 2007;45313;Ene 24;Incumplimiento de garant°a;DORADO CENTER;Supermercados;;Bicicleta;267.49;Desistimiento;;45453;Jun 24;2024;2024
Decisi¢n;Chiriqu°;Ley 45 de 2007;45313;Ene 24;Incumplimiento de garant°a;BALBOA FURNITURE;Muebler°a/equipo electr¢nico;LG;Equipo de sonido;1514.95;En proceso;;;;;2024
Decisi¢n;Chiriqu°;Ley 45 de 2007;45313;Ene 24;Incumplimiento de garant°a;BBB SHOES Y BOOTS;AlmacÇn de ropa y calzados;;Calzado;37.4;En proceso;;;;;2024
Decisi¢n;Chiriqu°;Ley 45 de 2007;45313;Ene 24;Resoluci¢n de contrato;SKY PANAMµ;Tv por cable;;;40;Pendiente constancia desistimiento;;45436;May 24;2024;2024
Decisi¢n;Chiriqu°;Ley 81 de 2009;45316;Ene 24;Devoluci¢n de dinero;BELLA VISTA PROMOCIONES INMOBILIARIAS, S.A.;Inmobiliarias;;Vivienda;854.6;En proceso;;;;;2024
Decisi¢n;Chiriqu°;Ley 45 de 2007;45320;Ene 24;Devoluci¢n de dinero;ANGIE SHOP;AlmacÇn de ropa y calzados;;;8.56;Desistimiento;;45453;Jun 24;2024;2024
Decisi¢n;Chiriqu°;Ley 45 de 2007;45321;Ene 24;Devoluci¢n de dinero;CENTRO TECNICO SUPERIORES  DE CHIRIQU÷;Escuelas / colegio;;;60;Desistimiento;;45467;Jun 24;2024;2024
Decisi¢n;Chiriqu°;Ley 45 de 2007;45321;Ene 24;Incumplimiento de servicio;CABLE & WIRELESS PANAMµ;Telefonia;;;8.43;En proceso;;;;;2024
Decisi¢n;Herrera;Ley 45 de 2007;45293;Ene 24;Incumplimiento de garant°a;MULTI HOGAR;Muebler°as;;;107;En proceso;;;;;2024
Decisi¢n;Herrera;Ley 45 de 2007;45295;Ene 24;Falta de informaci¢n;FREDY STORE, S.A.;Distribuidoras e importadoras;;;65;En proceso;;;;;2024
Decisi¢n;Herrera;Ley 45 de 2007;45301;Ene 24;Incumplimiento de garant°a;MULTI HOGAR;Muebler°as;Sankey;Refrigeradora;695.01;En proceso;;;;;2024
Veh°culo a Motor;Herrera;Ley 14 de 2018;45293;Ene 24;Incumplimiento de garant°a;TECHNYMOTORS;Agencia de motos;Xmotors;;1550;Desistimiento;;45322;Ene 24;2024;2024
Decisi¢n;Herrera;Ley 45 de 2007;45302;Ene 24;Incumplimiento de garant°a;CONSTRUCCIONES Y DESARROLLOS NACIONALES, S.A.;Constructoras;;Vivienda;2140;En proceso;;;;;2024
Veh°culo a Motor;Herrera;Ley 14 de 2018;45293;Ene 24;Venta enga§osa;GRUPO SILABA;Venta de autos usados;KIA;Auto;13395;En proceso;;;;;2024
Decisi¢n;Herrera;Ley 45 de 2007;45320;Ene 24;Rescindir contrato;SKY PANAMµ;Tv por cable;;;20;Desistimiento;;45411;Abri 24;2024;2024
Decisi¢n;Herrera;Ley 45 de 2007;45307;Ene 24;Incumplimiento de garant°a;CAMPOTENCIA, S.A.;Agroquimicos;;;400;Desistimiento/Devoluci¢n;400;45317;Ene 24;2024;2024
Veh°culo a Motor;Los Santos;Ley 14 de 2018;45302;Ene 24;Da§os y perjuicios;ESTACION JESUS NAZARENO;Estaciones de gasolinas;Toyota;Auto;3667.83;En proceso;;;;;2024
Decisi¢n;Los Santos;Ley 45 de 2007;45310;Ene 24;Rescindir contrato;SKY PANAMµ;Tv por cable;;;37.26;Desistimiento;;45393;Abri 24;2024;2024
Decisi¢n;Los Santos;Ley 45 de 2007;45313;Ene 24;Rescindir contrato;SKY PANAMµ;Tv por cable;;;12;Desistimiento;;45369;Mar 24;2024;2024
Veh°culo a Motor;Veraguas;Ley 14 de 2018;45309;Ene 24;Incumplimiento de garant°a;COPAMA, S.A.;Agencia de autos;MG;Auto;21995;Desistimiento;;45573;Oct 24;2024;2024
Decisi¢n;Veraguas;Ley 45 de 2007;45295;Ene 24;Falta de informaci¢n;ITALGRES PANAMA, S.A.;AlmacÇn por departamentos;;;1668.54;En proceso;;;;;2024
Decisi¢n;Veraguas;Ley 45 de 2007;45303;Ene 24;Incumplimiento de garant°a;EL IMAN PODEROSO;AlmacÇn por departamentos;;;320.99;Desistimiento/Devoluci¢n;320.99;45377;Mar 24;2024;2024
Decisi¢n;Veraguas;Ley 45 de 2007;45307;Ene 24;Incumplimiento de garant°a;FUTURE MOBILE, S.A.;Computadoras;;Laptop;181.9;Desistimiento/Devoluci¢n;181.9;45377;Mar 24;2024;2024
Decisi¢n;Veraguas;Ley 45 de 2007;45307;Ene 24;Resoluci¢n de contrato;SKY PANAMµ;Tv por cable;;;44.66;Desistimiento;;45464;Jun 24;2024;2024
Decisi¢n;Veraguas;Ley 45 de 2007;45314;Ene 24;Resoluci¢n de contrato;CABLE & WIRELESS PANAMµ;Telefonia;;;54.23;Acuerdo en audiencia/Varios;;45464;Jun 24;2024;2024
Decisi¢n;Veraguas;Ley 45 de 2007;45321;Ene 24;Falta de informaci¢n;INVERSIONES EL CREPÈSCULO, S.A.;Funerarias;;;24;Desistimiento;;45464;Jun 24;2024;2024
Decisi¢n;Veraguas;Ley 45 de 2007;45321;Ene 24;Resoluci¢n de contrato;CLARO PANAMµ;Celulares;;;33.62;Acuerdo en audiencia/Varios;;45464;Jun 24;2024;2024
Veh°culo a Motor;Pm† Oeste;Ley 14 de 2018;45294;Ene 24;Incumplimiento de garant°a;EXCEL AUTOMOTRIZ;Agencia de autos;Nissan;Auto;29000;En proceso;;;;;2024
Decisi¢n;Pm† Oeste;Ley 45 de 2007;45294;Ene 24;Resoluci¢n de contrato;SKY PANAMµ;Tv por cable;;;67.25;Desistimiento;;45393;Abri 24;2024;2024
Decisi¢n;Pm† Oeste;Ley 45 de 2007;45295;Ene 24;Resoluci¢n de contrato;COMERCIALIZADORA HOTELERA, S.A.;Inmobiliarias;;;350;En proceso;;;;;2024
Decisi¢n;Pm† Oeste;Ley 45 de 2007;45296;Ene 24;Falta de informaci¢n;ASHLEY;AlmacÇn por departamentos;;Juego de recamara;374.51;Desistimiento/Devoluci¢n;374.51;45349;Feb 24;2024;2024
Decisi¢n;Pm† Oeste;Ley 45 de 2007;45299;Ene 24;Incumplimiento de servicio;TICKET PLUS;Eventos art°sticos;;;150.4;En proceso;;;;;2024
Decisi¢n;Pm† Oeste;Ley 45 de 2007;45302;Ene 24;Incumplimiento de garant°a;ÈNICA;ElectrodomÇsticos/equipos electr¢nicos;Panasonic;Aire acondicionado;749;Desistimiento;;45351;Feb 24;2024;2024
Decisi¢n;Pm† Oeste;Ley 45 de 2007;45302;Ene 24;Incumplimiento de garant°a;ÈNICA;ElectrodomÇsticos/equipos electr¢nicos;Mabe;Refrigeradora;727.6;Acuerdo en audiencia/Reemplazo;;45453;Jun 24;2024;2024
Decisi¢n;Pm† Oeste;Ley 45 de 2007;45303;Ene 24;Incumplimiento de garant°a;MULTIMAX;ElectrodomÇsticos/equipos electr¢nicos;Samsung;Refrigeradora;609.99;Desistimiento;;45453;Jun 24;2024;2024
Decisi¢n;Pm† Oeste;Ley 45 de 2007;45306;Ene 24;Falta de informaci¢n;VENDELA, S.A.;AlmacÇn por departamentos;;;10.7;Desistimiento/Devoluci¢n;10.7;45393;Abri 24;2024;2024
Decisi¢n;Pm† Oeste;Ley 45 de 2007;45310;Ene 24;Incumplimiento de garant°a;EXPOJOYAS;Joyer°a/Relojer°as;;;120;En proceso;;;;;2024
Decisi¢n;Pm† Oeste;Ley 45 de 2007;45313;Ene 24;Incumplimiento de servicio;UNIVERSIDAD AMERICANA;Universidad;;;230;Desistimiento;;45393;Abri 24;2024;2024
Decisi¢n;Pm† Oeste;Ley 45 de 2007;45313;Ene 24;Falta de informaci¢n;ALMACEN MULTI OFERTAS;AlmacÇn por departamentos;Nisato;Estufa;192.59;Acuerdo en audiencia/Entrega del bien;;45453;Jun 24;2024;2024
Decisi¢n;Pm† Oeste;Ley 45 de 2007;45316;Ene 24;Incumplimiento de contrato;NATURAL ENGLISH;Cursos de inglÇs;;;1800;En proceso;;;;;2024
Decisi¢n;Pm† Oeste;Ley 45 de 2007;45320;Ene 24;Resoluci¢n de contrato;DIGICEL;Celulares;;Celular;13.44;En proceso;;;;;2024
Decisi¢n;Pm† Oeste;Ley 45 de 2007;45320;Ene 24;Incumplimiento de servicio;DOCTOR MED CENTRO MEDICO;Cl°nicas/ Hospitales;;;175;En proceso;;;;;2024
Decisi¢n;Pm† Oeste;Ley 45 de 2007;45321;Ene 24;Incumplimiento de garant°a;EL COSTO;AlmacÇn por departamentos;;;128.39;Desistimiento/Devoluci¢n;128.39;45393;Abri 24;2024;2024
Decisi¢n;Pm† Oeste;Ley 45 de 2007;45322;Ene 24;Incumplimiento de servicio;PGT LOGISTICS;Ventas por internet;Iphone;Celular;1282.93;En proceso;;;;;2024
Decisi¢n;Panam†;Ley 45 de 2007;45350;Feb 24;Venta enga§osa;VOLCAN HEIGHTS, S.A.;Inmobiliarias;;Vivienda;5000;Acuerdo en audiencia/Varios;;45622;Nov 24;2024;2024
Decisi¢n;Panam†;Ley 45 de 2007;45331;Feb 24;Venta enga§osa;VOLCAN HEIGHTS, S.A.;Inmobiliarias;;Vivienda;45.8;En proceso;;;;;2024
Decisi¢n;Panam†;Ley 45 de 2007;45331;Feb 24;Incumplimiento de garant°a;MUNDO TECHNO;Celulares;;Celular;211.5;En proceso;;;;;2024
Veh°culo a Motor;Panam†;Ley 14 de 2018;45324;Feb 24;Incumplimiento de garant°a;CAR POINT, S.A.;Venta de autos usados;Nissan;Auto;7300;En proceso;;;;;2024
Veh°culo a Motor;Panam†;Ley 14 de 2018;45323;Feb 24;Incumplimiento de servicio;GM CARS SERVICES;Taller de reparaci¢n de autos;Toyota;Auto;1900;En proceso;;;;;2024
Veh°culo a Motor;Panam†;Ley 14 de 2018;45324;Feb 24;Incumplimiento de garant°a;GRUPO SILABA Y GRUPO Q;Agencia de autos;Chevrolet;Auto;20365;En proceso;;;;;2024
Veh°culo a Motor;Panam†;Ley 14 de 2018;45324;Feb 24;Custodia de bien;TALLER DE CHAPISTERIA Y PINTURA JMOSQUERA;Taller de reparaci¢n de autos;Nissan;Auto;4880.17;En proceso;;;;;2024
Veh°culo a Motor;Panam†;Ley 14 de 2018;45327;Feb 24;Incumplimiento de garant°a;GRUPO SILABA;Agencia de autos;KIA;Auto;655.23;En proceso;;;;;2024
Veh°culo a Motor;Panam†;Ley 14 de 2018;45327;Feb 24;Incumplimiento de garant°a;CONSULTENOS, S.A.;Venta de autos usados;Audi;Auto;9000;Transacci¢n extrajudicial;;45470;Jun 24;2024;2024
Veh°culo a Motor;Panam†;Ley 14 de 2018;45327;Feb 24;Incumplimiento de servicio;AIRE POLAR;Taller de reparaci¢n de autos;Nissan;Auto;1530;En proceso;;;;;2024
Veh°culo a Motor;Panam†;Ley 14 de 2018;45329;Feb 24;Incumplimiento de servicio;COMPA•÷A GENERAL DE TRANSPORTE (CGT), S.A.;Taller de reparaci¢n de autos;Mazda;Auto;232.73;En proceso;;;;;2024
Veh°culo a Motor;Panam†;Ley 14 de 2018;45329;Feb 24;Incumplimiento de servicio;OEM STORE PANAMµ;Taller de reparaci¢n de autos;Land Rover;Auto;2941.45;En proceso;;;;;2024
Veh°culo a Motor;Panam†;Ley 14 de 2018;45330;Feb 24;Incumplimiento de garant°a;MEGA CAR;Venta de autos usados;Nissan;Auto;2033;Acuerdo en audiencia/Varios;;45476;Jul 24;2024;2024
Veh°culo a Motor;Panam†;Ley 14 de 2018;45337;Feb 24;Falta de informaci¢n;TAXICOL;Repuestos para autos;KIA;Auto;55;Acuerdo en audiencia/Devoluci¢n de dinero;55;45426;May 24;2024;2024
Veh°culo a Motor;Panam†;Ley 14 de 2018;45342;Feb 24;Falta de informaci¢n;CAPITAL CAR CASH CORP;Venta de autos usados;Hyundai;Auto;4170;Desistimiento;;45383;Abri 24;2024;2024
Veh°culo a Motor;Panam†;Ley 14 de 2018;45342;Feb 24;Incumplimiento de garant°a;ROCK CARS AUTOS USADOS;Venta de autos usados;BMW;Auto;13500;En proceso;;;;;2024
Veh°culo a Motor;Panam†;Ley 14 de 2018;45343;Feb 24;Incumplimiento de garant°a;CMG MOTORS GROUP;Venta de autos usados;Toyota;Auto;19180;En proceso;;;;;2024
Veh°culo a Motor;Panam†;Ley 14 de 2018;45345;Feb 24;Incumplimiento de garant°a;RTR MOTOR SPORTS, S.A.;Agencia de autos;KTM;Moto;5999;Pendiente constancia desistimiento;;45537;Sep 24;2024;2024
Veh°culo a Motor;Panam†;Ley 14 de 2018;45348;Feb 24;Incumplimiento de servicio;TALLER LJ LOO;Taller de reparaci¢n de autos;Toyota;Auto;2300;En proceso;;;;;2024
Veh°culo a Motor;Panam†;Ley 14 de 2018;45350;Feb 24;Incumplimiento de garant°a;CHAMPION MOTORS;Venta de autos usados;Suzuki;Auto;7190;Acuerdo en audiencia/Devoluci¢n de dinero;7190;45462;Jun 24;2024;2024
Veh°culo a Motor;Panam†;Ley 14 de 2018;45351;Feb 24;Incumplimiento de servicio;SERVICENTRO VICENTE, S.A.;Taller de reparaci¢n de autos;Hyundai;Auto;1690.32;En proceso;;;;;2024
Veh°culo a Motor;Panam†;Ley 14 de 2018;45351;Feb 24;Falta de informaci¢n;ING CARS, S.A.;Alquiler de autos;Hyundai;Auto;100;Acuerdo en audiencia/Devoluci¢n de dinero;100;45418;May 24;2024;2024
Decisi¢n;Panam†;Ley 45 de 2007;45328;Feb 24;Falta de informaci¢n;D H L PANAMA, S.A.;Servicio de intermediaci¢n;;;4056.63;Resoluci¢n/Devoluci¢n;3736.63;45468;Jun 24;2024;2024
Decisi¢n;Panam†;Ley 45 de 2007;45328;Feb 24;Falta de informaci¢n;INVERSIONES EL CREPÈSCULO, S.A.;Funerarias;;;24;Desistimiento;;45357;Mar 24;2024;2024
Decisi¢n;Panam†;Ley 45 de 2007;45328;Feb 24;Falta de informaci¢n;INVERSIONES EL CREPÈSCULO, S.A.;Funerarias;;;24;Pendiente constancia desistimiento;;45351;Feb 24;2024;2024
Decisi¢n;Panam†;Ley 45 de 2007;45328;Feb 24;Vicio oculto;FONDOS FINANCIEROS GLOBALES, S.A.;Financieras;;Apartamento;3763.6;Transacci¢n extrajudicial;3763.6;45442;May 24;2024;2024
Decisi¢n;Panam†;Ley 45 de 2007;45328;Feb 24;Falta de informaci¢n;GOLIAH GROUP PANAMA, S.A.;Agencias de viajes;;;2340;Resoluci¢n/Devoluci¢n;2340;45489;Jul 24;2024;2024
Decisi¢n;Panam†;Ley 45 de 2007;45328;Feb 24;Falta de informaci¢n;MEDICA IMPORT;AlmacÇn por departamentos;;Sillas;229.95;En proceso;;;;;2024
Decisi¢n;Panam†;Ley 45 de 2007;45328;Feb 24;Falta de informaci¢n;COPA AIRLINES;L°neas aÇreas;;;211.67;Transacci¢n extrajudicial;205.37;45362;Mar 24;2024;2024
Decisi¢n;Panam†;Ley 45 de 2007;45328;Feb 24;Falta de informaci¢n;INVERSIONES EL CREPÈSCULO, S.A.;Funerarias;;;24;Desistimiento;;45357;Mar 24;2024;2024
Decisi¢n;Panam†;Ley 45 de 2007;45328;Feb 24;Falta de informaci¢n;CIRCUIT SERVICES, S.A.;Muebler°as;;Mesa comedor;911;Acuerdo en audiencia/Devoluci¢n de dinero;350;45398;Abri 24;2024;2024
Decisi¢n;Panam†;Ley 45 de 2007;45328;Feb 24;Falta de informaci¢n;RASTRO MULTIMOTORES;Repuestos para autos;Hyundai;Auto;1177;Resoluci¢n no acceder;;45435;May 24;2024;2024
Decisi¢n;Panam†;Ley 45 de 2007;45328;Feb 24;Falta de informaci¢n;UNIVERSIDAD LATINA DE PANAMµ;Universidad;;;1523.42;Acuerdo en audiencia/Varios;1523.42;45378;Mar 24;2024;2024
Decisi¢n;Panam†;Ley 45 de 2007;45328;Feb 24;Falta de informaci¢n;INVERSIONES EL CREPÈSCULO, S.A.;Funerarias;;;20;Resoluciones/Varios;;45387;Abri 24;2024;2024
Decisi¢n;Panam†;Ley 45 de 2007;45328;Feb 24;Falta de informaci¢n;INVERSIONES EL CREPÈSCULO, S.A.;Funerarias;;;26;Pendiente constancia desistimiento;;45356;Mar 24;2024;2024
Decisi¢n;Panam†;Ley 45 de 2007;45328;Feb 24;Falta de informaci¢n;TRAVEL AND EVENTS, S.A.;Agencias de viajes;;;2499;Acuerdo en audiencia/Devoluci¢n de dinero;2499;45387;Abri 24;2024;2024
Decisi¢n;Panam†;Ley 45 de 2007;45328;Feb 24;Incumplimiento de contrato;TIGO PANAMµ;Tv por cable;;;25.2;Pendiente constancia desistimiento;;45357;Mar 24;2024;2024
Decisi¢n;Panam†;Ley 45 de 2007;45329;Feb 24;Resoluci¢n de contrato;SKY PANAMµ;Tv por cable;;;32.48;Acuerdo en audiencia/Varios;;45378;Mar 24;2024;2024
Decisi¢n;Panam†;Ley 45 de 2007;45344;Feb 24;Resoluci¢n de contrato;INVERSIONES EL CREPÈSCULO, S.A.;Funerarias;;;1488;Abandono;;45475;Jul 24;2024;2024
Decisi¢n;Panam†;Ley 45 de 2007;45330;Feb 24;Cobro indebido;UNIVERSIDAD LATINA DE PANAMµ;Universidad;;;1196.79;Acuerdo en audiencia/Devoluci¢n de dinero;913.84;45399;Abri 24;2024;2024
Decisi¢n;Panam†;Ley 45 de 2007;45329;Feb 24;Falta de informaci¢n;INVERSIONES EL CREPÈSCULO, S.A.;Funerarias;;;31;Desistimiento;;45356;Mar 24;2024;2024
Decisi¢n;Panam†;Ley 45 de 2007;45329;Feb 24;Incumplimiento de garant°a;E-VISION;ElectrodomÇsticos/equipos electr¢nicos;LG;Lavadora;649.44;Pendiente constancia desistimiento;;45369;Mar 24;2024;2024
Decisi¢n;Panam†;Ley 45 de 2007;45329;Feb 24;Falta de informaci¢n;COPA AIRLINES;L°neas aÇreas;;;355.07;Acuerdo en audiencia/Devoluci¢n de dinero;355.07;45406;Abri 24;2024;2024
Decisi¢n;Panam†;Ley 45 de 2007;45329;Feb 24;Incumplimiento de servicio;FATS SERVICES CENTERS;Repuestos y reparaciones (talleres varios no autos);;;230.05;Pendiente constancia desistimiento;;45356;Mar 24;2024;2024
Decisi¢n;Panam†;Ley 45 de 2007;45330;Feb 24;Falta de informaci¢n;PROMOTORA CPM, S.A.;Inmobiliarias;;;1500;Resoluciones/Varios;;45527;Ago 24;2024;2024
Decisi¢n;Panam†;Ley 45 de 2007;45330;Feb 24;Incumplimiento de garant°a;INVERGLASS PANAMA;AlmacÇn por departamentos;;;79.2;Desistimiento;;45391;Abri 24;2024;2024
Decisi¢n;Panam†;Ley 45 de 2007;45330;Feb 24;Incumplimiento de servicio;WINGO;L°neas aÇreas;;;424.03;Resoluci¢n no acceder;;45425;May 24;2024;2024
Decisi¢n;Panam†;Ley 45 de 2007;45331;Feb 24;Falta de informaci¢n;TU BIENESTAR COMPANY, S.A.;Funerarias;;;24;Desistimiento;;45370;Mar 24;2024;2024
Decisi¢n;Panam†;Ley 45 de 2007;45331;Feb 24;Falta de informaci¢n;INVERSIONES EL CREPÈSCULO, S.A.;Funerarias;;;24;Desistimiento;;45372;Mar 24;2024;2024
Decisi¢n;Panam†;Ley 45 de 2007;45331;Feb 24;Incumplimiento de servicio;SERVICENTRO PLAZA TOCUMEN;Repuestos y reparaciones (talleres varios no autos);;Refrigeradora;251.45;Desistimiento;;45350;Feb 24;2024;2024
Decisi¢n;Panam†;Ley 45 de 2007;45344;Feb 24;Devoluci¢n de dinero;UNIVERSIDAD INTERAMERICANA DE PANAMµ;Universidad;;;1030;Desistimiento/Devoluci¢n;1030;45610;Nov 24;2024;2024
Decisi¢n;Panam†;Ley 45 de 2007;45337;Feb 24;Custodia de bien;FASTBOX;Servicio de intermediaci¢n;;Reloj;749;Acuerdo en audiencia/Entrega del bien;;45358;Mar 24;2024;2024
Decisi¢n;Panam†;Ley 45 de 2007;45337;Feb 24;Incumplimiento de servicio;TICKET PLUS;Eventos art°sticos;;;45.78;Pendiente constancia desistimiento;;45390;Abri 24;2024;2024
Decisi¢n;Panam†;Ley 45 de 2007;45341;Feb 24;Resoluci¢n de contrato;SKY PANAMµ;Tv por cable;;;20;Abandono;;45462;Jun 24;2024;2024
Decisi¢n;Panam†;Ley 45 de 2007;45341;Feb 24;Incumplimiento de garant°a;EL FUERTE;Supermercados;Samsung;Micro-onda;96.29;Pendiente constancia desistimiento;;45398;Abri 24;2024;2024
Decisi¢n;Panam†;Ley 45 de 2007;45341;Feb 24;Incumplimiento de garant°a;ZULIAYA, S.A.;AlmacÇn por departamentos;;Abanico;13.9;Ordena correcci¢n;;45436;May 24;2024;2024
Decisi¢n;Panam†;Ley 45 de 2007;45342;Feb 24;Incumplimiento de garant°a;MUEBLES DEL PAC÷FICO, S.A.;Muebler°a/equipo electr¢nico;;Lavadora;185;Desistimiento;;45356;Mar 24;2024;2024
Decisi¢n;Panam†;Ley 45 de 2007;45348;Feb 24;Incumplimiento de garant°a;PRICESMART;Supermercados;;Freidora;60.97;Pendiente constancia desistimiento;;45420;May 24;2024;2024
Decisi¢n;Panam†;Ley 45 de 2007;45342;Feb 24;Incumplimiento de servicio;SU-PER-KLIN;Lavander°as o lavam†ticos;;;254.9;En proceso;;;;;2024
Decisi¢n;Panam†;Ley 45 de 2007;45344;Feb 24;Cobro indebido;UBER;Servicios de transporte particular;;;30.44;Transacci¢n extrajudicial;;45406;Abri 24;2024;2024
Decisi¢n;Panam†;Ley 45 de 2007;45344;Feb 24;Incumplimiento de servicio;TICKET PLUS;Eventos art°sticos;;;96.5;Acuerdo en audiencia/Devoluci¢n de dinero;96.5;45582;Oct 24;2024;2024
Decisi¢n;Panam†;Ley 45 de 2007;45342;Feb 24;Falta de informaci¢n;INVERSIONES EL CREPÈSCULO, S.A.;Funerarias;;;22;Desistimiento;;45366;Mar 24;2024;2024
Decisi¢n;Panam†;Ley 45 de 2007;45342;Feb 24;Falta de informaci¢n;INVERSIONES EL CREPÈSCULO, S.A.;Funerarias;;;22;Desistimiento;;45366;Mar 24;2024;2024
Decisi¢n;Panam†;Ley 45 de 2007;45342;Feb 24;Falta de informaci¢n;INVERSIONES EL CREPÈSCULO, S.A.;Funerarias;;;24;Desistimiento;;45366;Mar 24;2024;2024
Decisi¢n;Panam†;Ley 45 de 2007;45345;Feb 24;Cobro indebido;BODAPHONE;Celulares;Iphone;Celular;63;Pendiente constancia desistimiento;;45379;Mar 24;2024;2024
Decisi¢n;Panam†;Ley 45 de 2007;45345;Feb 24;Incumplimiento de servicio;DECOEURO, S.A.;Servicios de instalaci¢n;;;1337.62;Ministerio P£blico;;45408;Abri 24;2024;2024
Decisi¢n;Panam†;Ley 45 de 2007;45345;Feb 24;Incumplimiento de garant°a;GAES PANAMA, S.A.;Cl°nicas/ Hospitales;;Audifonos;2295;Acuerdo en audiencia/Reemplazo;;45442;May 24;2024;2024
Decisi¢n;Panam†;Ley 45 de 2007;45348;Feb 24;Incumplimiento de garant°a;TICKET PLUS;Eventos art°sticos;;;96.3;En proceso;;;;;2024
Decisi¢n;Panam†;Ley 45 de 2007;45351;Feb 24;Devoluci¢n de dinero;PROMOTORA CASAS PACIFICAS;Inmobiliarias;;Vivienda;818;En proceso;;;;;2024
Decisi¢n;Panam†;Ley 45 de 2007;45344;Feb 24;Incumplimiento de garant°a;TOP TECHNOLOGY, S.A.;Celulares;;;299.6;Resoluci¢n/Reemplazo;;45433;May 24;2024;2024
Decisi¢n;Panam†;Ley 45 de 2007;45344;Feb 24;Falta de informaci¢n;INVERSIONES EL CREPÈSCULO, S.A.;Funerarias;;;24;Desistimiento;;45390;Abri 24;2024;2024
Decisi¢n;Panam†;Ley 45 de 2007;45348;Feb 24;Resoluci¢n de contrato;SKY PANAMµ;Tv por cable;;;32.9;Acuerdo en audiencia/Varios;;45412;Abri 24;2024;2024
Decisi¢n;Panam†;Ley 45 de 2007;45344;Feb 24;Incumplimiento de garant°a;OPTIGLASS, S.A.;Opticas;;Lentes;187.26;Resoluci¢n/Devoluci¢n;187.26;45579;Oct 24;2024;2024
Decisi¢n;Panam†;Ley 45 de 2007;45348;Feb 24;Falta de informaci¢n;INVERSIONES EL CREPÈSCULO, S.A.;Funerarias;;;24;Desistimiento;;45376;Mar 24;2024;2024
Decisi¢n;Panam†;Ley 45 de 2007;45351;Feb 24;Incumplimiento de garant°a;BODAPHONE;Celulares;;Celular;1080;Resoluci¢n/Reemplazo;;45589;Oct 24;2024;2024
Decisi¢n;Panam†;Ley 45 de 2007;45348;Feb 24;Incumplimiento de servicio;SERVICIOS RP MARIA;Repuestos y reparaciones (talleres varios no autos);;Refrigeradora;196.83;Desistimiento/Devoluci¢n;196.83;45400;Abri 24;2024;2024
Decisi¢n;Panam†;Ley 45 de 2007;45348;Feb 24;Falta de informaci¢n;INVERSIONES EL CREPÈSCULO, S.A.;Funerarias;;;31;Desistimiento;;45369;Mar 24;2024;2024
Decisi¢n;Panam†;Ley 45 de 2007;45351;Feb 24;Incumplimiento de garant°a;E-VISION;ElectrodomÇsticos/equipos electr¢nicos;;;1068.88;Desistimiento;;45391;Abri 24;2024;2024
Decisi¢n;Panam†;Ley 45 de 2007;45351;Feb 24;Incumplimiento de servicio;TTARAM SPA;Centros de estÇticas;;;224.37;Corregidur°a/Casa de Justicia Comunitaria de Paz;;45425;May 24;2024;2024
Decisi¢n;Panam†;Ley 45 de 2007;45351;Feb 24;Falta de informaci¢n;INVERSIONES EL CREPÈSCULO, S.A.;Funerarias;;;24;Desistimiento;;45387;Abri 24;2024;2024
Decisi¢n;Panam†;Ley 45 de 2007;45351;Feb 24;Falta de informaci¢n;COLOMBIA TOURS, S.A.;Agencias de viajes;;;3703.6;En proceso;;;;;2024
Decisi¢n;Panam†;Ley 45 de 2007;45351;Feb 24;Incumplimiento de servicio;AEXPRESS CARGO, S.A.;Ventas por internet;;Lentes;158.14;Desistimiento/Devoluci¢n;158.14;45391;Abri 24;2024;2024
Decisi¢n;Panam†;Ley 45 de 2007;45351;Feb 24;Incumplimiento de servicio;PORTEX LOGISTICS, S.A.;Ventas por internet;;Sofa cama;3568;En proceso;;;;;2024
Decisi¢n;Panam†;Ley 45 de 2007;45351;Feb 24;Falta de informaci¢n;INVERSIONES EL CREPÈSCULO, S.A.;Funerarias;;;24;Resoluciones/Varios;;45401;Abri 24;2024;2024
Decisi¢n;Panam†;Ley 45 de 2007;45351;Feb 24;Falta de informaci¢n;INVERSIONES EL CREPÈSCULO, S.A.;Funerarias;;;24;Resoluciones/Varios;;45419;May 24;2024;2024
Decisi¢n;Panam†;Ley 45 de 2007;45351;Feb 24;Incumplimiento de servicio;TAPIMUEBLES PTY;F†bricas de muebles;;Juego de sala;540;Corregidur°a/Casa de Justicia Comunitaria de Paz;;45425;May 24;2024;2024
Decisi¢n;Panam†;Ley 45 de 2007;45351;Feb 24;Incumplimiento de servicio;PANAMA ROBOTICS INSTITUTE CHITRE, S.A.;Escuelas / colegio;;;120;Corregidur°a/Casa de Justicia Comunitaria de Paz;;45433;May 24;2024;2024
Decisi¢n;Panam†;Ley 45 de 2007;45351;Feb 24;Falta de informaci¢n;INVERSIONES EL CREPÈSCULO, S.A.;Funerarias;;;24;Desistimiento;;45377;Mar 24;2024;2024
Decisi¢n;Panam†;Ley 45 de 2007;45351;Feb 24;Falta de informaci¢n;INVERSIONES EL CREPÈSCULO, S.A.;Funerarias;;;26;Resoluciones/Varios;;45401;Abri 24;2024;2024
Decisi¢n;Panam†;Ley 45 de 2007;45351;Feb 24;Incumplimiento de servicio;BRANDING OVERSEAS, S.A.;Distribuidoras e importadoras;;;54.57;Desistimiento;;45608;Nov 24;2024;2024
Decisi¢n;Panam†;Ley 45 de 2007;45351;Feb 24;Incumplimiento de garant°a;FOTO SONIDO;ElectrodomÇsticos/equipos electr¢nicos;;Aire acondicionado;410;Pendiente constancia desistimiento;;45399;Abri 24;2024;2024
Decisi¢n;Panam†;Ley 45 de 2007;45351;Feb 24;Cl†usula abusiva;ARATERA, S.A.;Celulares;;;155.15;Resoluci¢n no acceder;;45579;Oct 24;2024;2024
Decisi¢n;Panam†;Ley 45 de 2007;45351;Feb 24;Incumplimiento de garant°a;MULTIMARKET 24 HRS;ElectrodomÇsticos/equipos electr¢nicos;;Reloj;55;Acuerdo en audiencia/Devoluci¢n de dinero;55;45422;May 24;2024;2024
Decisi¢n;Panam†;Ley 45 de 2007;45351;Feb 24;Falta de informaci¢n;INVERSIONES EL CREPÈSCULO, S.A.;Funerarias;;;24;Pendiente constancia desistimiento;;45394;Abri 24;2024;2024
Decisi¢n;Panam†;Ley 45 de 2007;45341;Feb 24;Resoluci¢n de contrato;SKY PANAMµ;Tv por cable;;;22;Acuerdo en audiencia/Varios;;45391;Abri 24;2024;2024
Decisi¢n;Panam†;Ley 45 de 2007;45342;Feb 24;Incumplimiento de garant°a;CASA CONFORT, S.A. Y CENTRO DE SERVICIO SANKEY;Muebler°a/equipo electr¢nico;Sankey;Refrigeradora;533.93;Desistimiento;;45351;Feb 24;2024;2024
Decisi¢n;Panam†;Ley 45 de 2007;45343;Feb 24;Falta de informaci¢n;INVERSIONES EL CREPÈSCULO, S.A.;Funerarias;;;24;Pendiente constancia desistimiento;;45386;Abri 24;2024;2024
Decisi¢n;Panam†;Ley 45 de 2007;45348;Feb 24;Da§os y perjuicios;ELECTRONICA PEKING, S.A.;Repuestos y reparaciones (talleres varios no autos);Samsung;Televisor;156.25;Inhibe;;45468;Jun 24;2024;2024
Decisi¢n;Panam†;Ley 45 de 2007;45348;Feb 24;Incumplimiento de servicio;GLOBAL MOBILE MAGIC CELL;Celulares;Huawei;Celular;30;Desistimiento/Devoluci¢n;30;45378;Mar 24;2024;2024
Decisi¢n;Panam†;Ley 45 de 2007;45349;Feb 24;Devoluci¢n de dinero;VISION FASHION, S.A.;Opticas;;Lentes;295.32;Resoluciones/Varios;254.66;45442;May 24;2024;2024
Decisi¢n;Panam†;Ley 45 de 2007;45323;Feb 24;Falta de informaci¢n;TU BIENESTAR COMPANY, S.A.;Funerarias;;;24;Desistimiento;;45351;Feb 24;2024;2024
Decisi¢n;Panam†;Ley 45 de 2007;45328;Feb 24;Falta de informaci¢n;MULTIMAX;ElectrodomÇsticos/equipos electr¢nicos;Hisense;Televisor;331.67;Pendiente constancia desistimiento;;45363;Mar 24;2024;2024
Decisi¢n;Panam†;Ley 45 de 2007;45330;Feb 24;Incumplimiento de garant°a;PHOTURA;ElectrodomÇsticos/equipos electr¢nicos;Samsung;Lavadora;567.05;Desistimiento;;45369;Mar 24;2024;2024
Decisi¢n;Panam†;Ley 45 de 2007;45338;Feb 24;Falta de informaci¢n;INVERSIONES EL CREPÈSCULO, S.A.;Funerarias;;;31;Pendiente constancia desistimiento;;45377;Mar 24;2024;2024
Decisi¢n;Panam†;Ley 45 de 2007;45342;Feb 24;Falta de informaci¢n;INVERSIONES EL CREPÈSCULO, S.A.;Funerarias;;;24;Desistimiento;;45364;Mar 24;2024;2024
Decisi¢n;Panam†;Ley 45 de 2007;45344;Feb 24;Resoluci¢n de contrato;SKY PANAMµ;Tv por cable;;;26.32;Acuerdo en audiencia/Varios;;45391;Abri 24;2024;2024
Decisi¢n;Panam†;Ley 45 de 2007;45350;Feb 24;Vicio oculto;PRADERAS SAN LORENZO, S.A.;Inmobiliarias;;Vivienda;1346.86;Resoluci¢n no acceder;;45439;May 24;2024;2024
Decisi¢n;Panam†;Ley 45 de 2007;45350;Feb 24;Incumplimiento de servicio;TICKET PLUS;Eventos art°sticos;;;122.5;Desistimiento/Devoluci¢n;107.52;45595;Oct 24;2024;2024
Decisi¢n;Bocas del Toro;Ley 81 de 2009;45343;Feb 24;Resoluci¢n de contrato;SKY PANAMµ;Tv por cable;;Antena;315.6;Desistimiento;;45394;Abri 24;2024;2024
Decisi¢n;Bocas del Toro;Ley 81 de 2009;45345;Feb 24;Resoluci¢n de contrato;SKY PANAMµ;Tv por cable;;Antena;373.44;Desistimiento;;45394;Abri 24;2024;2024
Decisi¢n;CoclÇ;Ley 81 de 2009;45330;Feb 24;Incumplimiento de garant°a;SHOPTEAM .PRO;ElectrodomÇsticos/equipos electr¢nicos;;Celular;500;Desistimiento;;45463;Jun 24;2024;2024
Decisi¢n;CoclÇ;Ley 81 de 2009;45330;Feb 24;Incumplimiento de garant°a;ALMACEN PUNTO MARAVILLOSO;AlmacÇn de ropa y calzados;;;94;En proceso;;;;;2024
Decisi¢n;CoclÇ;Ley 81 de 2009;45341;Feb 24;Falta de informaci¢n;LOS LIRIOS HOTEL AND POOL;Hoteles o planes vacacionales;;;1490;En proceso;;;;;2024
Decisi¢n;CoclÇ;Ley 81 de 2009;45342;Feb 24;Vicio oculto;SANBEL MUEBLES, S.A.;Muebler°a/equipo electr¢nico;;Estufa;589;En proceso;;;;;2024
Decisi¢n;CoclÇ;Ley 81 de 2009;45343;Feb 24;Resoluci¢n de contrato;SKY PANAMµ;Tv por cable;;;28.55;En proceso;;;;;2024
Decisi¢n;CoclÇ;Ley 81 de 2009;45344;Feb 24;Resoluci¢n de contrato;SKY PANAMµ;Tv por cable;;;27.39;Desistimiento;;45463;Jun 24;2024;2024
Decisi¢n;CoclÇ;Ley 81 de 2009;45345;Feb 24;Resoluci¢n de contrato;SKY PANAMµ;Tv por cable;;;48.52;En proceso;;;;;2024
Decisi¢n;CoclÇ;Ley 81 de 2009;45345;Feb 24;Resoluci¢n de contrato;SKY PANAMµ;Tv por cable;;;91.8;Desistimiento;;45463;Jun 24;2024;2024
Decisi¢n;CoclÇ;Ley 81 de 2009;45351;Feb 24;Incumplimiento de contrato;BELLA VISTA PROMOCIONES INMOBILIARIAS, S.A.;Inmobiliarias;;;500;En proceso;;;;;2024
Decisi¢n;Col¢n;Ley 81 de 2009;45342;Feb 24;Falta de informaci¢n;INVERSIONES EL CREPÈSCULO, S.A.;Funerarias;;;22;En proceso;;;;;2024
Decisi¢n;Col¢n;Ley 81 de 2009;45342;Feb 24;Falta de informaci¢n;INVERSIONES EL CREPÈSCULO, S.A.;Funerarias;;;28;En proceso;;;;;2024
Decisi¢n;Col¢n;Ley 81 de 2009;45344;Feb 24;Venta enga§osa;NOVEY;AlmacÇn por departamentos;;Pintura;125.1;En proceso;;;;;2024
Decisi¢n;Col¢n;Ley 81 de 2009;45344;Feb 24;Venta enga§osa;CENTRO DE PINTURA (TIENDA PINTUCO);Pinturas;;Pintura;86.64;En proceso;;;;;2024
Decisi¢n;Col¢n;Ley 81 de 2009;45345;Feb 24;Resoluci¢n de contrato;CABLE & WIRELESS PANAMµ;Tv por cable;;;21;En proceso;;;;;2024
Decisi¢n;Col¢n;Ley 81 de 2009;45348;Feb 24;Falta de informaci¢n;INVERSIONES EL CREPÈSCULO, S.A.;Funerarias;;;24;En proceso;;;;;2024
Veh°culo a Motor;Chiriqu°;Ley 14 de 2018;45337;Feb 24;Incumplimiento de garant°a;GRUPO SILABA;Agencia de autos;Chevrolet;Auto;18560;En proceso;;;;;2024
Veh°culo a Motor;Chiriqu°;Ley 14 de 2018;45338;Feb 24;Incumplimiento de contrato;GRUPO SILABA;Repuestos para autos;Chevrolet;Auto;500;En proceso;;;;;2024
Veh°culo a Motor;Chiriqu°;Ley 14 de 2018;45343;Feb 24;Incumplimiento de garant°a;GRUPO SILABA;Agencia de autos;KIA;Auto;19995;En proceso;;;;;2024
Veh°culo a Motor;Chiriqu°;Ley 14 de 2018;45344;Feb 24;Incumplimiento de servicio;GRUPO SILABA;Agencia de autos;Chevrolet;Auto;17995;En proceso;;;;;2024
Veh°culo a Motor;Chiriqu°;Ley 14 de 2018;45348;Feb 24;Incumplimiento de servicio;GRUPO SILABA;Agencia de autos;Chevrolet;Auto;15795;En proceso;;;;;2024
Decisi¢n;Chiriqu°;Ley 81 de 2009;45328;Feb 24;Devoluci¢n de dinero;TICKET PLUS;Eventos art°sticos;;;365.1;En proceso;;;;;2024
Decisi¢n;Chiriqu°;Ley 81 de 2009;45328;Feb 24;Resoluci¢n de contrato;CABLE & WIRELESS PANAMµ;Telefonia;;;47.28;En proceso;;;;;2024
Decisi¢n;Chiriqu°;Ley 81 de 2009;45328;Feb 24;Devoluci¢n de dinero;BELLA VISTA PROMOCIONES INMOBILIARIAS, S.A.;Inmobiliarias;;;950;Desistimiento;;45464;Jun 24;2024;2024
Decisi¢n;Chiriqu°;Ley 81 de 2009;45329;Feb 24;Resoluci¢n de contrato;SKY PANAMµ;Tv por cable;;;22;Pendiente constancia desistimiento;;45603;Nov 24;2024;2024
Decisi¢n;Chiriqu°;Ley 81 de 2009;45331;Feb 24;Devoluci¢n de dinero;KENÔS SHOP;Celulares;Samsung;Celular;75;En proceso;;;;;2024
Decisi¢n;Chiriqu°;Ley 81 de 2009;45337;Feb 24;Incumplimiento de garant°a;INVERSIONES VHL TIENDAS ONLINE PANAMA;Ventas por internet;;Reloj;25;En proceso;;;;;2024
Decisi¢n;Chiriqu°;Ley 81 de 2009;45342;Feb 24;Resoluci¢n de contrato;SKY PANAMµ;Tv por cable;;;37.87;En proceso;;;;;2024
Decisi¢n;Chiriqu°;Ley 81 de 2009;45343;Feb 24;Devoluci¢n de dinero;PRADERAS DE LA RIVIERA, S.A.;Inmobiliarias;;Vivienda;875;En proceso;;;;;2024
Veh°culo a Motor;Herrera;Ley 14 de 2018;45342;Feb 24;Incumplimiento de garant°a;GRUPO SILABA Y GRUPO Q;Repuestos para autos;Chevrolet;Auto;22;En proceso;;;;;2024
Decisi¢n;Herrera;Ley 81 de 2009;45338;Feb 24;Rescindir contrato;SKY PANAMµ;Tv por cable;;;20;En proceso;;;;;2024
Decisi¢n;Herrera;Ley 81 de 2009;45342;Feb 24;Rescindir contrato;SKY PANAMµ;Tv por cable;;;20;En proceso;;;;;2024
Decisi¢n;Herrera;Ley 81 de 2009;45343;Feb 24;Rescindir contrato;INVERSIONES EL CREPÈSCULO, S.A.;Funerarias;;;24;En proceso;;;;;2024
Decisi¢n;Herrera;Ley 81 de 2009;45343;Feb 24;Rescindir contrato;INVERSIONES EL CREPÈSCULO, S.A.;Funerarias;;;24;En proceso;;;;;2024
Decisi¢n;Herrera;Ley 81 de 2009;45345;Feb 24;Rescindir contrato;SKY PANAMµ;Tv por cable;;;20;En proceso;;;;;2024
Decisi¢n;Herrera;Ley 81 de 2009;45350;Feb 24;Incumplimiento de garant°a;CABLE & WIRELESS PANAMµ;Telefonia;Samsung;Celular;1027.19;En proceso;;;;;2024
Decisi¢n;Herrera;Ley 81 de 2009;45351;Feb 24;Rescindir contrato;SKY PANAMµ;Tv por cable;;;20;En proceso;;;;;2024
Decisi¢n;Los Santos;Ley 81 de 2009;45324;Feb 24;Falta de informaci¢n;SANBEL MUEBLES, S.A.;Muebler°a/equipo electr¢nico;HP;Computadora;627;En proceso;;;;;2024
Decisi¢n;Los Santos;Ley 81 de 2009;45331;Feb 24;Incumplimiento de garant°a;GANGASSS;Muebler°a/equipo electr¢nico;RCA;Congelador;179.75;Acuerdo en audiencia/Devoluci¢n de dinero;;45453;Jun 24;2024;2024
Decisi¢n;Los Santos;Ley 81 de 2009;45341;Feb 24;Incumplimiento de contrato;MUEBLES MI HOGAR;Muebler°as;;Mueble de sala;255;En proceso;;;;;2024
Decisi¢n;Los Santos;Ley 81 de 2009;45342;Feb 24;Incumplimiento de garant°a;TIGO PANAMµ;Telefonia;Iphone;Celular;1283.95;Desistimiento;;45355;Mar 24;2024;2024
Decisi¢n;Veraguas;Ley 81 de 2009;45328;Feb 24;Falta de informaci¢n;INVERSIONES EL CREPÈSCULO, S.A.;Funerarias;;;24;Desistimiento;;45464;Jun 24;2024;2024
Decisi¢n;Veraguas;Ley 81 de 2009;45328;Feb 24;Falta de informaci¢n;INVERSIONES EL CREPÈSCULO, S.A.;Funerarias;;;24;Desistimiento;;45464;Jun 24;2024;2024
Decisi¢n;Veraguas;Ley 81 de 2009;45338;Feb 24;Custodia de bien;MULTISERVICIOS SANTIAGO, S.A.;Repuestos y reparaciones (talleres varios no autos);Hisense;Televisor;513.55;En proceso;;;;;2024
Decisi¢n;Veraguas;Ley 81 de 2009;45341;Feb 24;Anulaci¢n de contrato;CABLE & WIRELESS PANAMµ;Celulares;;;24.94;Acuerdo en audiencia/Varios;;45464;Jun 24;2024;2024
Decisi¢n;Veraguas;Ley 81 de 2009;45342;Feb 24;Resoluci¢n de contrato;CABLE & WIRELESS PANAMµ;Telefonia;;;34.61;Acuerdo en audiencia/Varios;;45610;Nov 24;2024;2024
Decisi¢n;Veraguas;Ley 81 de 2009;45342;Feb 24;Falta de informaci¢n;ETRAVELS;Agencias de viajes;;;210;Desistimiento/Devoluci¢n;210;45610;Nov 24;2024;2024
Decisi¢n;Veraguas;Ley 81 de 2009;45343;Feb 24;Incumplimiento de garant°a;SPIEGEL;AlmacÇn por departamentos;Sankey;Lavadora;139.09;Desistimiento;;45610;Nov 24;2024;2024
Decisi¢n;Veraguas;Ley 81 de 2009;45345;Feb 24;Resoluci¢n de contrato;CABLE & WIRELESS PANAMµ;Celulares;;;70.62;Acuerdo en audiencia/Varios;;45610;Nov 24;2024;2024
Decisi¢n;Veraguas;Ley 81 de 2009;45348;Feb 24;Rescindir contrato;SKY PANAMµ;Tv por cable;;;32.47;Desistimiento;;45610;Nov 24;2024;2024
Veh°culo a Motor;Pm† Oeste;Ley 14 de 2018;45344;Feb 24;Incumplimiento de garant°a;GARAGETE TENAZ;Servicios de instalaci¢n;;Computadora;500;En proceso;;;;;2024
Decisi¢n;Pm† Oeste;Ley 81 de 2009;45324;Feb 24;Resoluci¢n de contrato;TIGO PANAMµ;Tv por cable;;;37;En proceso;;;;;2024
Decisi¢n;Pm† Oeste;Ley 81 de 2009;45327;Feb 24;Incumplimiento de garant°a;VENDELA, S.A.;AlmacÇn por departamentos;;Maquina de coser;16.05;En proceso;;;;;2024
Decisi¢n;Pm† Oeste;Ley 81 de 2009;45329;Feb 24;Incumplimiento de servicio;UNIVERSAL PHOTO;ElectrodomÇsticos/equipos electr¢nicos;;DRON;176.55;En proceso;;;;;2024
Decisi¢n;Pm† Oeste;Ley 81 de 2009;45331;Feb 24;Incumplimiento de servicio;GYPSON PANAMA DECORACION;Remodelaci¢n;;;190;En proceso;;;;;2024
Decisi¢n;Pm† Oeste;Ley 81 de 2009;45337;Feb 24;Resoluci¢n de contrato;CABLE & WIRELESS PANAMµ;Tv por cable;;;28.85;En proceso;;;;;2024
Decisi¢n;Pm† Oeste;Ley 81 de 2009;45337;Feb 24;Incumplimiento de garant°a;ELECTRONICA ORIENTE;ElectrodomÇsticos/equipos electr¢nicos;;;19;En proceso;;;;;2024
Decisi¢n;Pm† Oeste;Ley 81 de 2009;45338;Feb 24;Incumplimiento de servicio;COQUETTE JEWELRY;Joyer°a/Relojer°as;;;875;En proceso;;;;;2024
Decisi¢n;Pm† Oeste;Ley 81 de 2009;45341;Feb 24;Incumplimiento de garant°a;PREMIER;ElectrodomÇsticos/equipos electr¢nicos;Premier;Lavadora;213.99;En proceso;;;;;2024
Decisi¢n;Pm† Oeste;Ley 81 de 2009;45342;Feb 24;Resoluci¢n de contrato;SKY PANAMµ;Tv por cable;;;100.6;En proceso;;;;;2024
Decisi¢n;Pm† Oeste;Ley 81 de 2009;45342;Feb 24;Resoluci¢n de contrato;CABLE & WIRELESS PANAMµ;Tv por cable;;;29.57;En proceso;;;;;2024
Decisi¢n;Pm† Oeste;Ley 81 de 2009;45343;Feb 24;Resoluci¢n de contrato;CABLE & WIRELESS PANAMµ;Tv por cable;;;21;En proceso;;;;;2024
Decisi¢n;Pm† Oeste;Ley 81 de 2009;45348;Feb 24;Incumplimiento de servicio;MCDONALDS;Franquicias;;;11.65;Pendiente constancia desistimiento;;45401;Abri 24;2024;2024
Decisi¢n;Pm† Oeste;Ley 81 de 2009;45349;Feb 24;Incumplimiento de garant°a;MEGA MOVIL S.A.;Celulares;Samsung;Laptop;832;En proceso;;;;;2024
Decisi¢n;Pm† Oeste;Ley 81 de 2009;45350;Feb 24;Incumplimiento de garant°a;ELECTRONICA ORIENTE;Computadoras;Samsung;Laptop;579;En proceso;;;;;2024
Veh°culo a Motor;Panam†;Ley 14 de 2018;45352;Mar 24;Incumplimiento de garant°a;TALIA MOTORS;Venta de autos usados;Hyundai;Auto;13188.61;En proceso;;;;;2024
Veh°culo a Motor;Panam†;Ley 14 de 2018;45352;Mar 24;Incumplimiento de garant°a;CARBONE MOTORS;Agencia de autos;Forthing;Auto;24021.5;En proceso;;;;;2024
Veh°culo a Motor;Panam†;Ley 14 de 2018;45352;Mar 24;Incumplimiento de garant°a;RICARDO PEREZ, S.A.;Agencia de autos;Toyota;Auto;29050;Acuerdo en audiencia/Varios;;45439;May 24;2024;2024
Veh°culo a Motor;Panam†;Ley 14 de 2018;45355;Mar 24;Falta de informaci¢n;TOTAL CARS;Venta de autos usados;Toyota;Auto;5000;En proceso;;;;;2024
Veh°culo a Motor;Panam†;Ley 14 de 2018;45355;Mar 24;Falta de informaci¢n;RICARDO PEREZ, S.A.;Agencia de autos;Toyota;Auto;20996;En proceso;;;;;2024
Veracidad;Panam†;Ley 45 de 2007;45369;Mar 24;Veracidad de la publicidad;GRUPO SILABA;Agencia de autos;;;200;Desistimiento;;45603;Nov 24;2024;2024
Veh°culo a Motor;Panam†;Ley 14 de 2018;45355;Mar 24;Incumplimiento de servicio;TALLER LJ LOO;Taller de reparaci¢n de autos;Toyota;Auto;2976.88;En proceso;;;;;2024
Veh°culo a Motor;Panam†;Ley 14 de 2018;45358;Mar 24;Incumplimiento de servicio;TALLER LEON DE JUDAS, S.A.;Venta de autos usados;Hyundai;Auto;2307;Acuerdo en audiencia/Varios;;45440;May 24;2024;2024
Veh°culo a Motor;Panam†;Ley 14 de 2018;45359;Mar 24;Falta de informaci¢n;VICTORIA EXECUTIVE TOURS;Alquiler de autos;Hyundai;Auto;250;Pendiente constancia desistimiento;;45622;Nov 24;2024;2024
Veh°culo a Motor;Panam†;Ley 14 de 2018;45362;Mar 24;Custodia de bien;AUTO CENTRO;Venta de autos usados;GAC;Auto;640.12;Acuerdo en audiencia/Devoluci¢n de dinero;640.12;45484;Jul 24;2024;2024
Veh°culo a Motor;Panam†;Ley 14 de 2018;45363;Mar 24;Incumplimiento de garant°a;DISTRIBUIDORA DE MOTORES S.A./ FAT CAR;Venta de autos usados;Nissan;Auto;5000;Desistimiento;;45462;Jun 24;2024;2024
Veh°culo a Motor;Panam†;Ley 14 de 2018;45363;Mar 24;Incumplimiento de garant°a;RICARDO PEREZ, S.A.;Agencia de autos;Toyota;Auto;1427.86;Desistimiento;;45415;May 24;2024;2024
Veh°culo a Motor;Panam†;Ley 14 de 2018;45363;Mar 24;Incumplimiento de servicio;TECNOSERVICIOS HIDROMµTICOS PTY;Taller de reparaci¢n de autos;Hyundai;Auto;2700;En proceso;;;;;2024
Veh°culo a Motor;Panam†;Ley 14 de 2018;45364;Mar 24;Incumplimiento de servicio;AUTO CENTRO SAN VICENTE;Taller de reparaci¢n de autos;Hyundai;Auto;839.12;En proceso;;;;;2024
Veh°culo a Motor;Panam†;Ley 14 de 2018;45364;Mar 24;Incumplimiento de garant°a;PANAMOTOR;Agencia de autos;Nissan;Auto;20000;En proceso;;;;;2024
Veh°culo a Motor;Panam†;Ley 14 de 2018;45365;Mar 24;Incumplimiento de garant°a;EMPRESAS CARBONE, S.A.;Agencia de motos;Benelli;Moto;2093.25;Acuerdo en audiencia/Varios;;45463;Jun 24;2024;2024
Veh°culo a Motor;Panam†;Ley 14 de 2018;45365;Mar 24;Vicio oculto;BAVARIAN MOTORS;Agencia de autos;Mini Cooper;Auto;1175.13;Inhibe;;45488;Jul 24;2024;2024
Veh°culo a Motor;Panam†;Ley 14 de 2018;45364;Mar 24;Incumplimiento de garant°a;GRUPO AUTO BUSINESS, S.A.;Venta de autos usados;KIA;Auto;563.84;En proceso;;;;;2024
Veh°culo a Motor;Panam†;Ley 14 de 2018;45365;Mar 24;Incumplimiento de garant°a;GRUPO AUTO COMERCIAL, S.A.;Agencia de autos;GAC;Auto;17500;En proceso;;;;;2024
Veh°culo a Motor;Panam†;Ley 14 de 2018;45366;Mar 24;Incumplimiento de garant°a;DISTRIBUIDORA AUTOMOTRIZ FORTUNE;Agencia de autos;Changan;Auto;20989;En proceso;;;;;2024
Veh°culo a Motor;Panam†;Ley 14 de 2018;45366;Mar 24;Incumplimiento de garant°a;ALBERTS CAR SERVICE;Taller de reparaci¢n de autos;Nissan;Auto;260;Desistimiento;;45429;May 24;2024;2024
Veh°culo a Motor;Panam†;Ley 14 de 2018;45369;Mar 24;Incumplimiento de garant°a;PETROAUTOS, S.A.;Agencia de autos;Hyundai;Auto;687.38;En proceso;;;;;2024
Veh°culo a Motor;Panam†;Ley 14 de 2018;45369;Mar 24;Falta de informaci¢n;BUDGET;Alquiler de autos;Toyota;Auto;701.87;En proceso;;;;;2024
Veh°culo a Motor;Panam†;Ley 14 de 2018;45369;Mar 24;Custodia de bien;ORLYN, S.A.;Estaciones de gasolinas;Geely;Auto;748.7;En proceso;;;;;2024
Veh°culo a Motor;Panam†;Ley 14 de 2018;45371;Mar 24;Incumplimiento de garant°a;AMORTIGUADORES PANAMµ, S.A.;Repuestos para autos;Toyota;Auto;42.44;Acuerdo en audiencia/Varios;;45484;Jul 24;2024;2024
Veh°culo a Motor;Panam†;Ley 14 de 2018;45371;Mar 24;Falta de informaci¢n;EUROPCAR PANAMµ;Alquiler de autos;;Auto;230.57;Desistimiento;;45446;Jun 24;2024;2024
Veh°culo a Motor;Panam†;Ley 14 de 2018;45372;Mar 24;Incumplimiento de garant°a;AUTOPARTES JIMEZCAR;Venta de autos usados;Nissan;Auto;3300;En proceso;;;;;2024
Veh°culo a Motor;Panam†;Ley 14 de 2018;45373;Mar 24;Incumplimiento de servicio;RAYO IMPORT, S.A.;Taller de reparaci¢n de autos;Volkswagen;Auto;5843.88;Inhibe;;45456;Jun 24;2024;2024
Veh°culo a Motor;Panam†;Ley 14 de 2018;45377;Mar 24;Incumplimiento de garant°a;AUTO PARTES ANC‡N;Repuestos para autos;Honda;Auto;267.5;Acuerdo en audiencia/Devoluci¢n de dinero;267.5;45462;Jun 24;2024;2024
Veh°culo a Motor;Panam†;Ley 14 de 2018;45378;Mar 24;Incumplimiento de garant°a;GRUPO SILABA;Agencia de autos;Chevrolet;Auto;18395;En proceso;;;;;2024
Decisi¢n;Panam†;Ley 45 de 2007;45352;Mar 24;Falta de informaci¢n;INVERSIONES EL CREPÈSCULO, S.A.;Funerarias;;;20;Pendiente constancia desistimiento;;45394;Abri 24;2024;2024
Decisi¢n;Panam†;Ley 45 de 2007;45356;Mar 24;Incumplimiento de garant°a;PREMIER;ElectrodomÇsticos/equipos electr¢nicos;;;85.59;Acuerdo en audiencia/Reemplazo;;45387;Abri 24;2024;2024
Decisi¢n;Panam†;Ley 45 de 2007;45357;Mar 24;Incumplimiento de garant°a;TECNO POWER;Celulares;Samsung;Celular;1262.6;Desistimiento;;45366;Mar 24;2024;2024
Decisi¢n;Panam†;Ley 45 de 2007;45357;Mar 24;Cobro indebido;UNIVERSIDAD LATINA DE PANAMµ;Universidad;;;34;Temporal Juez Ejecutor;;45621;Nov 24;2024;2024
Decisi¢n;Panam†;Ley 45 de 2007;45357;Mar 24;Falta de informaci¢n;INVERSIONES EL CREPÈSCULO, S.A.;Funerarias;;;24;Desistimiento;;45377;Mar 24;2024;2024
Decisi¢n;Panam†;Ley 45 de 2007;45358;Mar 24;Incumplimiento de garant°a;MULTIMAX;ElectrodomÇsticos/equipos electr¢nicos;;Laptop;492.17;Pendiente constancia desistimiento;;45398;Abri 24;2024;2024
Decisi¢n;Panam†;Ley 45 de 2007;45357;Mar 24;Incumplimiento de servicio;MOORE DECOR FURNITURE;Muebler°as;;Ventana;250;Pendiente constancia desistimiento;;45387;Abri 24;2024;2024
Decisi¢n;Panam†;Ley 45 de 2007;45358;Mar 24;Resoluci¢n de contrato;CABLE & WIRELESS PANAMµ;Telefonia;;;10.08;Acuerdo en audiencia/Varios;;45450;Jun 24;2024;2024
Decisi¢n;Panam†;Ley 45 de 2007;45358;Mar 24;Falta de informaci¢n;INVERSIONES EL CREPÈSCULO, S.A.;Funerarias;;;24;Pendiente constancia desistimiento;;45390;Abri 24;2024;2024
Decisi¢n;Panam†;Ley 45 de 2007;45359;Mar 24;Resoluci¢n de contrato;MAS MOVIL;Telefonia;;;12;Acuerdo en audiencia/Varios;;45391;Abri 24;2024;2024
Decisi¢n;Panam†;Ley 45 de 2007;45359;Mar 24;Falta de informaci¢n;INVERSIONES EL CREPÈSCULO, S.A.;Funerarias;;;24;Desistimiento;;45378;Mar 24;2024;2024
Decisi¢n;Panam†;Ley 45 de 2007;45359;Mar 24;Incumplimiento de servicio;SKYNET TECHNOLOGY & SERVICE;Celulares;Honor;Celular;42.8;Acuerdo en audiencia/Devoluci¢n de dinero;25;45397;Abri 24;2024;2024
Decisi¢n;Panam†;Ley 45 de 2007;45359;Mar 24;Incumplimiento de servicio;MULTISERVICIOS GOMEZ;Servicios Profesionales;;;294.25;Resoluci¢n no acceder;;45435;May 24;2024;2024
Decisi¢n;Panam†;Ley 45 de 2007;45359;Mar 24;Falta de informaci¢n;INVERSIONES EL CREPÈSCULO, S.A.;Funerarias;;;22;Desistimiento;;45378;Mar 24;2024;2024
Decisi¢n;Panam†;Ley 45 de 2007;45359;Mar 24;Falta de informaci¢n;ONLINE TOURS;Agencias de viajes;;;2296.4;Resoluci¢n/Devoluci¢n;2276.4;45485;Jul 24;2024;2024
Decisi¢n;Panam†;Ley 45 de 2007;45359;Mar 24;Falta de informaci¢n;ONLINE TOURS;Agencias de viajes;;;1707.65;Resoluci¢n/Devoluci¢n;1707.65;45489;Jul 24;2024;2024
Decisi¢n;Panam†;Ley 45 de 2007;45359;Mar 24;Falta de informaci¢n;COMERCIALIZADORA INTERNACIONAL RICHOUX, S.A.;Agencias de viajes;;;1888.55;En proceso;;;;;2024
Decisi¢n;Panam†;Ley 45 de 2007;45359;Mar 24;Incumplimiento de garant°a;EL MACHETAZO;Supermercados;AOC;Refrigeradora;417.25;Pendiente constancia desistimiento;;45399;Abri 24;2024;2024
Decisi¢n;Panam†;Ley 45 de 2007;45359;Mar 24;Incumplimiento de garant°a;COPACOL., S.A.;AlmacÇn por departamentos;Toto;;149.75;Acuerdo en audiencia/Reemplazo;;45398;Abri 24;2024;2024
Decisi¢n;Panam†;Ley 45 de 2007;45362;Mar 24;Incumplimiento de garant°a;GRUPO GT Y ASOCIADOS, S.A.;Servicios Profesionales;;;3800;En proceso;;;;;2024
Decisi¢n;Panam†;Ley 45 de 2007;45362;Mar 24;Falta de informaci¢n;TU BIENESTAR COMPANY, S.A.;Funerarias;;;24;Resoluciones/Varios;;45425;May 24;2024;2024
Decisi¢n;Panam†;Ley 45 de 2007;45362;Mar 24;Falta de informaci¢n;TU BIENESTAR COMPANY, S.A.;Funerarias;;;24;En proceso;;;;;2024
Decisi¢n;Panam†;Ley 45 de 2007;45359;Mar 24;Resoluci¢n de contrato;TU BIENESTAR COMPANY, S.A.;Funerarias;;;2304;Pendiente constancia desistimiento;;45435;May 24;2024;2024
Decisi¢n;Panam†;Ley 45 de 2007;45366;Mar 24;Falta de informaci¢n;TU BIENESTAR COMPANY, S.A.;Funerarias;;;24;Resoluciones/Varios;;45425;May 24;2024;2024
Decisi¢n;Panam†;Ley 45 de 2007;45362;Mar 24;Falta de informaci¢n;TU BIENESTAR COMPANY, S.A.;Funerarias;;;24;Resoluciones/Varios;;45422;May 24;2024;2024
Decisi¢n;Panam†;Ley 45 de 2007;45363;Mar 24;Falta de informaci¢n;TU BIENESTAR COMPANY, S.A.;Funerarias;;;24;Desistimiento;;45387;Abri 24;2024;2024
Decisi¢n;Panam†;Ley 45 de 2007;45362;Mar 24;Falta de informaci¢n;TU BIENESTAR COMPANY, S.A.;Funerarias;;;24;Desistimiento;;45386;Abri 24;2024;2024
Decisi¢n;Panam†;Ley 45 de 2007;45359;Mar 24;Falta de informaci¢n;TU BIENESTAR COMPANY, S.A.;Funerarias;;;24;Resoluciones/Varios;;45422;May 24;2024;2024
Decisi¢n;Panam†;Ley 45 de 2007;45363;Mar 24;Falta de informaci¢n;TU BIENESTAR COMPANY, S.A.;Funerarias;;;26;Resoluciones/Varios;;45422;May 24;2024;2024
Decisi¢n;Panam†;Ley 45 de 2007;45362;Mar 24;Falta de informaci¢n;TU BIENESTAR COMPANY, S.A.;Funerarias;;;24;Resoluciones/Varios;;45429;May 24;2024;2024
Decisi¢n;Panam†;Ley 45 de 2007;45362;Mar 24;Falta de informaci¢n;TU BIENESTAR COMPANY, S.A.;Funerarias;;;24;Resoluciones/Varios;;45422;May 24;2024;2024
Decisi¢n;Panam†;Ley 45 de 2007;45362;Mar 24;Falta de informaci¢n;TU BIENESTAR COMPANY, S.A.;Funerarias;;;24;Resoluciones/Varios;;45422;May 24;2024;2024
Decisi¢n;Panam†;Ley 45 de 2007;45363;Mar 24;Resoluci¢n de contrato;CABLE & WIRELESS PANAMµ;Telefonia;;;21.2;Acuerdo en audiencia/Varios;;45421;May 24;2024;2024
Decisi¢n;Panam†;Ley 45 de 2007;45362;Mar 24;Falta de informaci¢n;TU BIENESTAR COMPANY, S.A.;Funerarias;;;24;Resoluciones/Varios;;45429;May 24;2024;2024
Decisi¢n;Panam†;Ley 45 de 2007;45366;Mar 24;Incumplimiento de garant°a;GAES PANAMA, S.A.;Cl°nicas/ Hospitales;;Audifonos;1948.7;Desistimiento;;45391;Abri 24;2024;2024
Decisi¢n;Panam†;Ley 45 de 2007;45363;Mar 24;Resoluci¢n de contrato;MAGIC TRAVELS TOUR;Hoteles o planes vacacionales;;;999.99;Desistimiento/Devoluci¢n;284.99;45391;Abri 24;2024;2024
Decisi¢n;Panam†;Ley 45 de 2007;45365;Mar 24;Resoluci¢n de contrato;CABLE & WIRELESS PANAMµ;Telefonia;;;10.17;Acuerdo en audiencia/Varios;;45426;May 24;2024;2024
Decisi¢n;Panam†;Ley 45 de 2007;45365;Mar 24;Incumplimiento de garant°a;CELL PLUS;Celulares;Iphone;Celular;290;En proceso;;;;;2024
Decisi¢n;Panam†;Ley 45 de 2007;45365;Mar 24;Falta de informaci¢n;TU BIENESTAR COMPANY, S.A.;Funerarias;;;24;Resoluciones/Varios;;45422;May 24;2024;2024
Decisi¢n;Panam†;Ley 45 de 2007;45369;Mar 24;Incumplimiento de servicio;AMERICAN CONFORT INC.;Ventas de colchones;;Colch¢n;652.59;En proceso;;;;;2024
Decisi¢n;Panam†;Ley 45 de 2007;45371;Mar 24;Custodia de bien;UNO EXPRESS;Transporte (fletes, encomiendas y similares);;;205.04;Desistimiento/Devoluci¢n;285.4;45394;Abri 24;2024;2024
Decisi¢n;Panam†;Ley 45 de 2007;45369;Mar 24;Falta de informaci¢n;INVERSIONES EL CREPÈSCULO, S.A.;Funerarias;;;20;Acuerdo en audiencia/Varios;;45411;Abri 24;2024;2024
Decisi¢n;Panam†;Ley 45 de 2007;45369;Mar 24;Falta de informaci¢n;LOLTEC COMPUTER CORP.;Videojuegos;;;1116.98;Acuerdo en audiencia/Devoluci¢n de dinero;1116.98;45407;Abri 24;2024;2024
Decisi¢n;Panam†;Ley 45 de 2007;45369;Mar 24;Falta de informaci¢n;INVERSIONES EL CREPÈSCULO, S.A.;Funerarias;;;24;Resoluciones/Varios;;45425;May 24;2024;2024
Decisi¢n;Panam†;Ley 45 de 2007;45371;Mar 24;Falta de informaci¢n;CLINICA DE LA TECNOLOGIA;Celulares;;;391.5;Desistimiento;;45559;Sep 24;2024;2024
Decisi¢n;Panam†;Ley 45 de 2007;45369;Mar 24;Incumplimiento de garant°a;JOYERIA SAPIR;Joyer°a/Relojer°as;;;2437;Ordena correcci¢n;;45537;Sep 24;2024;2024
Decisi¢n;Panam†;Ley 45 de 2007;45370;Mar 24;Incumplimiento de garant°a;PROMOTORA STAGE TOWER, S.A.;Inmobiliarias;;Apartamento;736.25;Resoluci¢n/Reparar;;45579;Oct 24;2024;2024
Decisi¢n;Panam†;Ley 45 de 2007;45371;Mar 24;Incumplimiento de garant°a;EL MACHETAZO;Supermercados;;;13.9;Desistimiento/Devoluci¢n;13.9;45391;Abri 24;2024;2024
Decisi¢n;Panam†;Ley 45 de 2007;45371;Mar 24;Falta de informaci¢n;TRAVEL AND EVENTS, S.A.;Agencias de viajes;;;213.6;Desistimiento/Devoluci¢n;213.6;45397;Abri 24;2024;2024
Decisi¢n;Panam†;Ley 45 de 2007;45371;Mar 24;Custodia de bien;IMPORTADORA PRABACH, S.A.;Servicio de intermediaci¢n;;;532.32;Desistimiento;;45399;Abri 24;2024;2024
Decisi¢n;Panam†;Ley 45 de 2007;45370;Mar 24;Incumplimiento de garant°a;FY STORE;Celulares;Samsung;Celular;125;Acuerdo en audiencia/Reemplazo;;45397;Abri 24;2024;2024
Decisi¢n;Panam†;Ley 45 de 2007;45377;Mar 24;Incumplimiento de garant°a;MAXICOOL, S.A.;Servicios de instalaci¢n;;;400;En proceso;;;;;2024
Decisi¢n;Panam†;Ley 45 de 2007;45370;Mar 24;Incumplimiento de garant°a;MOVICOM, S.A.;ElectrodomÇsticos/equipos electr¢nicos;;Monitor;426.93;Desistimiento/Devoluci¢n;426.93;45387;Abri 24;2024;2024
Decisi¢n;Panam†;Ley 45 de 2007;45377;Mar 24;Custodia de bien;IBERIA PANAMµ;L°neas aÇreas;;;622.74;Inhibe;;45471;Jun 24;2024;2024
Decisi¢n;Panam†;Ley 45 de 2007;45377;Mar 24;Falta de informaci¢n;INVERSIONES EL CREPÈSCULO, S.A.;Funerarias;;;20;Desistimiento;;45392;Abri 24;2024;2024
Decisi¢n;Panam†;Ley 45 de 2007;45372;Mar 24;Incumplimiento de garant°a;DISTRIBUIDORA  OMLIN, S.A.;Repuestos y reparaciones (talleres varios no autos);;;485.46;En proceso;;;;;2024
Decisi¢n;Panam†;Ley 45 de 2007;45372;Mar 24;Incumplimiento de garant°a;BODAPHONE;Celulares;;;74.88;Pendiente constancia desistimiento;;45405;Abri 24;2024;2024
Decisi¢n;Panam†;Ley 45 de 2007;45377;Mar 24;Incumplimiento de garant°a;FOTO SONIDO;ElectrodomÇsticos/equipos electr¢nicos;Sankey;Televisor;620.6;Desistimiento/Devoluci¢n;620;45422;May 24;2024;2024
Decisi¢n;Panam†;Ley 45 de 2007;45377;Mar 24;Vicio oculto;BUSINESS STAR PROPERTIES INC.;Inmobiliarias;;Apartamento;210;Resoluci¢n/Reparar;;45579;Oct 24;2024;2024
Decisi¢n;Panam†;Ley 45 de 2007;45377;Mar 24;Resoluci¢n de contrato;CABLE & WIRELESS PANAMµ;Telefonia;;;12;Acuerdo en audiencia/Varios;;45436;May 24;2024;2024
Decisi¢n;Panam†;Ley 45 de 2007;45378;Mar 24;Incumplimiento de garant°a;MULTIMAX;ElectrodomÇsticos/equipos electr¢nicos;Asus;Computadora;534.97;Desistimiento;;45448;Jun 24;2024;2024
Decisi¢n;Panam†;Ley 45 de 2007;45378;Mar 24;Falta de informaci¢n;TICKET PLUS;Eventos art°sticos;;;300.8;En proceso;;;;;2024
Decisi¢n;Panam†;Ley 45 de 2007;45378;Mar 24;Resoluci¢n de contrato;SKY PANAMµ;Tv por cable;;;36.79;Acuerdo en audiencia/Varios;;45450;Jun 24;2024;2024
Decisi¢n;Panam†;Ley 45 de 2007;45378;Mar 24;Incumplimiento de garant°a;TECH & HOUSE;ElectrodomÇsticos/equipos electr¢nicos;Sony;Televisor;1284;Resoluci¢n no acceder;;45485;Jul 24;2024;2024
Decisi¢n;Panam†;Ley 45 de 2007;45378;Mar 24;Falta de informaci¢n;UMICET;Universidad;;;2137.5;Acuerdo en audiencia/Varios;1282;45448;Jun 24;2024;2024
Decisi¢n;Panam†;Ley 45 de 2007;45378;Mar 24;Incumplimiento de contrato;TIGO PANAMµ;Telefonia;;;63.43;Acuerdo en audiencia/Varios;;45406;Abri 24;2024;2024
Decisi¢n;Panam†;Ley 45 de 2007;45378;Mar 24;Falta de informaci¢n;WINGO;L°neas aÇreas;;;163.77;En proceso;;;;;2024
Decisi¢n;Panam†;Ley 45 de 2007;45378;Mar 24;Incumplimiento de garant°a;TEKNOTRON;ElectrodomÇsticos/equipos electr¢nicos;Mystic;Refrigeradora;391.61;Desistimiento/Devoluci¢n;374.5;45511;Ago 24;2024;2024
Decisi¢n;Panam†;Ley 45 de 2007;45378;Mar 24;Vicio oculto;BLARENCO 21, S.A.;Inmobiliarias;;Apartamento;409.85;Resoluci¢n/Devoluci¢n;409.85;45579;Oct 24;2024;2024
Decisi¢n;Panam†;Ley 45 de 2007;45378;Mar 24;Incumplimiento de servicio;MJNREMODELACIONES, S.A.;Servicios Profesionales;;;400;En proceso;;;;;2024
Decisi¢n;Panam†;Ley 45 de 2007;45379;Mar 24;Resoluci¢n de contrato;TIGO PANAMµ;Telefonia;;;22.92;Acuerdo en audiencia/Varios;;45436;May 24;2024;2024
Decisi¢n;Panam†;Ley 45 de 2007;45379;Mar 24;Falta de informaci¢n;INVERSIONES EL CREPÈSCULO, S.A.;Funerarias;;;24;Pendiente constancia desistimiento;;45405;Abri 24;2024;2024
Decisi¢n;Panam†;Ley 45 de 2007;45379;Mar 24;Incumplimiento de servicio;CORPORATE METAL SOLUTIONS, S.A.;Servicios Profesionales;;;1187.7;En proceso;;;;;2024
Decisi¢n;Panam†;Ley 45 de 2007;45355;Mar 24;Falta de informaci¢n;INVERSIONES EL CREPÈSCULO, S.A.;Funerarias;;;22;Desistimiento;;45392;Abri 24;2024;2024
Decisi¢n;Panam†;Ley 45 de 2007;45357;Mar 24;Falta de informaci¢n;INVERSIONES EL CREPÈSCULO, S.A.;Funerarias;;;24;Acuerdo en audiencia/Varios;;45406;Abri 24;2024;2024
Decisi¢n;Panam†;Ley 45 de 2007;45357;Mar 24;Incumplimiento de garant°a;DORA CELL;Celulares;Apple;Audifonos;246.1;Desistimiento/Devoluci¢n;230;45436;May 24;2024;2024
Decisi¢n;Panam†;Ley 45 de 2007;45358;Mar 24;Falta de informaci¢n;TRAVEL ADVISORS PANAMµ/ TRAVEL AND EVENTS, S.A.;Hoteles o planes vacacionales;;;450;En proceso;;;;;2024
Decisi¢n;Panam†;Ley 45 de 2007;45373;Mar 24;Falta de informaci¢n;MAGIC TRAVELS TOUR;Hoteles o planes vacacionales;;;699.99;Desistimiento/Devoluci¢n;350;45400;Abri 24;2024;2024
Decisi¢n;Panam†;Ley 45 de 2007;45373;Mar 24;Falta de informaci¢n;FARMACIAS ARROCHA;Farmacias;;;12.78;Acuerdo en audiencia/Varios;;45399;Abri 24;2024;2024
Decisi¢n;Panam†;Ley 45 de 2007;45376;Mar 24;Incumplimiento de garant°a;PREMIER;AlmacÇn por departamentos;Premier;Televisor;944.98;En proceso;;;;;2024
Decisi¢n;Panam†;Ley 45 de 2007;45376;Mar 24;Incumplimiento de garant°a;CELL & PC SOLUTIONS;Celulares;;;32;Desistimiento/Devoluci¢n;32;45401;Abri 24;2024;2024
Decisi¢n;Panam†;Ley 45 de 2007;45376;Mar 24;Falta de informaci¢n;INVERSIONES EL CREPÈSCULO, S.A.;Funerarias;;;31;Pendiente constancia desistimiento;;45406;Abri 24;2024;2024
Decisi¢n;Panam†;Ley 45 de 2007;45377;Mar 24;Incumplimiento de garant°a;PREMIER;AlmacÇn por departamentos;Premier;Moto;213.99;Desistimiento;;45420;May 24;2024;2024
Decisi¢n;Panam†;Ley 45 de 2007;45378;Mar 24;Incumplimiento de garant°a;QUALITY PRODUCTS PANAMA, S.A.;Zapater°as;;;40.66;Desistimiento/Devoluci¢n;40.66;45401;Abri 24;2024;2024
Veh°culo a Motor;CoclÇ;Ley 45 de 2007;45365;Mar 24;Falta de informaci¢n;ORLYN, S.A.;Estaciones de gasolinas;;Auto;592.52;En proceso;;;;;2024
Decisi¢n;CoclÇ;Ley 45 de 2007;45359;Mar 24;Incumplimiento de garant°a;FLASH HOME;Muebler°a/equipo electr¢nico;;Estufa;219.34;Acuerdo en audiencia/Reemplazo;;45463;Jun 24;2024;2024
Decisi¢n;CoclÇ;Ley 45 de 2007;45364;Mar 24;Resoluci¢n de contrato;SKY PANAMµ;Tv por cable;;;37.87;Desistimiento;;45463;Jun 24;2024;2024
Decisi¢n;Col¢n;Ley 45 de 2007;45352;Mar 24;Incumplimiento de servicio;GOOD MOVIL;Celulares;Huawei;Celular;30;Desistimiento;;45464;Jun 24;2024;2024
Decisi¢n;Col¢n;Ley 45 de 2007;45362;Mar 24;Incumplimiento de servicio;SOLUCIONES EN SEGURIDAD ELECTRONICA;Comunicaciones / internet;;C†mara de seguridad;960;Acuerdo en audiencia/Varios;;45476;Jul 24;2024;2024
Decisi¢n;Col¢n;Ley 45 de 2007;45370;Mar 24;Incumplimiento de contrato;PROMOTORA GREENHOUSES, S.A.;Inmobiliarias;;Vivienda;1200;En proceso;;;;;2024
Decisi¢n;Col¢n;Ley 45 de 2007;45372;Mar 24;Falta de informaci¢n;INVERSIONES EL CREPÈSCULO, S.A.;Funerarias;;;24;En proceso;;;;;2024
Decisi¢n;Col¢n;Ley 45 de 2007;45373;Mar 24;Falta de informaci¢n;CONEXIONES PANAMA MARKETING, S.A.;Agencias de viajes;;;400;En proceso;;;;;2024
Decisi¢n;Col¢n;Ley 45 de 2007;45377;Mar 24;Falta de informaci¢n;VIP GLOBAL MARKETING, S.A.;Agencias de viajes;;;2875;En proceso;;;;;2024
Decisi¢n;Col¢n;Ley 45 de 2007;45377;Mar 24;Incumplimiento de garant°a;EL CANGURO ZONA LIBRE;Celulares;Samsung;Celular;129;En proceso;;;;;2024
Veh°culo a Motor;Chiriqu°;Ley 45 de 2007;45352;Mar 24;Incumplimiento de garant°a;MIGUEL CAR DESING;Venta de autos usados;;Auto;2000;En proceso;;;;;2024
Veh°culo a Motor;Chiriqu°;Ley 45 de 2007;45364;Mar 24;Devoluci¢n de dinero;GRUPO SILABA;Agencia de autos;Chevrolet;Auto;200;En proceso;;;;;2024
Decisi¢n;Chiriqu°;Ley 45 de 2007;45352;Mar 24;Incumplimiento de garant°a;DORADO CENTER;Supermercados;;Bicicleta;267.49;Desistimiento;;45464;Jun 24;2024;2024
Decisi¢n;Chiriqu°;Ley 45 de 2007;45364;Mar 24;Incumplimiento de garant°a;OPTICA VISION CENTER;Opticas;;;196.88;Desistimiento;;45464;Jun 24;2024;2024
Decisi¢n;Chiriqu°;Ley 45 de 2007;45356;Mar 24;Incumplimiento de garant°a;HASTOR;ElectrodomÇsticos/equipos electr¢nicos;;DRON;69.95;Desistimiento;;45464;Jun 24;2024;2024
Decisi¢n;Chiriqu°;Ley 45 de 2007;45357;Mar 24;Incumplimiento de garant°a;OPTICA VISION CENTER;Opticas;;;176.55;Desistimiento;;45464;Jun 24;2024;2024
Decisi¢n;Chiriqu°;Ley 45 de 2007;45359;Mar 24;Devoluci¢n de dinero;BOQUERON DEVELOPMENT,S,A;Inmobiliarias;;Vivienda;1550;En proceso;;;;;2024
Decisi¢n;Chiriqu°;Ley 45 de 2007;45362;Mar 24;Devoluci¢n de dinero;CEFORMATE;Escuelas / colegio;;;175;Pendiente constancia desistimiento;;45596;Oct 24;2024;2024
Decisi¢n;Chiriqu°;Ley 45 de 2007;45364;Mar 24;Devoluci¢n de dinero;BOQUERON DEVELOPMENT,S,A;Inmobiliarias;;;2300;En proceso;;;;;2024
Decisi¢n;Chiriqu°;Ley 45 de 2007;45366;Mar 24;Incumplimiento de servicio;PANAMA NETBUY;Servicio de intermediaci¢n;;;53;Desistimiento;;45464;Jun 24;2024;2024
Decisi¢n;Chiriqu°;Ley 45 de 2007;45371;Mar 24;Resoluci¢n de contrato;CABLE & WIRELESS PANAMµ;Telefonia;;;37.01;En proceso;;;;;2024
Decisi¢n;Chiriqu°;Ley 45 de 2007;45372;Mar 24;Incumplimiento de contrato;VIDRIO Y VENTANA KEINEL;Servicios de instalaci¢n;;;350;En proceso;;;;;2024
Decisi¢n;Chiriqu°;Ley 45 de 2007;45372;Mar 24;Resoluci¢n de contrato;SKY PANAMµ;Tv por cable;;;31.72;Pendiente constancia desistimiento;;45603;Nov 24;2024;2024
Decisi¢n;Chiriqu°;Ley 45 de 2007;45373;Mar 24;Incumplimiento de servicio;BOX SHOP DAVID;Ventas por internet;;;280.88;En proceso;;;;;2024
Veh°culo a Motor;Herrera;Ley 45 de 2007;45352;Mar 24;Incumplimiento de garant°a;GRUPO Q PANAMµ, S.A.;Taller de reparaci¢n de autos;Chevrolet;Auto;400;En proceso;;;;;2024
Decisi¢n;Herrera;Ley 45 de 2007;45356;Mar 24;Rescindir contrato;INVERSIONES EL CREPÈSCULO, S.A.;Funerarias;;;24;En proceso;;;;;2024
Decisi¢n;Herrera;Ley 45 de 2007;45362;Mar 24;Incumplimiento de garant°a;LARIOUS, S.A.;AlmacÇn de ropa y calzados;;;65.97;Acuerdo en audiencia/Devoluci¢n de dinero;65.97;45531;Ago 24;2024;2024
Decisi¢n;Herrera;Ley 45 de 2007;45365;Mar 24;Rescindir contrato;SKY PANAMµ;Tv por cable;;;23.98;En proceso;;;;;2024
Decisi¢n;Herrera;Ley 45 de 2007;45369;Mar 24;Rescindir contrato;SKY PANAMµ;Tv por cable;;;20;En proceso;;;;;2024
Decisi¢n;Herrera;Ley 45 de 2007;45371;Mar 24;Incumplimiento de contrato;INSTITUTO DE FORMACION APRENDER PANAMA S.A.;Escuela de manejo;;;800;En proceso;;;;;2024
Decisi¢n;Herrera;Ley 45 de 2007;45373;Mar 24;Rescindir contrato;SKY PANAMµ;Tv por cable;;;63.69;En proceso;;;;;2024
Decisi¢n;Herrera;Ley 45 de 2007;45373;Mar 24;Rescindir contrato;INVERSIONES EL CREPÈSCULO, S.A.;Funerarias;;;24;En proceso;;;;;2024
Decisi¢n;Herrera;Ley 45 de 2007;45377;Mar 24;Rescindir contrato;INVERSIONES EL CREPÈSCULO, S.A.;Funerarias;;;26;En proceso;;;;;2024
Decisi¢n;Herrera;Ley 45 de 2007;45377;Mar 24;Rescindir contrato;INVERSIONES EL CREPÈSCULO, S.A.;Funerarias;;;24;En proceso;;;;;2024
Decisi¢n;Herrera;Ley 45 de 2007;45378;Mar 24;Rescindir contrato;SKY PANAMµ;Tv por cable;;;20;En proceso;;;;;2024
Veh°culo a Motor;Los Santos;Ley 45 de 2007;45359;Mar 24;Falta de informaci¢n;INVERSIONES VE Y VE;Venta de autos usados;Toyota;Auto;11254.85;Ministerio P£blico;;45462;Jun 24;2024;2024
Decisi¢n;Los Santos;Ley 45 de 2007;45355;Mar 24;Incumplimiento de servicio;ELECTRONICA ECOCELL CENTER;Servicios ElÇctricos;;Celular;80;Acuerdo en audiencia/Devoluci¢n de dinero;50;45411;Abri 24;2024;2024
Decisi¢n;Los Santos;Ley 45 de 2007;45356;Mar 24;Incumplimiento de servicio;DIRECCI‡N GENERAL DE CORREOS Y TELEGRAFOS;Env°o de dinero;;;505;Pendiente constancia desistimiento;;45434;May 24;2024;2024
Decisi¢n;Los Santos;Ley 45 de 2007;45370;Mar 24;Rescindir contrato;SKY PANAMµ;Telefonia;;;111;Desistimiento;;45462;Jun 24;2024;2024
Veh°culo a Motor;Veraguas;Ley 45 de 2007;45377;Mar 24;Da§os y perjuicios;TERPEL TRAVEL CENTER SANTIAGO;Estaciones de gasolinas;;Combustible;496.54;Desistimiento;;45464;Jun 24;2024;2024
Decisi¢n;Veraguas;Ley 45 de 2007;45358;Mar 24;Resoluci¢n de contrato;SKY PANAMµ;Tv por cable;;;76;Desistimiento;;45464;Jun 24;2024;2024
Decisi¢n;Veraguas;Ley 45 de 2007;45358;Mar 24;Falta de informaci¢n;PRO-CLUB FITNESS CENTER;Gimnasio y centros deportivos;;;192.6;Desistimiento/Devoluci¢n;192.6;45464;Jun 24;2024;2024
Decisi¢n;Veraguas;Ley 45 de 2007;45362;Mar 24;Falta de informaci¢n;UNIVERSIDAD TECNOLOGICA OTEIMA;Universidad;;;210;En proceso;;;;;2024
Decisi¢n;Veraguas;Ley 45 de 2007;45365;Mar 24;Resoluci¢n de contrato;CABLE & WIRELESS PANAMµ;Comunicaciones / internet;;Router;42.54;Desistimiento;;45610;Nov 24;2024;2024
Decisi¢n;Veraguas;Ley 45 de 2007;45373;Mar 24;Da§os y perjuicios;PRO-CLUB FITNESS CENTER;Gimnasio y centros deportivos;;;709;En proceso;;;;;2024
Decisi¢n;Veraguas;Ley 45 de 2007;45376;Mar 24;Resoluci¢n de contrato;CABLE & WIRELESS PANAMµ;Telefonia;;;44.35;En proceso;;;;;2024
Decisi¢n;Veraguas;Ley 45 de 2007;45377;Mar 24;Resoluci¢n de contrato;CABLE & WIRELESS PANAMµ;Telefonia;;;28.02;Acuerdo en audiencia/Varios;;45588;Oct 24;2024;2024
Decisi¢n;Veraguas;Ley 45 de 2007;45378;Mar 24;Resoluci¢n de contrato;SKY PANAMµ;Tv por cable;;;20;Desistimiento;;45464;Jun 24;2024;2024
Veh°culo a Motor;Pm† Oeste;Ley 45 de 2007;45372;Mar 24;Incumplimiento de servicio;BASS LIFE 507;Repuestos para autos;;;1399.4;En proceso;;;;;2024
Decisi¢n;Pm† Oeste;Ley 45 de 2007;45352;Mar 24;Incumplimiento de garant°a;EL FUERTE;AlmacÇn por departamentos;Nisato;Lavadora;192.59;En proceso;;;;;2024
Decisi¢n;Pm† Oeste;Ley 45 de 2007;45357;Mar 24;Incumplimiento de servicio;CLINICA INNOVA SALUD;Cl°nicas/ Hospitales;;;275;En proceso;;;;;2024
Decisi¢n;Pm† Oeste;Ley 45 de 2007;45363;Mar 24;Rescindir contrato;CABLE & WIRELESS PANAMµ;Celulares;;;23.54;En proceso;;;;;2024
Decisi¢n;Pm† Oeste;Ley 45 de 2007;45365;Mar 24;Falta de informaci¢n;AGROLIM‡N, S.A.;Inmobiliarias;;;1050;En proceso;;;;;2024
Decisi¢n;Pm† Oeste;Ley 45 de 2007;45365;Mar 24;Incumplimiento de garant°a;ÈNICA;Muebler°a/equipo electr¢nico;Frigidaire;Refrigeradora;534.99;En proceso;;;;;2024
Decisi¢n;Pm† Oeste;Ley 45 de 2007;45369;Mar 24;Resoluci¢n de contrato;DECAMERON;Hoteles o planes vacacionales;;;4000;En proceso;;;;;2024
Decisi¢n;Pm† Oeste;Ley 45 de 2007;45370;Mar 24;Custodia de bien;FRIOVEN DE PANAMA;Servicios Profesionales;Whirlpool;Lavadora;195;En proceso;;;;;2024
Decisi¢n;Pm† Oeste;Ley 45 de 2007;45372;Mar 24;Incumplimiento de contrato;FOREST VILLAGE 1, S.A.;Inmobiliarias;;;4000;En proceso;;;;;2024
Decisi¢n;Pm† Oeste;Ley 45 de 2007;45372;Mar 24;Resoluci¢n de contrato;SKY PANAMµ;Tv por cable;;;31.67;En proceso;;;;;2024
Decisi¢n;Pm† Oeste;Ley 45 de 2007;45379;Mar 24;Resoluci¢n de contrato;NATURAL ENGLISH;Cursos de inglÇs;;;1800;En proceso;;;;;2024
Decisi¢n;Pm† Oeste;Ley 45 de 2007;45359;Mar 24;Falta de informaci¢n;TU BIENESTAR COMPANY, S.A.;Funerarias;;;24;En proceso;;;;;2024
Decisi¢n;Panam†;Ley 45 de 2007;45384;Abr 24;Incumplimiento de garant°a;TALLER DE TORNERIA Y MECANICA MENOR MULTISERVICIOS AITZAENITH;Transporte (fletes, encomiendas y similares);;Horno;590;En proceso;;;;;2024
Decisi¢n;Panam†;Ley 45 de 2007;45384;Abr 24;Incumplimiento de garant°a;INSTITUTO DE FORMACI‡N FUTURISTA APRENDER PANAMµ;Cursos varios;;;800;En proceso;;;;;2024
Veh°culo a Motor;Panam†;Ley 14 de 2018;45383;Abr 24;Incumplimiento de garant°a;DISTRIBUIDORA DE MOTORES S.A./ FAT CAR;Venta de autos usados;Honda;Auto;4500;En proceso;;;;;2024
Veh°culo a Motor;Panam†;Ley 14 de 2018;45384;Abr 24;Incumplimiento de garant°a;TOP LINE & GAP CS GROUP;Servicios de instalaci¢n;Mazda;Auto;110;En proceso;;;;;2024
Veh°culo a Motor;Panam†;Ley 14 de 2018;45384;Abr 24;Incumplimiento de garant°a;GRUPO SILABA;Agencia de autos;Chevrolet;Auto;14800;En proceso;;;;;2024
Veh°culo a Motor;Panam†;Ley 14 de 2018;45385;Abr 24;Incumplimiento de garant°a;TESA MOTOR CORP.;Agencia de motos;Yamaha;Moto;3690;En proceso;;;;;2024
Veh°culo a Motor;Panam†;Ley 14 de 2018;45385;Abr 24;Incumplimiento de garant°a;SCHUBERT AUTO;Agencia de autos;Dongfeng;Auto;15000;Desistimiento;;45439;May 24;2024;2024
Veh°culo a Motor;Panam†;Ley 14 de 2018;45386;Abr 24;Incumplimiento de garant°a;GRUPO DE RESPUESTOS KOREANOS, S.A.;Repuestos para autos;Hyundai;Auto;266.43;En proceso;;;;;2024
Veh°culo a Motor;Panam†;Ley 14 de 2018;45386;Abr 24;Incumplimiento de garant°a;GRUPO SILABA;Agencia de autos;KIA;Auto;21445;Desistimiento;;45418;May 24;2024;2024
Veh°culo a Motor;Panam†;Ley 14 de 2018;45392;Abr 24;Incumplimiento de servicio;MOTORES JAPONESES;Agencia de autos;Suzuki;Auto;1177.52;En proceso;;;;;2024
Veh°culo a Motor;Panam†;Ley 14 de 2018;45392;Abr 24;Incumplimiento de garant°a;SUPER AUTOS (INVERSIONES RAIHAN, S.A.);Venta de autos usados;Nissan;Auto;6500;En proceso;;;;;2024
Veh°culo a Motor;Panam†;Ley 14 de 2018;45393;Abr 24;Incumplimiento de garant°a;TALLER SOTO TRANSMISIONES Y MOTORES;Taller de reparaci¢n de autos;Hyundai;Auto;1450;En proceso;;;;;2024
Veh°culo a Motor;Panam†;Ley 14 de 2018;45394;Abr 24;Custodia de bien;AIRE SPARKS;Taller de reparaci¢n de autos;Nissan;Auto;6017.08;Inhibe;;45488;Jul 24;2024;2024
Veh°culo a Motor;Panam†;Ley 14 de 2018;45394;Abr 24;Incumplimiento de garant°a;EMPRESAS MELO, S.A.;Agencia de autos;MG;Auto;19100;Desistimiento;;45470;Jun 24;2024;2024
Veh°culo a Motor;Panam†;Ley 14 de 2018;45394;Abr 24;Falta de informaci¢n;TRANSMISIONES AUTOMATICAS PTY, S.A.;Taller de reparaci¢n de autos;KIA;Auto;749;En proceso;;;;;2024
Veh°culo a Motor;Panam†;Ley 14 de 2018;45397;Abr 24;Falta de informaci¢n;COBRO Y CRêDITO MERCANTIL, S.A.;Venta de autos usados;Isuzu;Auto;6741;En proceso;;;;;2024
Veh°culo a Motor;Panam†;Ley 14 de 2018;45398;Abr 24;Incumplimiento de servicio;SERVICENTRO ALEX, S.A.;Taller de reparaci¢n de autos;JEEP;Auto;1363.44;En proceso;;;;;2024
Veh°culo a Motor;Panam†;Ley 14 de 2018;45398;Abr 24;Incumplimiento de garant°a;PROVEEDOR AUTOMOTRIZ, S.A.;Venta de autos usados;Mazda;Auto;10709.75;En proceso;;;;;2024
Veh°culo a Motor;Panam†;Ley 14 de 2018;45400;Abr 24;Incumplimiento de garant°a;CAR MARKET PANAMµ;Venta de autos usados;Nissan;Auto;17000;En proceso;;;;;2024
Veh°culo a Motor;Panam†;Ley 14 de 2018;45401;Abr 24;Incumplimiento de garant°a;GRUPO Q INVESTMENTS, S.A.;Agencia de autos;Cherry;Auto;24990;En proceso;;;;;2024
Veh°culo a Motor;Panam†;Ley 14 de 2018;45405;Abr 24;Incumplimiento de garant°a;RICARDO PEREZ, S.A.;Agencia de autos;Toyota;Auto;20500;En proceso;;;;;2024
Veh°culo a Motor;Panam†;Ley 14 de 2018;45406;Abr 24;Incumplimiento de contrato;CORPORACI‡N PANAME•A DE AUTOS, S.A.;Alquiler de autos;Hyundai;Auto;133.75;Acuerdo en audiencia/Devoluci¢n de dinero;;45589;Oct 24;2024;2024
Veh°culo a Motor;Panam†;Ley 14 de 2018;45406;Abr 24;Incumplimiento de garant°a;GRUPO Q PANAMµ, S.A.;Agencia de autos;Chevrolet;Auto;27500;En proceso;;;;;2024
Veh°culo a Motor;Panam†;Ley 14 de 2018;45406;Abr 24;Incumplimiento de garant°a;GRUPO SILABA;Agencia de autos;Chevrolet;Auto;23994;En proceso;;;;;2024
Veh°culo a Motor;Panam†;Ley 14 de 2018;45407;Abr 24;Incumplimiento de garant°a;ECO POWER;Repuestos para autos;;Bater°a de auto;149.79;En proceso;;;;;2024
Veh°culo a Motor;Panam†;Ley 14 de 2018;45408;Abr 24;Incumplimiento de garant°a;LEVEL UP 360, S.A.;Venta de autos usados;Kamura;Auto;7450;En proceso;;;;;2024
Veh°culo a Motor;Panam†;Ley 14 de 2018;45411;Abr 24;Incumplimiento de garant°a;EURO ART MOTORS, S.A.;Agencia de motos;Super Soco;Moto;3157;En proceso;;;;;2024
Veh°culo a Motor;Panam†;Ley 14 de 2018;45412;Abr 24;Incumplimiento de garant°a;MOTORES JAPONESES;Agencia de autos;Suzuki;Auto;21790;En proceso;;;;;2024
Decisi¢n;Panam†;Ley 45 de 2007;45384;Abr 24;Falta de informaci¢n;TU BIENESTAR COMPANY, S.A.;Funerarias;;;24;Pendiente constancia desistimiento;;45406;Abri 24;2024;2024
Decisi¢n;Panam†;Ley 45 de 2007;45386;Abr 24;Falta de informaci¢n;IBIZA PANAMA, S.A.;Perfumer°a;;Perfume;504.01;Desistimiento;;45426;May 24;2024;2024
Decisi¢n;Panam†;Ley 45 de 2007;45386;Abr 24;Falta de informaci¢n;IBIZA PANAMA, S.A.;Perfumer°a;;;124.14;Desistimiento/Devoluci¢n;62.07;45421;May 24;2024;2024
Decisi¢n;Panam†;Ley 45 de 2007;45386;Abr 24;Venta enga§osa;OPTIGLASS, S.A.;Opticas;;Lentes;46.79;Resoluci¢n no acceder;;45485;Jul 24;2024;2024
Decisi¢n;Panam†;Ley 45 de 2007;45386;Abr 24;Falta de informaci¢n;SANTA AROMA;Perfumer°a;;Perfume;58.15;Pendiente constancia desistimiento;58.15;45415;May 24;2024;2024
Decisi¢n;Panam†;Ley 45 de 2007;45390;Abr 24;Falta de informaci¢n;REPARTO TOCUMEN, S.A.;Inmobiliarias;;Vivienda;1840;Desistimiento;;45420;May 24;2024;2024
Decisi¢n;Panam†;Ley 45 de 2007;45386;Abr 24;Resoluci¢n de contrato;SKY PANAMµ;Tv por cable;;;32.47;Desistimiento;;45406;Abri 24;2024;2024
Decisi¢n;Panam†;Ley 45 de 2007;45386;Abr 24;Incumplimiento de garant°a;COOL GADGETS LIMITED, S.A.;Videojuegos;;Video juego;650;Acuerdo en audiencia/Devoluci¢n de dinero;650;45426;May 24;2024;2024
Decisi¢n;Panam†;Ley 45 de 2007;45390;Abr 24;Incumplimiento de garant°a;CAPACOL, S.A.;AlmacÇn por departamentos;;Maleta de viaje;149.75;Acuerdo en audiencia/Devoluci¢n de dinero;149.75;45436;May 24;2024;2024
Decisi¢n;Panam†;Ley 45 de 2007;45390;Abr 24;Incumplimiento de servicio;VIANAYA TRAVEL INC.;Agencias de viajes;;;1645;En proceso;;;;;2024
Decisi¢n;Panam†;Ley 45 de 2007;45390;Abr 24;Incumplimiento de servicio;IRON & CONSTRUCTION DESIGN GROUP, S.A.;Servicios Profesionales;;;2760;Ministerio P£blico;;45614;Nov 24;2024;2024
Decisi¢n;Panam†;Ley 45 de 2007;45390;Abr 24;Incumplimiento de garant°a;E-VISION;ElectrodomÇsticos/equipos electr¢nicos;Panasonic;Aire acondicionado;641.9;Pendiente constancia desistimiento;;45428;May 24;2024;2024
Decisi¢n;Panam†;Ley 45 de 2007;45390;Abr 24;Incumplimiento de servicio;FAST SERVICES CENTER;Celulares;;;170.55;Desistimiento;;45415;May 24;2024;2024
Decisi¢n;Panam†;Ley 45 de 2007;45391;Abr 24;Incumplimiento de garant°a;COREMUSA;Muebler°a/equipo electr¢nico;;;320.99;Acuerdo en audiencia/Reemplazo;;45419;May 24;2024;2024
Decisi¢n;Panam†;Ley 45 de 2007;45390;Abr 24;Cobro indebido;FELIX B. MADURO, S.A.;AlmacÇn por departamentos;;;1270.67;Acuerdo en audiencia/Varios;;45419;May 24;2024;2024
Decisi¢n;Panam†;Ley 45 de 2007;45391;Abr 24;Falta de informaci¢n;FASTOURS PANAMA;Agencias de viajes;;;1290;En proceso;;;;;2024
Decisi¢n;Panam†;Ley 45 de 2007;45391;Abr 24;Incumplimiento de garant°a;ALDO PANAMA RUFINA ALFARO PA;AlmacÇn por departamentos;;;105.93;Desistimiento/Devoluci¢n;105.93;45422;May 24;2024;2024
Decisi¢n;Panam†;Ley 45 de 2007;45398;Abr 24;Falta de informaci¢n;FASTOURS PANAMA;Hoteles o planes vacacionales;;;1490;Resoluci¢n/Devoluci¢n;1490;45579;Oct 24;2024;2024
Decisi¢n;Panam†;Ley 45 de 2007;45391;Abr 24;Incumplimiento de garant°a;FARMACIAS ARROCHA;Farmacias;;Scooter;176.51;Acuerdo en audiencia/Reemplazo;;45422;May 24;2024;2024
Decisi¢n;Panam†;Ley 45 de 2007;45391;Abr 24;Falta de informaci¢n;INTERMERICAN TRAVEL SERVICES;Agencias de viajes;;;230;Desistimiento;;45442;May 24;2024;2024
Decisi¢n;Panam†;Ley 45 de 2007;45391;Abr 24;Cobro indebido;SUPER XTRA;Supermercados;;;7.04;Pendiente constancia desistimiento;;45475;Jul 24;2024;2024
Decisi¢n;Panam†;Ley 45 de 2007;45391;Abr 24;Resoluci¢n de contrato;CABLE & WIRELESS PANAMµ;Telefonia;;;21.4;Acuerdo en audiencia/Varios;;45426;May 24;2024;2024
Decisi¢n;Panam†;Ley 45 de 2007;45392;Abr 24;Falta de informaci¢n;INVERSIONES EL CREPÈSCULO, S.A.;Funerarias;;;26;Resoluciones/Varios;;45435;May 24;2024;2024
Decisi¢n;Panam†;Ley 45 de 2007;45392;Abr 24;Incumplimiento de servicio;FASTOURS PANAMA;Agencias de viajes;;;1182;En proceso;;;;;2024
Decisi¢n;Panam†;Ley 45 de 2007;45392;Abr 24;Resoluci¢n de contrato;CABLE & WIRELESS PANAMµ;Telefonia;;;21.4;Desistimiento;;45425;May 24;2024;2024
Decisi¢n;Panam†;Ley 45 de 2007;45394;Abr 24;Da§os y perjuicios;HAIR SPOT NAIL BAR BELLA VISTA PA;Sal¢n de belleza;;;277.86;Desistimiento/Devoluci¢n;277.86;45435;May 24;2024;2024
Decisi¢n;Panam†;Ley 45 de 2007;45392;Abr 24;Falta de informaci¢n;TICKET PLUS;Eventos art°sticos;;;150.4;Desistimiento/Devoluci¢n;150.4;45432;May 24;2024;2024
Decisi¢n;Panam†;Ley 45 de 2007;45397;Abr 24;Falta de informaci¢n;INVERSIONES EL CREPÈSCULO, S.A.;Funerarias;;;24;Desistimiento;;45422;May 24;2024;2024
Decisi¢n;Panam†;Ley 45 de 2007;45398;Abr 24;Incumplimiento de garant°a;HOPSA, S.A.;Materiales de construcci¢n;Westinghouse;Abanico;174.11;Desistimiento;;45435;May 24;2024;2024
Decisi¢n;Panam†;Ley 45 de 2007;45398;Abr 24;Falta de informaci¢n;TU BIENESTAR COMPANY, S.A.;Funerarias;;;24;Pendiente constancia desistimiento;;45435;May 24;2024;2024
Decisi¢n;Panam†;Ley 45 de 2007;45398;Abr 24;Incumplimiento de garant°a;SKECHERS PANAMA LLC;AlmacÇn de ropa y calzados;Sketchers;Zapatos;48.15;Resoluci¢n/Reemplazo;;45579;Oct 24;2024;2024
Decisi¢n;Panam†;Ley 45 de 2007;45404;Abr 24;Falta de informaci¢n;FASTOURS PANAMA;Agencias de viajes;;;4723;En proceso;;;;;2024
Decisi¢n;Panam†;Ley 45 de 2007;45398;Abr 24;Falta de informaci¢n;TU BIENESTAR COMPANY, S.A.;Funerarias;;;24;Desistimiento;;45421;May 24;2024;2024
Decisi¢n;Panam†;Ley 45 de 2007;45398;Abr 24;Falta de informaci¢n;MUDANZAS PTY EXPRESS;Transporte (fletes, encomiendas y similares);;;1145;Ministerio P£blico;;45450;Jun 24;2024;2024
Decisi¢n;Panam†;Ley 45 de 2007;45398;Abr 24;Incumplimiento de servicio;IRON & CONSTRUCTION DESIGN GROUP, S.A.;Herrer°as;;;1250;En proceso;;;;;2024
Decisi¢n;Panam†;Ley 45 de 2007;45398;Abr 24;Incumplimiento de servicio;EL SOFµ;F†bricas de muebles;;Sofa cama;374.5;Desistimiento;;45422;May 24;2024;2024
Decisi¢n;Panam†;Ley 45 de 2007;45398;Abr 24;Incumplimiento de garant°a;GRUPO PRIMO, S.A.;ElectrodomÇsticos/equipos electr¢nicos;Whirlpool;Lavadora;365.44;Corregidur°a/Casa de Justicia Comunitaria de Paz;;45610;Nov 24;2024;2024
Decisi¢n;Panam†;Ley 45 de 2007;45398;Abr 24;Falta de informaci¢n;TURKISH AIRLINES;L°neas aÇreas;;;956.69;Resoluci¢n no acceder;;45579;Oct 24;2024;2024
Decisi¢n;Panam†;Ley 45 de 2007;45404;Abr 24;Falta de informaci¢n;TOP JOYEROS & MOBILE;ElectrodomÇsticos/equipos electr¢nicos;Samsung;Celular;200;Desistimiento;;45446;Jun 24;2024;2024
Decisi¢n;Panam†;Ley 45 de 2007;45404;Abr 24;Falta de informaci¢n;COLEGIO BILINGUE SANTO DOMINGO SAVIO;Escuelas / colegio;;;385;En proceso;;;;;2024
Decisi¢n;Panam†;Ley 45 de 2007;45400;Abr 24;Incumplimiento de garant°a;DIGITAL HOGAR;ElectrodomÇsticos/equipos electr¢nicos;;Lavadora;209.67;Desistimiento;;45422;May 24;2024;2024
Decisi¢n;Panam†;Ley 45 de 2007;45400;Abr 24;Incumplimiento de garant°a;CAYCAT, S.A.;Materiales de construcci¢n;;;53.5;Pendiente constancia desistimiento;;45418;May 24;2024;2024
Decisi¢n;Panam†;Ley 45 de 2007;45404;Abr 24;Incumplimiento de servicio;ARTES Y COCINAS;Servicios de instalaci¢n;;;230;Desistimiento/Devoluci¢n;230;45446;Jun 24;2024;2024
Decisi¢n;Panam†;Ley 45 de 2007;45404;Abr 24;Falta de informaci¢n;INVERSIONES EL CREPÈSCULO, S.A.;Funerarias;;;24;Resoluciones/Varios;;45442;May 24;2024;2024
Decisi¢n;Panam†;Ley 45 de 2007;45404;Abr 24;Incumplimiento de servicio;MUNDO COCINA REMODELACIONES Y MUCHO MAS;Remodelaci¢n;;;2874;Ministerio P£blico;;45448;Jun 24;2024;2024
Decisi¢n;Panam†;Ley 45 de 2007;45404;Abr 24;Falta de informaci¢n;INVERSIONES EL CREPÈSCULO, S.A.;Funerarias;;;24;Desistimiento;;45419;May 24;2024;2024
Decisi¢n;Panam†;Ley 45 de 2007;45404;Abr 24;Incumplimiento de garant°a;TIGO PANAMµ;Telefonia;Iphone;Celular;1283.95;Acuerdo en audiencia/Devoluci¢n de dinero;1283.95;45450;Jun 24;2024;2024
Decisi¢n;Panam†;Ley 45 de 2007;45404;Abr 24;Incumplimiento de servicio;MINIMED;Cl°nicas/ Hospitales;;;160;Acuerdo en audiencia/Devoluci¢n de dinero;160;45448;Jun 24;2024;2024
Decisi¢n;Panam†;Ley 45 de 2007;45404;Abr 24;Falta de informaci¢n;ITALGRES PANAMA, S.A.;Materiales de construcci¢n;;;3091.27;En proceso;;;;;2024
Decisi¢n;Panam†;Ley 45 de 2007;45407;Abr 24;Falta de informaci¢n;RESIDENCIAL EUROPA, S.A.;Inmobiliarias;;Vivienda;895.16;En proceso;;;;;2024
Decisi¢n;Panam†;Ley 45 de 2007;45404;Abr 24;Incumplimiento de garant°a;CLINIC CELL 23;Celulares;;Celular;55;Acuerdo en audiencia/Devoluci¢n de dinero;55;45442;May 24;2024;2024
Decisi¢n;Panam†;Ley 45 de 2007;45407;Abr 24;Falta de informaci¢n;FASTOURS PANAMA;Agencias de viajes;;;1842;En proceso;;;;;2024
Decisi¢n;Panam†;Ley 45 de 2007;45407;Abr 24;Falta de informaci¢n;FASTOURS PANAMA;Agencias de viajes;;;1842;En proceso;;;;;2024
Decisi¢n;Panam†;Ley 45 de 2007;45406;Abr 24;Custodia de bien;TIGO PANAMµ;Tv por cable;;;435.46;Inhibe;;45471;Jun 24;2024;2024
Decisi¢n;Panam†;Ley 45 de 2007;45406;Abr 24;Falta de informaci¢n;AIR CARGO AND MORE;Servicio de intermediaci¢n;;;745.46;En proceso;;;;;2024
Decisi¢n;Panam†;Ley 45 de 2007;45406;Abr 24;Falta de informaci¢n;INVERSIONES EL CREPÈSCULO, S.A.;Funerarias;;;26;Resoluciones/Varios;;45429;May 24;2024;2024
Decisi¢n;Panam†;Ley 45 de 2007;45412;Abr 24;Falta de informaci¢n;PANA COMPU;ElectrodomÇsticos/equipos electr¢nicos;;Equipo de sonido;145.55;Desistimiento/Devoluci¢n;145.55;45422;May 24;2024;2024
Decisi¢n;Panam†;Ley 45 de 2007;45412;Abr 24;Incumplimiento de servicio;SUMMIT RAINFOREST & GOLF RESORT;Hoteles o planes vacacionales;;;300;Resoluci¢n/Devoluci¢n;300;45485;Jul 24;2024;2024
Decisi¢n;Panam†;Ley 45 de 2007;45412;Abr 24;Custodia de bien;FAST SERVICES CENTER;Repuestos y reparaciones (talleres varios no autos);Samsung;Micro-onda;106.99;En proceso;;;;;2024
Decisi¢n;Panam†;Ley 45 de 2007;45412;Abr 24;Resoluci¢n de contrato;SKY PANAMµ;Tv por cable;;;26.4;Resoluciones/Varios;;45488;Jul 24;2024;2024
Decisi¢n;Panam†;Ley 45 de 2007;45412;Abr 24;Falta de informaci¢n;TU BIENESTAR COMPANY, S.A.;Funerarias;;;26;Pendiente constancia desistimiento;;45463;Jun 24;2024;2024
Decisi¢n;Panam†;Ley 45 de 2007;45412;Abr 24;Incumplimiento de garant°a;PROYTEL TELECOMUNICACIONES;Servicios de instalaci¢n;;;267;Pendiente constancia desistimiento;;45463;Jun 24;2024;2024
Decisi¢n;Panam†;Ley 45 de 2007;45412;Abr 24;Incumplimiento de garant°a;HS MOVILES;Computadoras;Lenovo;Computadora;250;En proceso;;;;;2024
Decisi¢n;Panam†;Ley 45 de 2007;45412;Abr 24;Incumplimiento de garant°a;EMPRESAS BICOCAS, S.A.;AlmacÇn por departamentos;;;63.78;Transacci¢n extrajudicial;;45442;May 24;2024;2024
Decisi¢n;Panam†;Ley 45 de 2007;45412;Abr 24;Custodia de bien;REPARO TU EQUIPO PTY;Repuestos y reparaciones (talleres varios no autos);;Audifonos;363.75;En proceso;;;;;2024
Decisi¢n;Panam†;Ley 45 de 2007;45412;Abr 24;Falta de informaci¢n;FELIX B. MADURO, S.A.;AlmacÇn por departamentos;;;373.23;En proceso;;;;;2024
Decisi¢n;Panam†;Ley 45 de 2007;45412;Abr 24;Incumplimiento de servicio;ECOAGUAS PANAMA;Servicios Profesionales;;;1550;Ministerio P£blico;;45623;Nov 24;2024;2024
Decisi¢n;Panam†;Ley 45 de 2007;45412;Abr 24;Falta de informaci¢n;TICKET PLUS;Eventos art°sticos;;;383.68;Acuerdo en audiencia/Devoluci¢n de dinero;383.68;45512;Ago 24;2024;2024
Decisi¢n;Panam†;Ley 45 de 2007;45412;Abr 24;Custodia de bien;WILTECH PANAMA;Repuestos y reparaciones (talleres varios no autos);;;1005.8;En proceso;;;;;2024
Decisi¢n;Panam†;Ley 45 de 2007;45412;Abr 24;Incumplimiento de servicio;JENNY KENETH, S.A.;Celulares;;Celular;209.67;Desistimiento;;45442;May 24;2024;2024
Decisi¢n;Panam†;Ley 45 de 2007;45387;Abr 24;Incumplimiento de garant°a;FOTO SONIDO;Muebler°a/equipo electr¢nico;Whirlpool;Lavadora;315.65;Desistimiento;;45513;Ago 24;2024;2024
Decisi¢n;Panam†;Ley 45 de 2007;45390;Abr 24;Falta de informaci¢n;PET HOUSE, S.A.;Animales;;;5;Desistimiento/Devoluci¢n;5;45406;Abri 24;2024;2024
Decisi¢n;Panam†;Ley 45 de 2007;45391;Abr 24;Falta de informaci¢n;AUTO REPUESTOS MATERIALES PAN;Materiales de construcci¢n;;;86.16;Desistimiento;;45530;Ago 24;2024;2024
Decisi¢n;Panam†;Ley 45 de 2007;45397;Abr 24;Falta de informaci¢n;INVERSIONES EL CREPÈSCULO, S.A.;Funerarias;;;26;Resoluciones/Varios;;45434;May 24;2024;2024
Decisi¢n;Panam†;Ley 45 de 2007;45398;Abr 24;Falta de informaci¢n;PROMOTORA CONSTRUCTORA PROINSA, S.A.;Inmobiliarias;;Vivienda;350;Desistimiento/Devoluci¢n;350;45434;May 24;2024;2024
Decisi¢n;Panam†;Ley 45 de 2007;45401;Abr 24;Devoluci¢n de dinero;GREEN PALACE, S.A.;Inmobiliarias;;Vivienda;500;En proceso;;;;;2024
Decisi¢n;Panam†;Ley 45 de 2007;45405;Abr 24;Incumplimiento de garant°a;MOBILE PLUS;Celulares;Iphone;Celular;1069.95;Resoluci¢n/Reparar;;45579;Oct 24;2024;2024
Decisi¢n;Panam†;Ley 45 de 2007;45406;Abr 24;Falta de informaci¢n;INVERSIONES EL CREPÈSCULO, S.A.;Funerarias;;;12;Desistimiento;;45435;May 24;2024;2024
Decisi¢n;Panam†;Ley 45 de 2007;45391;Abr 24;Falta de informaci¢n;INVERSIONES EL CREPÈSCULO, S.A.;Funerarias;;;26;Pendiente constancia desistimiento;;45428;May 24;2024;2024
Decisi¢n;Panam†;Ley 45 de 2007;45398;Abr 24;Incumplimiento de contrato;CASA DE FUNERALES VIDA PANAMA, S.A.;Funerarias;;;1959;Acuerdo en audiencia/Varios;;45435;May 24;2024;2024
Decisi¢n;Panam†;Ley 45 de 2007;45401;Abr 24;Falta de informaci¢n;INVERSIONES EL CREPÈSCULO, S.A.;Funerarias;;;24;Desistimiento;;45456;Jun 24;2024;2024
Decisi¢n;Panam†;Ley 45 de 2007;45404;Abr 24;Incumplimiento de garant°a;PREMIER;ElectrodomÇsticos/equipos electr¢nicos;Premier;Televisor;535;Resoluci¢n/Reemplazo;;45485;Jul 24;2024;2024
Decisi¢n;Bocas del Toro;Ley 45 de 2007;45394;Abr 24;Incumplimiento de contrato;MUEBLERIA ENCANTO;Muebler°a/equipo electr¢nico;;Juego de sala;2409;Desistimiento;;45426;May 24;2024;2024
Decisi¢n;CoclÇ;Ley 45 de 2007;45400;Abr 24;Vicio oculto;INVERSIONES DON MINGO, S.A.;Inmobiliarias;;Vivienda;1394.16;En proceso;;;;;2024
Decisi¢n;CoclÇ;Ley 45 de 2007;45400;Abr 24;Resoluci¢n de contrato;SKY PANAMµ;Tv por cable;;;26.32;En proceso;;;;;2024
Decisi¢n;CoclÇ;Ley 45 de 2007;45405;Abr 24;Incumplimiento de contrato;LUCES SOLARES PANAMA, S.A.;Servicios de instalaci¢n;;;2400;En proceso;;;;;2024
Decisi¢n;Col¢n;Ley 45 de 2007;45386;Abr 24;Incumplimiento de contrato;PROMOTORA GREENHOUSES, S.A.;Inmobiliarias;;Vivienda;1000;En proceso;;;;;2024
Decisi¢n;Col¢n;Ley 45 de 2007;45390;Abr 24;Incumplimiento de garant°a;ALMACEN Y FERRETERIA BENJAMIN, S.A.;AlmacÇn por departamentos;;Televisor;150;En proceso;;;;;2024
Decisi¢n;Col¢n;Ley 45 de 2007;45393;Abr 24;Incumplimiento de servicio;ALEX PULP MOVIL;Celulares;Samsung;Celular;130;Desistimiento;;45464;Jun 24;2024;2024
Decisi¢n;Col¢n;Ley 45 de 2007;45397;Abr 24;Incumplimiento de garant°a;SUPER SPK;AlmacÇn por departamentos;Mystic;Lavadora;160;En proceso;;;;;2024
Decisi¢n;Col¢n;Ley 45 de 2007;45406;Abr 24;Incumplimiento de servicio;TALLER DE JOYERIA MARCELINA;Repuestos y reparaciones (talleres varios no autos);;;5;En proceso;;;;;2024
Decisi¢n;Col¢n;Ley 45 de 2007;45412;Abr 24;Resoluci¢n de contrato;EKARAT,S.A.;Inmobiliarias;;Vivienda;1500;En proceso;;;;;2024
Veh°culo a Motor;Chiriqu°;Ley 14 de 2018;45383;Abr 24;Incumplimiento de garant°a;COPAMA, S.A.;Agencia de autos;Isuzu;Auto;29000;En proceso;;;;;2024
Decisi¢n;Chiriqu°;Ley 45 de 2007;45383;Abr 24;Devoluci¢n de dinero;MBC HOLDING INC;Inmobiliarias;;Vivienda;100;En proceso;;;;;2024
Decisi¢n;Chiriqu°;Ley 45 de 2007;45383;Abr 24;Incumplimiento de contrato;INVERSIONES TARJAL, S.A.;Inmobiliarias;;;5000;En proceso;;;;;2024
Decisi¢n;Chiriqu°;Ley 45 de 2007;45392;Abr 24;Resoluci¢n de contrato;INVERSIONES EL CREPÈSCULO, S.A.;Funerarias;;;26;En proceso;;;;;2024
Decisi¢n;Chiriqu°;Ley 45 de 2007;45387;Abr 24;Incumplimiento de servicio;NETBUY PANAMA;Ventas por internet;;Pieza de Repuesto;88.4;En proceso;;;;;2024
Decisi¢n;Chiriqu°;Ley 45 de 2007;45393;Abr 24;Incumplimiento de garant°a;RAMTEC AUDIO Y VIDEO, S.A.;ElectrodomÇsticos/equipos electr¢nicos;;Lavadora;175;En proceso;;;;;2024
Decisi¢n;Chiriqu°;Ley 45 de 2007;45398;Abr 24;Resoluci¢n de contrato;SKY PANAMµ;Tv por cable;;;20;Desistimiento;;45467;Jun 24;2024;2024
Decisi¢n;Chiriqu°;Ley 45 de 2007;45400;Abr 24;Incumplimiento de garant°a;INVERSIONES SARIAN;Celulares;Iphone;Celular;635;En proceso;;;;;2024
Decisi¢n;Chiriqu°;Ley 45 de 2007;45400;Abr 24;Devoluci¢n de dinero;TURKISH AIRLINES;L°neas aÇreas;;;1259.15;En proceso;;;;;2024
Decisi¢n;Chiriqu°;Ley 45 de 2007;45401;Abr 24;Resoluci¢n de contrato;CABLE & WIRELESS PANAMµ;Telefonia;;;44.82;En proceso;;;;;2024
Veh°culo a Motor;Herrera;Ley 14 de 2018;45393;Abr 24;Incumplimiento de garant°a;CARSTOGO (INTER MARKETING INC.);Venta de autos usados;Suzuki;Auto;13750;En proceso;;;;;2024
Decisi¢n;Herrera;Ley 45 de 2007;45392;Abr 24;Rescindir contrato;SKY PANAMµ;Tv por cable;;;20;En proceso;;;;;2024
Decisi¢n;Herrera;Ley 45 de 2007;45397;Abr 24;Devoluci¢n de dinero;DAVIVIENDA FAMILIARES, S.A.;Inmobiliarias;;;600;En proceso;;;;;2024
Decisi¢n;Herrera;Ley 45 de 2007;45404;Abr 24;Incumplimiento de garant°a;ELECTRONICA MV STORE;ElectrodomÇsticos/equipos electr¢nicos;;;26.75;En proceso;;;;;2024
Decisi¢n;Herrera;Ley 45 de 2007;45406;Abr 24;Devoluci¢n de dinero;DAVIVIENDA FAMILIARES, S.A.;Inmobiliarias;;;600;En proceso;;;;;2024
Decisi¢n;Herrera;Ley 45 de 2007;45406;Abr 24;Incumplimiento de garant°a;OPTI CENTRO X-PRESS;Opticas;;;257.38;En proceso;;;;;2024
Decisi¢n;Herrera;Ley 45 de 2007;45407;Abr 24;Rescindir contrato;SKY PANAMµ;Tv por cable;;;20;En proceso;;;;;2024
Decisi¢n;Veraguas;Ley 45 de 2007;45383;Abr 24;Devoluci¢n de dinero;OPORTA;Muebler°a/equipo electr¢nico;Sankey;Refrigeradora;170;Desistimiento/Devoluci¢n;170;45588;Oct 24;2024;2024
Decisi¢n;Veraguas;Ley 45 de 2007;45385;Abr 24;Incumplimiento de garant°a;SUPER XTRA;Supermercados;Sankey;Televisor;171.18;Desistimiento;;45464;Jun 24;2024;2024
Decisi¢n;Veraguas;Ley 45 de 2007;45385;Abr 24;Custodia de bien;NEW TECH MOVIL, S.A.;Celulares;Samsung;Celular;48.15;Acuerdo en audiencia/Varios;48.15;45588;Oct 24;2024;2024
Decisi¢n;Veraguas;Ley 45 de 2007;45398;Abr 24;Resoluci¢n de contrato;SKY PANAMµ;Tv por cable;;;87.55;Desistimiento;;45610;Nov 24;2024;2024
Decisi¢n;Veraguas;Ley 45 de 2007;45408;Abr 24;Resoluci¢n de contrato;SKY PANAMµ;Tv por cable;;;26.35;Desistimiento;;45588;Oct 24;2024;2024
Veh°culo a Motor;Pm† Oeste;Ley 14 de 2018;45397;Abr 24;Incumplimiento de garant°a;BAY MOTORS, S.A.;Agencia de autos;;Auto;16990;En proceso;;;;;2024
Veh°culo a Motor;Pm† Oeste;Ley 14 de 2018;45408;Abr 24;Incumplimiento de garant°a;PETROAUTOS, S.A.;Agencia de autos;;Auto;28800;En proceso;;;;;2024
Decisi¢n;Pm† Oeste;Ley 45 de 2007;45384;Abr 24;Resoluci¢n de contrato;PLAYA BLANCA SIGNATURE, S.A.;Hoteles o planes vacacionales;;;4500;En proceso;;;;;2024
Decisi¢n;Pm† Oeste;Ley 45 de 2007;45392;Abr 24;Incumplimiento de garant°a;COFFEE NET SHOP;Imprentas;;;125;En proceso;;;;;2024
Decisi¢n;Pm† Oeste;Ley 45 de 2007;45394;Abr 24;Incumplimiento de garant°a;ÈNICA;AlmacÇn por departamentos;LG;Refrigeradora;1283.99;En proceso;;;;;2024
Decisi¢n;Pm† Oeste;Ley 45 de 2007;45397;Abr 24;Incumplimiento de garant°a;MOVICELL;ElectrodomÇsticos/equipos electr¢nicos;Lenovo;Laptop;277;En proceso;;;;;2024
Decisi¢n;Pm† Oeste;Ley 45 de 2007;45399;Abr 24;Incumplimiento de garant°a;BOOM OUTLET;AlmacÇn por departamentos;;;453.67;En proceso;;;;;2024
Decisi¢n;Pm† Oeste;Ley 45 de 2007;45400;Abr 24;Incumplimiento de servicio;KM SEGURIDAD TECNOLOGIA;Servicios de instalaci¢n;;;1946.42;En proceso;;;;;2024
Decisi¢n;Pm† Oeste;Ley 45 de 2007;45404;Abr 24;Incumplimiento de servicio;SOMOS RESERVA PANAMµ, S.A.;Hoteles o planes vacacionales;;;299;Desistimiento/Devoluci¢n;299;45525;Ago 24;2024;2024
Decisi¢n;Pm† Oeste;Ley 45 de 2007;45404;Abr 24;Incumplimiento de garant°a;ÈNICA;AlmacÇn por departamentos;Whirlpool;Refrigeradora;749;En proceso;;;;;2024
Decisi¢n;Pm† Oeste;Ley 45 de 2007;45406;Abr 24;Falta de informaci¢n;CITY CENTER;Celulares;Samsung;Celular;604;En proceso;;;;;2024
Decisi¢n;Panam†;Ley 45 de 2007;45414;May 24;Incumplimiento de contrato;LUCES SOLARES PANAMA, S.A.;Servicios de instalaci¢n;;Panel solar;2400;En proceso;;;;;2024
Veh°culo a Motor;Panam†;Ley 14 de 2018;45414;May 24;Incumplimiento de garant°a;EMPRESAS CARBONE, S.A.;Agencia de autos;Forthing;Auto;30000;En proceso;;;;;2024
Veh°culo a Motor;Panam†;Ley 14 de 2018;45415;May 24;Incumplimiento de garant°a;RICARDO PEREZ, S.A.;Agencia de autos;Toyota;Auto;19500;Desistimiento;;45462;Jun 24;2024;2024
Veh°culo a Motor;Panam†;Ley 14 de 2018;45415;May 24;Incumplimiento de garant°a;AUTO UNO DE PANAMA, S.A.;Agencia de autos;Honda;Auto;11160.24;En proceso;;;;;2024
Veh°culo a Motor;Panam†;Ley 14 de 2018;45418;May 24;Incumplimiento de garant°a;GRUPO SILABA;Agencia de autos;KIA;Auto;26395;En proceso;;;;;2024
Veh°culo a Motor;Panam†;Ley 14 de 2018;45420;May 24;Incumplimiento de garant°a;TALLER EINAR AGUA Y SOL;Agencia de autos;Honda;Auto;715;En proceso;;;;;2024
Veh°culo a Motor;Panam†;Ley 14 de 2018;45420;May 24;Incumplimiento de servicio;ALL MOTORS PANAMµ;AlmacÇn por departamentos;Aprilia;Moto;298.13;En proceso;;;;;2024
Veh°culo a Motor;Panam†;Ley 14 de 2018;45425;May 24;Incumplimiento de garant°a;ROCK CARS AUTOS USADOS;Agencia de autos;KIA;Auto;5500;En proceso;;;;;2024
Veh°culo a Motor;Panam†;Ley 14 de 2018;45425;May 24;Falta de informaci¢n;AUTOS PLATINIUM;Ferreter°as, materiales de construccion o similares;KIA;Auto;4000;En proceso;;;;;2024
Veh°culo a Motor;Panam†;Ley 14 de 2018;45428;May 24;Incumplimiento de garant°a;ROCK CARS AUTOS USADOS;Agencia de autos;Chevrolet;Auto;3950;En proceso;;;;;2024
Veh°culo a Motor;Panam†;Ley 14 de 2018;45429;May 24;Incumplimiento de garant°a;BAY MOTORS, S.A.;Agencia de autos;Geely;Auto;24500;En proceso;;;;;2024
Veh°culo a Motor;Panam†;Ley 14 de 2018;45429;May 24;Incumplimiento de contrato;LEVEL UP 360, S.A.;AlmacÇn de ropa y calzados;KIA;Auto;6700;Desistimiento;;45569;Oct 24;2024;2024
Veh°culo a Motor;Panam†;Ley 14 de 2018;45432;May 24;Incumplimiento de servicio;AUTO CENTRO;AlmacÇn por departamentos;Nissan;Auto;2100.84;Ordena correcci¢n;;45589;Oct 24;2024;2024
Veh°culo a Motor;Panam†;Ley 14 de 2018;45433;May 24;Falta de informaci¢n;RENT A CAR PANAME•A, S.A.;Ferreter°as, materiales de construccion o similares;Suzuki;Auto;399.99;En proceso;;;;;2024
Veh°culo a Motor;Panam†;Ley 14 de 2018;45435;May 24;Incumplimiento de garant°a;AVA POWER, S.A.;Agencia de autos;Ava;Auto;1600;En proceso;;;;;2024
Veh°culo a Motor;Panam†;Ley 14 de 2018;45435;May 24;Incumplimiento de garant°a;ICE MAKERS, S.A.;Agencia de autos;Ford;Auto;378.88;En proceso;;;;;2024
Veh°culo a Motor;Panam†;Ley 14 de 2018;45439;May 24;Incumplimiento de garant°a;AUTOS POPULAR, S.A.;Agencia de autos;KIA;Auto;770.22;En proceso;;;;;2024
Veh°culo a Motor;Panam†;Ley 14 de 2018;45439;May 24;Incumplimiento de garant°a;GRUPO AUTO BUSINESS, S.A.;Agencia de autos;KIA;Auto;9604.55;En proceso;;;;;2024
Veh°culo a Motor;Panam†;Ley 14 de 2018;45440;May 24;Custodia de bien;MAGIC TOWING, S.A.;Env°o de dinero;Toyota;Auto;2219.26;Inhibe;;45478;Jul 24;2024;2024
Veh°culo a Motor;Panam†;Ley 14 de 2018;45441;May 24;Incumplimiento de garant°a;GRUPO SILABA;Agencia de autos;KIA;Auto;14995;En proceso;;;;;2024
Veh°culo a Motor;Panam†;Ley 14 de 2018;45441;May 24;Falta de informaci¢n;AUTOS POPULAR, S.A.;Ferreter°as, materiales de construccion o similares;Hyundai;Auto;5870;En proceso;;;;;2024
Veh°culo a Motor;Panam†;Ley 14 de 2018;45442;May 24;Incumplimiento de garant°a;GRUPO SILABA Y GRUPO Q;Agencia de autos;Chevrolet;Auto;26000;En proceso;;;;;2024
Decisi¢n;Panam†;Ley 45 de 2007;45414;May 24;Falta de informaci¢n;INVERSIONES EL CREPÈSCULO, S.A.;Funerarias;;;31;Resoluciones/Varios;;45442;May 24;2024;2024
Decisi¢n;Panam†;Ley 45 de 2007;45414;May 24;Falta de informaci¢n;INVERSIONES EL CREPÈSCULO, S.A.;Funerarias;;;20;Desistimiento;;45435;May 24;2024;2024
Decisi¢n;Panam†;Ley 45 de 2007;45419;May 24;Falta de informaci¢n;INVERSIONES EL CREPÈSCULO, S.A.;Funerarias;;;24;Pendiente constancia desistimiento;;45450;Jun 24;2024;2024
Decisi¢n;Panam†;Ley 45 de 2007;45415;May 24;Incumplimiento de garant°a;TECNOBYTE STORE, S.A.;ElectrodomÇsticos/equipos electr¢nicos;HP;Laptop;1273.29;Resoluci¢n/Reparar;;45589;Oct 24;2024;2024
Decisi¢n;Panam†;Ley 45 de 2007;45419;May 24;Falta de informaci¢n;COPA AIR;L°neas aÇreas;;;997.6;En proceso;;;;;2024
Decisi¢n;Panam†;Ley 45 de 2007;45419;May 24;Incumplimiento de garant°a;PREMIER;ElectrodomÇsticos/equipos electr¢nicos;;;674.09;Acuerdo en audiencia/Reparaci¢n;;45520;Ago 24;2024;2024
Decisi¢n;Panam†;Ley 45 de 2007;45419;May 24;Resoluci¢n de contrato;SMART FIT;Gimnasio y centros deportivos;;;26.74;Pendiente constancia desistimiento;;45484;Jul 24;2024;2024
Decisi¢n;Panam†;Ley 45 de 2007;45419;May 24;Falta de informaci¢n;TU BIENESTAR COMPANY, S.A.;Funerarias;;;24;Desistimiento;;45446;Jun 24;2024;2024
Decisi¢n;Panam†;Ley 45 de 2007;45420;May 24;Resoluci¢n de contrato;SKY PANAMµ;Tv por cable;;;30.13;Acuerdo en audiencia/Varios;;45511;Ago 24;2024;2024
Decisi¢n;Panam†;Ley 45 de 2007;45422;May 24;Incumplimiento de garant°a;E-VISION;Muebler°a/equipo electr¢nico;Samsung;Refrigeradora;1545.65;Pendiente constancia desistimiento;;45541;Sep 24;2024;2024
Decisi¢n;Panam†;Ley 45 de 2007;45419;May 24;Resoluci¢n de contrato;SKY PANAMµ;Tv por cable;;;19.99;Acuerdo en audiencia/Varios;;45513;Ago 24;2024;2024
Decisi¢n;Panam†;Ley 45 de 2007;45420;May 24;Incumplimiento de servicio;SERVIDEALES;Repuestos y reparaciones (talleres varios no autos);;;37.45;Acuerdo en audiencia/Devoluci¢n de dinero;37.45;45481;Jul 24;2024;2024
Decisi¢n;Panam†;Ley 45 de 2007;45420;May 24;Falta de informaci¢n;INVERSIONES EL CREPÈSCULO, S.A.;Funerarias;;;22;Ministerio P£blico;;45464;Jun 24;2024;2024
Decisi¢n;Panam†;Ley 45 de 2007;45420;May 24;Incumplimiento de servicio;REPARO TU EQUIPO PTY;Repuestos y reparaciones (talleres varios no autos);;Laptop;813.81;Resoluci¢n/Devoluci¢n;813.81;45589;Oct 24;2024;2024
Decisi¢n;Panam†;Ley 45 de 2007;45420;May 24;Falta de informaci¢n;UNIVERSIDAD LATINA DE PANAMµ;Universidad;;;30;En proceso;;;;;2024
Decisi¢n;Panam†;Ley 45 de 2007;45420;May 24;Resoluci¢n de contrato;SMART FIT;Gimnasio y centros deportivos;;;32.09;Desistimiento;;45469;Jun 24;2024;2024
Decisi¢n;Panam†;Ley 45 de 2007;45421;May 24;Falta de informaci¢n;INVERSIONES EL CREPÈSCULO, S.A.;Funerarias;;;29;Desistimiento;;45447;Jun 24;2024;2024
Decisi¢n;Panam†;Ley 45 de 2007;45420;May 24;Falta de informaci¢n;INVERSIONES EL CREPÈSCULO, S.A.;Funerarias;;;31;Desistimiento;;45442;May 24;2024;2024
Decisi¢n;Panam†;Ley 45 de 2007;45428;May 24;Custodia de bien;PHOTURA;ElectrodomÇsticos/equipos electr¢nicos;;Extractor de grasa;85.55;Pendiente constancia desistimiento;;45469;Jun 24;2024;2024
Decisi¢n;Panam†;Ley 45 de 2007;45439;May 24;Resoluci¢n de contrato;SPORTY PANAMA, S.A.;Gimnasio y centros deportivos;;;61.61;Acuerdo en audiencia/Devoluci¢n de dinero;;45520;Ago 24;2024;2024
Decisi¢n;Panam†;Ley 45 de 2007;45426;May 24;Falta de informaci¢n;CRêDITOS BAHIA;Muebler°a/equipo electr¢nico;;;140;Desistimiento/Devoluci¢n;140;45442;May 24;2024;2024
Decisi¢n;Panam†;Ley 45 de 2007;45426;May 24;Incumplimiento de garant°a;MOBILES ETC;Celulares;Samsung;Celular;115;Pendiente constancia desistimiento;;45625;Nov 24;2024;2024
Decisi¢n;Panam†;Ley 45 de 2007;45436;May 24;Resoluci¢n de contrato;SPORTY PANAMA, S.A.;Gimnasio y centros deportivos;;;28.88;Desistimiento;;45457;Jun 24;2024;2024
Decisi¢n;Panam†;Ley 45 de 2007;45426;May 24;Incumplimiento de garant°a;PRICESMART;AlmacÇn por departamentos;JVC;Televisor;299.59;Desistimiento;;45469;Jun 24;2024;2024
Decisi¢n;Panam†;Ley 45 de 2007;45427;May 24;Cobro indebido;UNIVERSIDAD INTERAMERICANA DE PANAMµ;Universidad;;;2135.12;En proceso;;;;;2024
Decisi¢n;Panam†;Ley 45 de 2007;45427;May 24;Custodia de bien;SMART TV;Repuestos y reparaciones (talleres varios no autos);Sony;Televisor;2079.92;En proceso;;;;;2024
Decisi¢n;Panam†;Ley 45 de 2007;45428;May 24;Incumplimiento de servicio;MOONLIGTH VENTURES;Servicios de instalaci¢n;;;1200;Desistimiento;;45442;May 24;2024;2024
Decisi¢n;Panam†;Ley 45 de 2007;45428;May 24;Incumplimiento de garant°a;COMPRA Y VENTAS MANUEL;Tiendas, abarroterias,bancos,kioscos, etc;;;30;Acuerdo en audiencia/Reemplazo;;45464;Jun 24;2024;2024
Decisi¢n;Panam†;Ley 45 de 2007;45429;May 24;Incumplimiento de garant°a;ASHLEY FURNITURE HOME STORE;Muebler°as;;;673.35;Acuerdo en audiencia/Varios;;45482;Jul 24;2024;2024
Decisi¢n;Panam†;Ley 45 de 2007;45427;May 24;Falta de informaci¢n;WINGO;L°neas aÇreas;;;120.01;En proceso;;;;;2024
Decisi¢n;Panam†;Ley 45 de 2007;45427;May 24;Incumplimiento de garant°a;YK MOBILE;Celulares;;Celular;55;Desistimiento;;45470;Jun 24;2024;2024
Decisi¢n;Panam†;Ley 45 de 2007;45429;May 24;Incumplimiento de garant°a;CELL PHONE EL DORADO;Celulares;Samsung;Celular;373.43;En proceso;;;;;2024
Decisi¢n;Panam†;Ley 45 de 2007;45428;May 24;Incumplimiento de garant°a;H & L MOBILE;Celulares;;;321;Desistimiento/Devoluci¢n;321;45463;Jun 24;2024;2024
Decisi¢n;Panam†;Ley 45 de 2007;45428;May 24;Incumplimiento de garant°a;DISTRIBUIDORA HIPERMARKET, S.A.;Distribuidoras e importadoras;;Planta generadora de luz elÇctrica;106.98;Resoluci¢n/Reparar;;45579;Oct 24;2024;2024
Decisi¢n;Panam†;Ley 45 de 2007;45429;May 24;Incumplimiento de servicio;HOME DESIGN PANAMµ;F†bricas de muebles;;;3840;En proceso;;;;;2024
Decisi¢n;Panam†;Ley 45 de 2007;45429;May 24;Falta de informaci¢n;AEROREGIONAL INTERNACIONAL;L°neas aÇreas;;;600;Desistimiento;;45455;Jun 24;2024;2024
Decisi¢n;Panam†;Ley 45 de 2007;45429;May 24;Incumplimiento de garant°a;MULTIMAX;ElectrodomÇsticos/equipos electr¢nicos;;;139.07;Desistimiento;;45442;May 24;2024;2024
Decisi¢n;Panam†;Ley 45 de 2007;45429;May 24;Falta de informaci¢n;TU BIENESTAR COMPANY, S.A.;Funerarias;;;24;Desistimiento;;45457;Jun 24;2024;2024
Decisi¢n;Panam†;Ley 45 de 2007;45429;May 24;Falta de informaci¢n;TU BIENESTAR COMPANY, S.A.;Funerarias;;;24;Desistimiento;;45468;Jun 24;2024;2024
Decisi¢n;Panam†;Ley 45 de 2007;45434;May 24;Resoluci¢n de contrato;TIGO PANAMµ;Telefonia;;;30.26;Pendiente constancia desistimiento;;45475;Jul 24;2024;2024
Decisi¢n;Panam†;Ley 45 de 2007;45432;May 24;Falta de informaci¢n;CONCEPT SPORT, S.A.;AlmacÇn de ropa y calzados;;;32;Resoluci¢n/Devoluci¢n;32.09;45485;Jul 24;2024;2024
Decisi¢n;Panam†;Ley 45 de 2007;45432;May 24;Falta de informaci¢n;PHOTURA;ElectrodomÇsticos/equipos electr¢nicos;;;417.25;Pendiente constancia desistimiento;;45477;Jul 24;2024;2024
Decisi¢n;Panam†;Ley 45 de 2007;45432;May 24;Falta de informaci¢n;IBERIA PANAMµ;Agencias de viajes;;;3140.69;En proceso;;;;;2024
Decisi¢n;Panam†;Ley 45 de 2007;45434;May 24;Falta de informaci¢n;INVERSIONES EL CREPÈSCULO, S.A.;Funerarias;;;24;Abandono;;45510;Ago 24;2024;2024
Decisi¢n;Panam†;Ley 45 de 2007;45434;May 24;Falta de informaci¢n;VIANAYA TRAVEL INC.;Agencias de viajes;;;125;En proceso;;;;;2024
Decisi¢n;Panam†;Ley 45 de 2007;45434;May 24;Falta de informaci¢n;INFINITE BUSINESS TRADERS, S.A.;Muebler°a/equipo electr¢nico;;Televisor;350;Desistimiento/Devoluci¢n;350;45442;May 24;2024;2024
Decisi¢n;Panam†;Ley 45 de 2007;45434;May 24;Incumplimiento de garant°a;MUNDO DIGITAL INTERNACIONAL, S.A.;ElectrodomÇsticos/equipos electr¢nicos;;Secador de cabello;126.44;Desistimiento;;45448;Jun 24;2024;2024
Decisi¢n;Panam†;Ley 45 de 2007;45436;May 24;Incumplimiento de garant°a;PREMIER;Muebler°a/equipo electr¢nico;;Aire acondicionado;310.3;Desistimiento/Devoluci¢n;310.3;45450;Jun 24;2024;2024
Decisi¢n;Panam†;Ley 45 de 2007;45439;May 24;Falta de informaci¢n;THE KINGS SCHOOL;Escuelas / colegio;;;760;Desistimiento;;45475;Jul 24;2024;2024
Decisi¢n;Panam†;Ley 45 de 2007;45436;May 24;Incumplimiento de garant°a;CELL UNIVERSE;Celulares;Samsung;Celular;330;Desistimiento/Devoluci¢n;330;45510;Ago 24;2024;2024
Decisi¢n;Panam†;Ley 45 de 2007;45436;May 24;Falta de informaci¢n;INVERSIONES EL CREPÈSCULO, S.A.;Funerarias;;;24;Desistimiento;;45455;Jun 24;2024;2024
Decisi¢n;Panam†;Ley 45 de 2007;45436;May 24;Falta de informaci¢n;VERONA WEST INVESTMENT, S.A.;Inmobiliarias;;Vivienda;167.19;En proceso;;;;;2024
Decisi¢n;Panam†;Ley 45 de 2007;45436;May 24;Incumplimiento de servicio;SMART SYSTEMS TECHNOLOGY;Repuestos y reparaciones (talleres varios no autos);;Computadora;283.55;Pendiente constancia desistimiento;;45447;Jun 24;2024;2024
Decisi¢n;Panam†;Ley 45 de 2007;45436;May 24;Falta de informaci¢n;TU BIENESTAR COMPANY, S.A.;Funerarias;;;24;Desistimiento;;45457;Jun 24;2024;2024
Decisi¢n;Panam†;Ley 45 de 2007;45436;May 24;Incumplimiento de garant°a;PRIXE;ElectrodomÇsticos/equipos electr¢nicos;;;69.99;Resoluci¢n/Reemplazo;;45485;Jul 24;2024;2024
Decisi¢n;Panam†;Ley 45 de 2007;45436;May 24;Incumplimiento de garant°a;BOCACY BLINDS;Servicios Profesionales;;;305.19;En proceso;;;;;2024
Decisi¢n;Panam†;Ley 45 de 2007;45443;May 24;Incumplimiento de contrato;CABLE & WIRELESS PANAMµ;Telefonia;;;13.46;Pendiente constancia desistimiento;;45537;Sep 24;2024;2024
Decisi¢n;Panam†;Ley 45 de 2007;45443;May 24;Incumplimiento de garant°a;MULTIMAX;ElectrodomÇsticos/equipos electr¢nicos;;;519.97;En proceso;;;;;2024
Decisi¢n;Panam†;Ley 45 de 2007;45439;May 24;Incumplimiento de garant°a;TIGO PANAMµ;Telefonia;Samsung;Celular;884.95;Pendiente constancia desistimiento;884.95;45463;Jun 24;2024;2024
Decisi¢n;Panam†;Ley 45 de 2007;45443;May 24;Falta de informaci¢n;INVERSIONES EL CREPÈSCULO, S.A.;Funerarias;;;20;En proceso;;;;;2024
Decisi¢n;Panam†;Ley 45 de 2007;45443;May 24;Resoluci¢n de contrato;CABLE & WIRELESS PANAMµ;Telefonia;;;15.25;Pendiente constancia desistimiento;;45483;Jul 24;2024;2024
Decisi¢n;Panam†;Ley 45 de 2007;45443;May 24;Incumplimiento de servicio;FAST SERVICES CENTER;Repuestos y reparaciones (talleres varios no autos);Samsung;Celular;255;En proceso;;;;;2024
Decisi¢n;Panam†;Ley 45 de 2007;45443;May 24;Incumplimiento de garant°a;MIDISTAR, S.A.;ElectrodomÇsticos/equipos electr¢nicos;;Centro de lavado;695.5;Desistimiento/Devoluci¢n;695;45457;Jun 24;2024;2024
Decisi¢n;Panam†;Ley 45 de 2007;45443;May 24;Incumplimiento de servicio;SERVIPLUS PANAMA, S.A.;Servicios de instalaci¢n;;;687.74;Acuerdo en audiencia/Varios;;45541;Sep 24;2024;2024
Decisi¢n;Panam†;Ley 45 de 2007;45443;May 24;Incumplimiento de garant°a;BODAPHONE;Computadoras;Lenovo;Laptop;780;Transacci¢n extrajudicial;;45527;Ago 24;2024;2024
Decisi¢n;Panam†;Ley 45 de 2007;45443;May 24;Incumplimiento de garant°a;MULTITEK INTERNACIONAL, S.A.;ElectrodomÇsticos/equipos electr¢nicos;;Computadora;139;Desistimiento;;45513;Ago 24;2024;2024
Decisi¢n;Panam†;Ley 45 de 2007;45443;May 24;Incumplimiento de garant°a;COCINA INOXIDABLE, S.A.;Servicios Profesionales;;Estufa;3775;En proceso;;;;;2024
Decisi¢n;Panam†;Ley 45 de 2007;45415;May 24;Devoluci¢n de dinero;PLAYA BLANCA RESORT/ARENAS TRAVEL CLUB;Hoteles o planes vacacionales;;;100;En proceso;;;;;2024
Decisi¢n;Panam†;Ley 45 de 2007;45415;May 24;Incumplimiento de garant°a;SERVICIOS MIVA, S.A.;Servicios de instalaci¢n;;;572.91;Acuerdo en audiencia/Devoluci¢n de dinero;572.91;45450;Jun 24;2024;2024
Decisi¢n;Panam†;Ley 45 de 2007;45426;May 24;Devoluci¢n de dinero;GORGONA SUNSHINE, S.A.;Inmobiliarias;;Vivienda;450;En proceso;;;;;2024
Decisi¢n;Panam†;Ley 45 de 2007;45442;May 24;Falta de informaci¢n;INVERSIONES EL CREPÈSCULO, S.A.;Funerarias;;;24;En proceso;;;;;2024
Decisi¢n;Panam†;Ley 45 de 2007;45414;May 24;Incumplimiento de garant°a;MULTIMAX;ElectrodomÇsticos/equipos electr¢nicos;LG;Congelador;1614.04;Pendiente constancia desistimiento;;45435;May 24;2024;2024
Decisi¢n;Bocas del Toro;Ley 45 de 2007;45426;May 24;Custodia de bien;DONALDO GUERRA;Transporte (fletes, encomiendas y similares);;C†mara;15;En proceso;;;;;2024
Veh°culo a Motor;CoclÇ;Ley 14 de 2018;45434;May 24;Da§os y perjuicios;GRUAS GENARINA CORP. EL CAUCHERO N¯ 4;Servicios de gr£as;;Auto;1500;En proceso;;;;;2024
Decisi¢n;CoclÇ;Ley 45 de 2007;45420;May 24;Resoluci¢n de contrato;SKY PANAMµ;Tv por cable;;;57.81;En proceso;;;;;2024
Decisi¢n;CoclÇ;Ley 45 de 2007;45422;May 24;Resoluci¢n de contrato;SKY PANAMµ;Tv por cable;;;28.24;En proceso;;;;;2024
Decisi¢n;CoclÇ;Ley 45 de 2007;45426;May 24;Resoluci¢n de contrato;SKY PANAMµ;Tv por cable;;;26.32;En proceso;;;;;2024
Decisi¢n;CoclÇ;Ley 45 de 2007;45429;May 24;Resoluci¢n de contrato;SKY PANAMµ;Tv por cable;;;26.32;En proceso;;;;;2024
Decisi¢n;CoclÇ;Ley 45 de 2007;45433;May 24;Resoluci¢n de contrato;SKY PANAMµ;Tv por cable;;;19.98;En proceso;;;;;2024
Decisi¢n;CoclÇ;Ley 45 de 2007;45435;May 24;Resoluci¢n de contrato;SKY PANAMµ;Tv por cable;;;24;En proceso;;;;;2024
Decisi¢n;CoclÇ;Ley 45 de 2007;45441;May 24;Vicio oculto;SUMMER BAY SANTA CLARA INC.;Inmobiliarias;;Vivienda;3222.14;En proceso;;;;;2024
Decisi¢n;Col¢n;Ley 45 de 2007;45419;May 24;Falta de informaci¢n;INVERSIONES EL CREPÈSCULO, S.A.;Funerarias;;;26;En proceso;;;;;2024
Decisi¢n;Col¢n;Ley 45 de 2007;45422;May 24;Falta de informaci¢n;INVERSIONES EL CREPÈSCULO, S.A.;Funerarias;;;29;En proceso;;;;;2024
Decisi¢n;Col¢n;Ley 45 de 2007;45426;May 24;Incumplimiento de garant°a;DIGITAL AUDIO Y MUEBLES;AlmacÇn por departamentos;General Electric;Refrigeradora;215;En proceso;;;;;2024
Veh°culo a Motor;Chiriqu°;Ley 14 de 2018;45418;May 24;Incumplimiento de garant°a;COMPA•IA CHIRICANA DE AUTOMOVILES;Taller de reparaci¢n de autos;Mitsubishi;Auto;23599;En proceso;;;;;2024
Decisi¢n;Chiriqu°;Ley 45 de 2007;45426;May 24;Rescindir contrato;SKY PANAMµ;Tv por cable;;;23.98;En proceso;;;;;2024
Decisi¢n;Chiriqu°;Ley 45 de 2007;45427;May 24;Rescindir contrato;SKY PANAMµ;Tv por cable;;;23.99;En proceso;;;;;2024
Decisi¢n;Chiriqu°;Ley 45 de 2007;45428;May 24;Rescindir contrato;SKY PANAMµ;Tv por cable;;;46.34;En proceso;;;;;2024
Decisi¢n;Chiriqu°;Ley 45 de 2007;45433;May 24;Rescindir contrato;SKY PANAMµ;Tv por cable;;;28.34;En proceso;;;;;2024
Decisi¢n;Chiriqu°;Ley 45 de 2007;45433;May 24;Rescindir contrato;SKY PANAMµ;Tv por cable;;;24;En proceso;;;;;2024
Decisi¢n;Chiriqu°;Ley 45 de 2007;45436;May 24;Rescindir contrato;SKY PANAMµ;Tv por cable;;;57;En proceso;;;;;2024
Decisi¢n;Chiriqu°;Ley 45 de 2007;45440;May 24;Rescindir contrato;SKY PANAMµ;Tv por cable;;;31.11;En proceso;;;;;2024
Decisi¢n;Chiriqu°;Ley 45 de 2007;45433;May 24;Incumplimiento de garant°a;INVERSIONES Y FINANZAS PERLAS, S.A.;Joyer°a/Relojer°as;;;221.49;En proceso;;;;;2024
Decisi¢n;Chiriqu°;Ley 45 de 2007;45439;May 24;Devoluci¢n de dinero;NETBUY PANAMA;Ventas por internet;;;229;En proceso;;;;;2024
Decisi¢n;Chiriqu°;Ley 45 de 2007;45440;May 24;Resoluci¢n de contrato;KG INMOBILIARIA, S.A.;Inmobiliarias;;Vivienda;2129.8;En proceso;;;;;2024
Veh°culo a Motor;Herrera;Ley 14 de 2018;45435;May 24;Falta de informaci¢n;COMPRA Y VENTA DE AUTOS MAR÷A;Venta de autos usados;;Auto;7000;En proceso;;;;;2024
Decisi¢n;Herrera;Ley 45 de 2007;45426;May 24;Rescindir contrato;SKY PANAMµ;Tv por cable;;;23.98;En proceso;;;;;2024
Decisi¢n;Herrera;Ley 45 de 2007;45427;May 24;Rescindir contrato;SKY PANAMµ;Tv por cable;;;23.99;En proceso;;;;;2024
Decisi¢n;Herrera;Ley 45 de 2007;45428;May 24;Rescindir contrato;SKY PANAMµ;Tv por cable;;;46.34;En proceso;;;;;2024
Decisi¢n;Herrera;Ley 45 de 2007;45433;May 24;Rescindir contrato;SKY PANAMµ;Tv por cable;;;28.34;En proceso;;;;;2024
Decisi¢n;Herrera;Ley 45 de 2007;45433;May 24;Rescindir contrato;SKY PANAMµ;Tv por cable;;;24;En proceso;;;;;2024
Decisi¢n;Herrera;Ley 45 de 2007;45436;May 24;Rescindir contrato;SKY PANAMµ;Tv por cable;;;57;En proceso;;;;;2024
Decisi¢n;Herrera;Ley 45 de 2007;45440;May 24;Rescindir contrato;SKY PANAMµ;Tv por cable;;;31.11;En proceso;;;;;2024
Decisi¢n;Los Santos;Ley 45 de 2007;45425;May 24;Rescindir contrato;SKY PANAMµ;Telefonia;;;89.9;Desistimiento;;45463;Jun 24;2024;2024
Decisi¢n;Los Santos;Ley 45 de 2007;45425;May 24;Rescindir contrato;SKY PANAMµ;Telefonia;;;20;Desistimiento;;45467;Jun 24;2024;2024
Decisi¢n;Los Santos;Ley 45 de 2007;45429;May 24;Rescindir contrato;SKY PANAMµ;Telefonia;;;23.99;Desistimiento;;45594;Oct 24;2024;2024
Decisi¢n;Los Santos;Ley 45 de 2007;45429;May 24;Anulaci¢n de contrato;ALMACEN PRAGA;Computadoras;;Computadora;425;En proceso;;;;;2024
Decisi¢n;Los Santos;Ley 45 de 2007;45435;May 24;Incumplimiento de garant°a;ECNOMUEBLES LAS TABLAS;Muebler°a/equipo electr¢nico;Hisense;Refrigeradora;360;Acuerdo en audiencia/Reemplazo;;45588;Oct 24;2024;2024
Decisi¢n;Los Santos;Ley 45 de 2007;45440;May 24;Anulaci¢n de contrato;CLASS ZONA LIBRE, S.A.;Videojuegos;;Playstation;135;En proceso;;;;;2024
Decisi¢n;Veraguas;Ley 45 de 2007;45414;May 24;Incumplimiento de garant°a;TOTAL TOOLS;Ferreter°as, materiales de construccion o similares;;Bomba de agua;127.28;En proceso;;;;;2024
Decisi¢n;Veraguas;Ley 45 de 2007;45421;May 24;Incumplimiento de garant°a;CELL & ELECTRONIC;Celulares;Honor;Celular;140;Desistimiento;;45588;Oct 24;2024;2024
Decisi¢n;Veraguas;Ley 45 de 2007;45432;May 24;Falta de informaci¢n;GREEN HOUSE SANTIAGO, S.A.;Inmobiliarias;;Vivienda;3650;En proceso;;;;;2024
Decisi¢n;Veraguas;Ley 45 de 2007;45432;May 24;Rescindir contrato;MAS MOVIL;Telefonia;;Celular;18.9;Desistimiento;;45610;Nov 24;2024;2024
Decisi¢n;Veraguas;Ley 45 de 2007;45434;May 24;Resoluci¢n de contrato;MAS MOVIL;Comunicaciones / internet;;Celular;17.68;Desistimiento;;45610;Nov 24;2024;2024
Decisi¢n;Veraguas;Ley 45 de 2007;45434;May 24;Incumplimiento de garant°a;ELECSOL PANAMµ, S.A.;Servicios de instalaci¢n;;Panel solar;2361.23;En proceso;;;;;2024
Decisi¢n;Veraguas;Ley 45 de 2007;45435;May 24;Falta de informaci¢n;STELL WALDING & MAS;Ferreter°as, materiales de construccion o similares;;;56.06;En proceso;;;;;2024
Decisi¢n;Veraguas;Ley 45 de 2007;45441;May 24;Falta de informaci¢n;INVERSIONES EL CREPÈSCULO, S.A.;Funerarias;;;48;En proceso;;;;;2024
Veh°culo a Motor;Pm† Oeste;Ley 14 de 2018;45415;May 24;Incumplimiento de servicio;LA CASA DE LAS BATERIAS;Repuestos para autos;;;603.16;En proceso;;;;;2024
Veh°culo a Motor;Pm† Oeste;Ley 14 de 2018;45420;May 24;Incumplimiento de garant°a;PANAMA WATERSPORT, S.A.;Agencia de motos;;Moto;4500;En proceso;;;;;2024
Decisi¢n;Pm† Oeste;Ley 45 de 2007;45418;May 24;Falta de informaci¢n;GRUPO ELECTROCOM S.A.;ElectrodomÇsticos/equipos electr¢nicos;Sankey;Aire acondicionado;471.82;En proceso;;;;;2024
Decisi¢n;Pm† Oeste;Ley 45 de 2007;45421;May 24;Resoluci¢n de contrato;SKY PANAMµ;Servicios de instalaci¢n;;;37.11;En proceso;;;;;2024
Decisi¢n;Pm† Oeste;Ley 45 de 2007;45421;May 24;Falta de informaci¢n;MAS LENTES PANAMµ;Opticas;;;139.09;En proceso;;;;;2024
Decisi¢n;Pm† Oeste;Ley 45 de 2007;45426;May 24;Incumplimiento de servicio;NUTRI SALUD PANAMA;Centros de estÇticas;;;160.5;Desistimiento/Devoluci¢n;160.5;45525;Ago 24;2024;2024
Decisi¢n;Pm† Oeste;Ley 45 de 2007;45427;May 24;Da§os y perjuicios;MAC INSTRUMENTS INDUSTRY, INC.;Inmobiliarias;;;522.87;En proceso;;;;;2024
Decisi¢n;Pm† Oeste;Ley 45 de 2007;45427;May 24;Incumplimiento de garant°a;PREMIER;ElectrodomÇsticos/equipos electr¢nicos;Premier;Aire acondicionado;267.49;En proceso;;;;;2024
Decisi¢n;Pm† Oeste;Ley 45 de 2007;45428;May 24;Incumplimiento de garant°a;ACERO Y MODULARES, S.A.;Servicios Profesionales;;;165.84;En proceso;;;;;2024
Decisi¢n;Pm† Oeste;Ley 45 de 2007;45429;May 24;Anulaci¢n de contrato;DESARROLLO ESPECIALIZADO DE INVERSI‡N, S.A.;Inmobiliarias;;;1363;En proceso;;;;;2024
Decisi¢n;Pm† Oeste;Ley 45 de 2007;45443;May 24;Incumplimiento de garant°a;PREMIER;ElectrodomÇsticos/equipos electr¢nicos;Premier;Aire acondicionado;513.59;En proceso;;;;;2024
Decisi¢n;Pm† Oeste;Ley 45 de 2007;45443;May 24;Incumplimiento de garant°a;PREMIER;ElectrodomÇsticos/equipos electr¢nicos;Premier;Aire acondicionado;353.07;En proceso;;;;;2024
Veh°culo a Motor;Panam†;Ley 14 de 2018;45446;Jun 24;Incumplimiento de garant°a;LEVEL UP 360, S.A.;Venta de autos usados;Hyundai;Auto;6000;En proceso;;;;;2024
Veh°culo a Motor;Panam†;Ley 14 de 2018;45446;Jun 24;Incumplimiento de servicio;CCMCARS CENTRO AUTOMOTRIZ;Taller de reparaci¢n de autos;Ford;Auto;950;En proceso;;;;;2024
Veh°culo a Motor;Panam†;Ley 14 de 2018;45447;Jun 24;Falta de informaci¢n;GET A CAR;Venta de autos usados;Hyundai;Auto;4000;Desistimiento;;45484;Jul 24;2024;2024
Veh°culo a Motor;Panam†;Ley 14 de 2018;45447;Jun 24;Falta de informaci¢n;TOTAL CARS;Venta de autos usados;Hyundai;Auto;4100;En proceso;;;;;2024
Veh°culo a Motor;Panam†;Ley 14 de 2018;45447;Jun 24;Falta de informaci¢n;VICTORIA EXECUTIVE TOURS;Alquiler de autos;;Auto;100;Desistimiento;;45484;Jul 24;2024;2024
Veh°culo a Motor;Panam†;Ley 14 de 2018;45448;Jun 24;Incumplimiento de garant°a;SALGADO CARS & SYM;Venta de autos usados;Honda;Auto;3000;En proceso;;;;;2024
Veh°culo a Motor;Panam†;Ley 14 de 2018;45448;Jun 24;Incumplimiento de contrato;EUROPCAR PANAMµ;Alquiler de autos;Hyundai;Auto;258.05;Desistimiento;;45569;Oct 24;2024;2024
Veh°culo a Motor;Panam†;Ley 14 de 2018;45449;Jun 24;Incumplimiento de contrato;RICARDO PEREZ, S.A.;Agencia de autos;Toyota;Auto;20500;En proceso;;;;;2024
Veh°culo a Motor;Panam†;Ley 14 de 2018;45449;Jun 24;Incumplimiento de garant°a;DISTRIBUIDORA AUTOMOTRIZ FORTUNE;Agencia de autos;Changan;Auto;14288;En proceso;;;;;2024
Veh°culo a Motor;Panam†;Ley 14 de 2018;45450;Jun 24;Incumplimiento de garant°a;GRUPO SICILIA, S.A.;Repuestos para autos;Mazda;Auto;224.15;En proceso;;;;;2024
Veh°culo a Motor;Panam†;Ley 14 de 2018;45453;Jun 24;Incumplimiento de servicio;MEH REPARACIONES;Taller de reparaci¢n de autos;BMW;Auto;3600;En proceso;;;;;2024
Veh°culo a Motor;Panam†;Ley 14 de 2018;45453;Jun 24;Incumplimiento de garant°a;DYNO RACING PTY;Repuestos para autos;Toyota;Auto;485;En proceso;;;;;2024
Veh°culo a Motor;Panam†;Ley 14 de 2018;45454;Jun 24;Incumplimiento de garant°a;DISTRIBUIDORA DAVID, S.A.;Agencia de autos;JAC;Auto;22500;En proceso;;;;;2024
Veh°culo a Motor;Panam†;Ley 14 de 2018;45455;Jun 24;Incumplimiento de garant°a;GAC MOTOR;Agencia de autos;GAC;Auto;24499.99;En proceso;;;;;2024
Veh°culo a Motor;Panam†;Ley 14 de 2018;45455;Jun 24;Incumplimiento de garant°a;DISTRIBUIDORA DE MOTORES, S.A.;Venta de autos usados;Nissan;Auto;775.83;En proceso;;;;;2024
Veh°culo a Motor;Panam†;Ley 14 de 2018;45455;Jun 24;Falta de informaci¢n;COMPA•IA CHIRICANA DE AUTOMOVILES;Agencia de autos;Mitsubishi;Auto;76.11;En proceso;;;;;2024
Veh°culo a Motor;Panam†;Ley 14 de 2018;45456;Jun 24;Incumplimiento de garant°a;GRUPO SILABA;Agencia de autos;KIA;Auto;14995;En proceso;;;;;2024
Veh°culo a Motor;Panam†;Ley 14 de 2018;45457;Jun 24;Incumplimiento de garant°a;AUTOMOTORA AUTOSTAR, S.A.;Agencia de autos;JEEP;Auto;28990;En proceso;;;;;2024
Veh°culo a Motor;Panam†;Ley 14 de 2018;45457;Jun 24;Incumplimiento de garant°a;GRUPO SILABA;Agencia de autos;KIA;Auto;224.7;En proceso;;;;;2024
Veh°culo a Motor;Panam†;Ley 14 de 2018;45460;Jun 24;Incumplimiento de contrato;TOTAL CARS;Venta de autos usados;Toyota;Auto;18500;En proceso;;;;;2024
Veh°culo a Motor;Panam†;Ley 14 de 2018;45460;Jun 24;Incumplimiento de garant°a;AUTOS PLATINIUM;Venta de autos usados;Toyota;Auto;6000;En proceso;;;;;2024
Veh°culo a Motor;Panam†;Ley 14 de 2018;45460;Jun 24;Incumplimiento de servicio;SEGA MOTORÔS;Taller de reparaci¢n de autos;Skoda;Auto;402.7;En proceso;;;;;2024
Veh°culo a Motor;Panam†;Ley 14 de 2018;45460;Jun 24;Vicio oculto;AUTOS PREMIUM 507, S.A.;Venta de autos usados;Dodge;Auto;8300;En proceso;;;;;2024
Veh°culo a Motor;Panam†;Ley 14 de 2018;45462;Jun 24;Falta de informaci¢n;MEGA CAR;Venta de autos usados;;Auto;3500;En proceso;;;;;2024
Veh°culo a Motor;Panam†;Ley 14 de 2018;45463;Jun 24;Incumplimiento de garant°a;GRUPO Q INVESTMENTS, S.A.;Agencia de autos;Peugeot;Auto;26990;En proceso;;;;;2024
Veh°culo a Motor;Panam†;Ley 14 de 2018;45463;Jun 24;Incumplimiento de servicio;AUTOS CENTRAL PTY;Venta de autos usados;;Auto;604.87;En proceso;;;;;2024
Veh°culo a Motor;Panam†;Ley 14 de 2018;45463;Jun 24;Incumplimiento de garant°a;GRUPO SILABA;Agencia de autos;KIA;Auto;14995;En proceso;;;;;2024
Veh°culo a Motor;Panam†;Ley 14 de 2018;45464;Jun 24;Incumplimiento de garant°a;AUTO GLOBAL PARTS;Taller de reparaci¢n de autos;Suzuki;Auto;2130.81;En proceso;;;;;2024
Veh°culo a Motor;Panam†;Ley 14 de 2018;45464;Jun 24;Incumplimiento de garant°a;MULTIPIEZAS INTERNACIONAL, S.A.;Repuestos para autos;Hyundai;Auto;948;En proceso;;;;;2024
Veh°culo a Motor;Panam†;Ley 14 de 2018;45467;Jun 24;Incumplimiento de garant°a;RADIADORES Y REFRIGERACION;Taller de reparaci¢n de autos;Hyundai;Auto;380;En proceso;;;;;2024
Veh°culo a Motor;Panam†;Ley 14 de 2018;45467;Jun 24;Incumplimiento de garant°a;TOTAL CARS;Venta de autos usados;Isuzu;Auto;7000;En proceso;;;;;2024
Veh°culo a Motor;Panam†;Ley 14 de 2018;45467;Jun 24;Incumplimiento de servicio;AIRE SI;Taller de reparaci¢n de autos;KIA;Auto;224.7;Desistimiento;;45569;Oct 24;2024;2024
Veh°culo a Motor;Panam†;Ley 14 de 2018;45468;Jun 24;Incumplimiento de garant°a;TOTAL CARS;Venta de autos usados;;Auto;2134.24;En proceso;;;;;2024
Veh°culo a Motor;Panam†;Ley 14 de 2018;45469;Jun 24;Incumplimiento de garant°a;SANTY CARS 507;Venta de autos usados;Toyota;Auto;5500;En proceso;;;;;2024
Veh°culo a Motor;Panam†;Ley 14 de 2018;45469;Jun 24;Incumplimiento de servicio;DISTRIBUIDORA DAVID FORD COMPANY, S.A.;Agencia de autos;Ford;Auto;160.5;Desistimiento;;45560;Sep 24;2024;2024
Veh°culo a Motor;Panam†;Ley 14 de 2018;45470;Jun 24;Incumplimiento de servicio;PETROAUTOS, S.A.;Agencia de autos;Hyundai;Auto;246.16;En proceso;;;;;2024
Veracidad;Panam†;Ley 45 de 2007;45470;Jun 24;Veracidad de la publicidad;ALISS PACIFIC CENTER;AlmacÇn por departamentos;;;36.7;Pendiente constancia desistimiento;;45485;Jul 24;2024;2024
Decisi¢n;Panam†;Ley 45 de 2007;45448;Jun 24;Incumplimiento de garant°a;FURNITURE CITY;Muebler°a/equipo electr¢nico;;Colch¢n;1176.48;Desistimiento;;45470;Jun 24;2024;2024
Decisi¢n;Panam†;Ley 45 de 2007;45448;Jun 24;Custodia de bien;DHL PANAMA, S.A.;Servicio de intermediaci¢n;;;2100;En proceso;;;;;2024
Decisi¢n;Panam†;Ley 45 de 2007;45448;Jun 24;Falta de informaci¢n;GRUPO COMPLETO, S.A.;Ventas de colchones;;Colch¢n;535;Desistimiento/Devoluci¢n;535;45513;Ago 24;2024;2024
Decisi¢n;Panam†;Ley 45 de 2007;45449;Jun 24;Falta de informaci¢n;TICKET PLUS;Eventos art°sticos;;;300.08;En proceso;;;;;2024
Decisi¢n;Panam†;Ley 45 de 2007;45449;Jun 24;Venta enga§osa;COMPA•IA ALFARO;Ventas por internet;;;48.56;Desistimiento;;45470;Jun 24;2024;2024
Decisi¢n;Panam†;Ley 45 de 2007;45449;Jun 24;Resoluci¢n de contrato;SKY PANAMµ;Tv por cable;;;20;Acuerdo en audiencia/Varios;;45511;Ago 24;2024;2024
Decisi¢n;Panam†;Ley 45 de 2007;45449;Jun 24;Falta de informaci¢n;INSTITUTO DE FORMACION PANAMA, S.A.;Cursos varios;;;1310;En proceso;;;;;2024
Decisi¢n;Panam†;Ley 45 de 2007;45450;Jun 24;Incumplimiento de servicio;IRON & CONSTRUCTION DESIGN GROUP, S.A.;Servicios Profesionales;;;1733;Pendiente constancia desistimiento;;45519;Ago 24;2024;2024
Decisi¢n;Panam†;Ley 45 de 2007;45456;Jun 24;Falta de informaci¢n;PEDREGAL 11,000 MT, S.A.;Inmobiliarias;;;480;En proceso;;;;;2024
Decisi¢n;Panam†;Ley 45 de 2007;45454;Jun 24;Falta de informaci¢n;AMERICAN CONFORT INC.;Ventas de colchones;;Colch¢n;1449.76;En proceso;;;;;2024
Decisi¢n;Panam†;Ley 45 de 2007;45454;Jun 24;Incumplimiento de garant°a;LA ONDA;AlmacÇn por departamentos;;;203.29;Pendiente constancia desistimiento;;45481;Jul 24;2024;2024
Decisi¢n;Panam†;Ley 45 de 2007;45456;Jun 24;Incumplimiento de garant°a;ANA MUEBLERIA;Muebler°as;;Mueble de sala;765;En proceso;;;;;2024
Decisi¢n;Panam†;Ley 45 de 2007;45456;Jun 24;Custodia de bien;CELL FAST;Computadoras;HP;Laptop;481.49;Pendiente constancia desistimiento;;45509;Ago 24;2024;2024
Decisi¢n;Panam†;Ley 45 de 2007;45456;Jun 24;Incumplimiento de garant°a;RESIDENCIAL PORTAL DEL BOSQUE, S.A.;Inmobiliarias;;Vivienda;40;En proceso;;;;;2024
Decisi¢n;Panam†;Ley 45 de 2007;45461;Jun 24;Incumplimiento de garant°a;CARCAJADAS CORP;AlmacÇn por departamentos;;;1490;En proceso;;;;;2024
Decisi¢n;Panam†;Ley 45 de 2007;45461;Jun 24;Falta de informaci¢n;INVERSIONES EL CREPÈSCULO, S.A.;Funerarias;;;31;Pendiente constancia desistimiento;;45484;Jul 24;2024;2024
Decisi¢n;Panam†;Ley 45 de 2007;45462;Jun 24;Incumplimiento de garant°a;MOVIL PHONE, S.A.;Celulares;;Celular;62;Acuerdo en audiencia/Devoluci¢n de dinero;62;45511;Ago 24;2024;2024
Decisi¢n;Panam†;Ley 45 de 2007;45463;Jun 24;Falta de informaci¢n;INVERSIONES EL CREPÈSCULO, S.A.;Funerarias;;;26;Desistimiento;;45481;Jul 24;2024;2024
Decisi¢n;Panam†;Ley 45 de 2007;45462;Jun 24;Resoluci¢n de contrato;SKY PANAMµ;Tv por cable;;;26.32;Acuerdo en audiencia/Varios;;45510;Ago 24;2024;2024
Decisi¢n;Panam†;Ley 45 de 2007;45463;Jun 24;Incumplimiento de garant°a;INMOBILIARIA DON ANTONIO, S.A.;Supermercados;Westinghouse;Televisor;341.33;En proceso;;;;;2024
Decisi¢n;Panam†;Ley 45 de 2007;45463;Jun 24;Falta de informaci¢n;IRON & CONSTRUCTION DESIGN GROUP, S.A.;Herrer°as;;;2887.66;Inhibe;;45539;Sep 24;2024;2024
Decisi¢n;Panam†;Ley 45 de 2007;45463;Jun 24;Falta de informaci¢n;INVERSIONES EL CREPÈSCULO, S.A.;Funerarias;;;24;Acuerdo en audiencia/Varios;;45516;Ago 24;2024;2024
Decisi¢n;Panam†;Ley 45 de 2007;45467;Jun 24;Incumplimiento de garant°a;PANA POOLS, S.A.;Servicios de instalaci¢n;;;3095;En proceso;;;;;2024
Decisi¢n;Panam†;Ley 45 de 2007;45467;Jun 24;Incumplimiento de servicio;GRUPO PROESA;Repuestos y reparaciones (talleres varios no autos);;Televisor;26.75;Acuerdo en audiencia/Devoluci¢n de dinero;25;45516;Ago 24;2024;2024
Decisi¢n;Panam†;Ley 45 de 2007;45467;Jun 24;Incumplimiento de garant°a;MUEBLERIA COMERCIALES LA PRIMAVERA, S.A.;Muebler°a/equipo electr¢nico;;Refrigeradora;450;Desistimiento;;45469;Jun 24;2024;2024
Decisi¢n;Panam†;Ley 45 de 2007;45467;Jun 24;Falta de informaci¢n;HEJ MODE PANAMA 77, S.A.;AlmacÇn de ropa y calzados;;;53.48;En proceso;;;;;2024
Decisi¢n;Panam†;Ley 45 de 2007;45467;Jun 24;Devoluci¢n de dinero;INVERSIONES EL CREPÈSCULO, S.A.;Funerarias;;;24;Pendiente constancia desistimiento;;45484;Jul 24;2024;2024
Decisi¢n;Panam†;Ley 45 de 2007;45471;Jun 24;Incumplimiento de garant°a;FOTO SONIDO;ElectrodomÇsticos/equipos electr¢nicos;Samsung;Lavadora;455;Desistimiento;;45537;Sep 24;2024;2024
Decisi¢n;Panam†;Ley 45 de 2007;45469;Jun 24;Incumplimiento de garant°a;FRIOLIN SEGUNDO, S.A.;ElectrodomÇsticos/equipos electr¢nicos;;;665.19;Desistimiento;;45510;Ago 24;2024;2024
Decisi¢n;Panam†;Ley 45 de 2007;45469;Jun 24;Incumplimiento de garant°a;CENTRO DE CELULARES EL DORADO, S.A.;Celulares;Samsung;Celular;50;Desistimiento/Devoluci¢n;50;45513;Ago 24;2024;2024
Decisi¢n;Panam†;Ley 45 de 2007;45469;Jun 24;Falta de informaci¢n;RESERVA PANAMA;Hoteles o planes vacacionales;;;2968;En proceso;;;;;2024
Decisi¢n;Panam†;Ley 45 de 2007;45468;Jun 24;Falta de informaci¢n;HOMECENTER;Muebler°as;;Mueble de sala;129;Desistimiento;;45567;Oct 24;2024;2024
Decisi¢n;Panam†;Ley 45 de 2007;45469;Jun 24;Incumplimiento de garant°a;EL ARADO 8.5 H, S.A.;Inmobiliarias;;;1706.79;Acuerdo en audiencia/Devoluci¢n de dinero;900;45510;Ago 24;2024;2024
Decisi¢n;Panam†;Ley 45 de 2007;45470;Jun 24;Falta de informaci¢n;INVERSIONES EL CREPÈSCULO, S.A.;Funerarias;;;24;Desistimiento;;45512;Ago 24;2024;2024
Decisi¢n;Panam†;Ley 45 de 2007;45470;Jun 24;Falta de informaci¢n;PRESTAMIA;Servicios Profesionales;;;855;En proceso;;;;;2024
Decisi¢n;Panam†;Ley 45 de 2007;45470;Jun 24;Falta de informaci¢n;TICKET PLUS;Eventos art°sticos;;;108.28;Acuerdo en audiencia/Devoluci¢n de dinero;108.28;45520;Ago 24;2024;2024
Decisi¢n;Panam†;Ley 45 de 2007;45470;Jun 24;Incumplimiento de garant°a;MOBILE PLUS;Celulares;Asus;Laptop;560;En proceso;;;;;2024
Decisi¢n;Panam†;Ley 45 de 2007;45470;Jun 24;Resoluci¢n de contrato;CABLE & WIRELESS PANAMµ;Telefonia;;;17.37;Pendiente constancia desistimiento;;45537;Sep 24;2024;2024
Decisi¢n;Panam†;Ley 45 de 2007;45470;Jun 24;Incumplimiento de servicio;CHARY SALON;Sal¢n de belleza;;;150;Desistimiento;;45518;Ago 24;2024;2024
Decisi¢n;Panam†;Ley 45 de 2007;45471;Jun 24;Incumplimiento de servicio;IBERIA PANAMµ;L°neas aÇreas;;;2828.1;En proceso;;;;;2024
Decisi¢n;Panam†;Ley 45 de 2007;45471;Jun 24;Incumplimiento de servicio;ON SERVICES, S.A.;Repuestos y reparaciones (talleres varios no autos);Samsung;Lavadora;233.02;Desistimiento;;45511;Ago 24;2024;2024
Decisi¢n;Panam†;Ley 45 de 2007;45471;Jun 24;Falta de informaci¢n;IBERIA PANAMµ;L°neas aÇreas;;;1499;Inhibe;;45596;Oct 24;2024;2024
Decisi¢n;Panam†;Ley 45 de 2007;45471;Jun 24;Falta de informaci¢n;INVERSIONES EL CREPÈSCULO, S.A.;Funerarias;;;22;Acuerdo en audiencia/Varios;;45532;Ago 24;2024;2024
Decisi¢n;Panam†;Ley 45 de 2007;45471;Jun 24;Incumplimiento de servicio;SPA TTARAM FACELIFTS;Centros de estÇticas;;;347;En proceso;;;;;2024
Decisi¢n;Panam†;Ley 45 de 2007;45471;Jun 24;Custodia de bien;SMART ZONE SHOP;Celulares;;Celular;422.65;Acuerdo en audiencia/Reparaci¢n;;45511;Ago 24;2024;2024
Decisi¢n;Panam†;Ley 45 de 2007;45471;Jun 24;Falta de informaci¢n;INVERSIONES EL CREPÈSCULO, S.A.;Funerarias;;;31;Desistimiento;;45512;Ago 24;2024;2024
Decisi¢n;Panam†;Ley 45 de 2007;45471;Jun 24;Resoluci¢n de contrato;CABLE & WIRELESS PANAMµ;Tv por cable;;;42.28;Acuerdo en audiencia/Varios;;45527;Ago 24;2024;2024
Decisi¢n;Panam†;Ley 45 de 2007;45462;Jun 24;Falta de informaci¢n;AIR FRANCE;L°neas aÇreas;;;3673.3;En proceso;;;;;2024
Decisi¢n;Panam†;Ley 45 de 2007;45457;Jun 24;Incumplimiento de garant°a;CRêDITOS MUNDIALES;Muebler°a/equipo electr¢nico;RCA;Televisor;279.82;Pendiente constancia desistimiento;;45482;Jul 24;2024;2024
Decisi¢n;Panam†;Ley 45 de 2007;45446;Jun 24;Devoluci¢n de dinero;GREEN PALACE, S.A.;Inmobiliarias;;Vivienda;1100;En proceso;;;;;2024
Decisi¢n;Panam†;Ley 45 de 2007;45455;Jun 24;Incumplimiento de garant°a;COLMUEBLES, S.A.;Muebler°a/equipo electr¢nico;Sankey;Refrigeradora;1296;Pendiente constancia desistimiento;;45488;Jul 24;2024;2024
Decisi¢n;Panam†;Ley 45 de 2007;45461;Jun 24;Devoluci¢n de dinero;COMERCIALIZADORA HOTELERA/ DESTINY MEMBERSHIP;Hoteles o planes vacacionales;;;300;En proceso;;;;;2024
Decisi¢n;Panam†;Ley 45 de 2007;45461;Jun 24;Incumplimiento de garant°a;GRAND XIAOMI STORE, S.A.;Celulares;Xiaomi;Scooter;352.03;Pendiente constancia desistimiento;;45485;Jul 24;2024;2024
Decisi¢n;Panam†;Ley 45 de 2007;45467;Jun 24;Resoluci¢n de contrato;CABLE & WIRELESS PANAMµ;Celulares;;;44.82;Acuerdo en audiencia/Varios;;45520;Ago 24;2024;2024
Decisi¢n;Panam†;Ley 45 de 2007;45449;Jun 24;Falta de informaci¢n;INVERSIONES EL CREPÈSCULO, S.A.;Funerarias;;;20;Pendiente constancia desistimiento;;45467;Jun 24;2024;2024
Decisi¢n;Panam†;Ley 45 de 2007;45450;Jun 24;Incumplimiento de garant°a;VICENZA JOYEROS;Joyer°a/Relojer°as;Tissot;Reloj;570;Desistimiento;;45484;Jul 24;2024;2024
Decisi¢n;Panam†;Ley 45 de 2007;45464;Jun 24;Custodia de bien;DONDE LILY;Celulares;Samsung;Celular;235.4;En proceso;;;;;2024
Decisi¢n;Bocas del Toro;Ley 45 de 2007;45471;Jun 24;Incumplimiento de contrato;DISTRIBUIDORA LA CREACI‡N;Muebler°as;Mabe;Estufa;50;En proceso;;;;;2024
Veh°culo a Motor;CoclÇ;Ley 14 de 2018;45447;Jun 24;Incumplimiento de garant°a;RICARDO PEREZ, S.A.;Agencia de autos;;Auto;812;En proceso;;;;;2024
Decisi¢n;CoclÇ;Ley 45 de 2007;45448;Jun 24;Incumplimiento de garant°a;PEKA;Ferreter°as, materiales de construccion o similares;;Maquina cortagrama;170.13;En proceso;;;;;2024
Decisi¢n;CoclÇ;Ley 45 de 2007;45456;Jun 24;Incumplimiento de contrato;PLAYA BLANCA SIGNATURE, S.A.;Hoteles o planes vacacionales;;;1785;En proceso;;;;;2024
Decisi¢n;CoclÇ;Ley 45 de 2007;45457;Jun 24;Falta de informaci¢n;PLAYA BLANCA VACATION INC.;Hoteles o planes vacacionales;;;566;En proceso;;;;;2024
Decisi¢n;CoclÇ;Ley 45 de 2007;45464;Jun 24;Resoluci¢n de contrato;ARENAS TRAVEL CLUB;Hoteles o planes vacacionales;;;3250;En proceso;;;;;2024
Decisi¢n;CoclÇ;Ley 45 de 2007;45464;Jun 24;Resoluci¢n de contrato;ARENAS TRAVEL CLUB;Hoteles o planes vacacionales;;;4500;En proceso;;;;;2024
Decisi¢n;Col¢n;Ley 45 de 2007;45455;Jun 24;Resoluci¢n de contrato;INVERSIONES EL CREPÈSCULO, S.A.;Funerarias;;;22;En proceso;;;;;2024
Decisi¢n;Col¢n;Ley 45 de 2007;45457;Jun 24;Incumplimiento de servicio;GM CELL 507;Celulares;Apple;Celular;120;En proceso;;;;;2024
Decisi¢n;Col¢n;Ley 45 de 2007;45457;Jun 24;Falta de informaci¢n;INSTITUTO TECNICO SUPERIOR DE ESTETICA Y BELLEZA APEC, S.A.;Cursos varios;;;1277.8;En proceso;;;;;2024
Decisi¢n;Col¢n;Ley 45 de 2007;45460;Jun 24;Falta de informaci¢n;HOUSE INN INVESTMENT, S.A.;Inmobiliarias;;Vivienda;3900;En proceso;;;;;2024
Decisi¢n;Chiriqu°;Ley 45 de 2007;45447;Jun 24;Incumplimiento de garant°a;ZONA LIBRE MALL;AlmacÇn por departamentos;;Celular;165;En proceso;;;;;2024
Decisi¢n;Chiriqu°;Ley 45 de 2007;45447;Jun 24;Incumplimiento de garant°a;INVERSIONES GRUPO CC., S.A.;Inmobiliarias;;Vivienda;1671;En proceso;;;;;2024
Decisi¢n;Chiriqu°;Ley 45 de 2007;45448;Jun 24;Resoluci¢n de contrato;SKY PANAMµ;Tv por cable;;;26.3;En proceso;;;;;2024
Decisi¢n;Chiriqu°;Ley 45 de 2007;45448;Jun 24;Resoluci¢n de contrato;SKY PANAMµ;Tv por cable;;;20;En proceso;;;;;2024
Decisi¢n;Chiriqu°;Ley 45 de 2007;45448;Jun 24;Resoluci¢n de contrato;CABLE & WIRELESS PANAMµ;Telefonia;;;29.5;En proceso;;;;;2024
Decisi¢n;Chiriqu°;Ley 45 de 2007;45448;Jun 24;Resoluci¢n de contrato;CABLE & WIRELESS PANAMµ;Telefonia;;;29.5;En proceso;;;;;2024
Decisi¢n;Chiriqu°;Ley 45 de 2007;45454;Jun 24;Devoluci¢n de dinero;PGR DEVELOPERS ALTO BOQUETE, S.A.;Inmobiliarias;;Vivienda;1100;En proceso;;;;;2024
Decisi¢n;Chiriqu°;Ley 45 de 2007;45456;Jun 24;Incumplimiento de garant°a;LA CASA DE LAS BATERIAS;Repuestos para autos;;Bater°a de auto;101.23;En proceso;;;;;2024
Decisi¢n;Chiriqu°;Ley 45 de 2007;45449;Jun 24;Devoluci¢n de dinero;COPA AIRLINE PANAMµ;L°neas aÇreas;;;400;En proceso;;;;;2024
Decisi¢n;Chiriqu°;Ley 45 de 2007;45461;Jun 24;Incumplimiento de garant°a;CITY MALL;Supermercados;;Tablet;162.23;En proceso;;;;;2024
Decisi¢n;Chiriqu°;Ley 45 de 2007;45464;Jun 24;Incumplimiento de contrato;BELLA VISTA PROMOCIONES INMOBILIARIAS, S.A.;Inmobiliarias;;Vivienda;700;En proceso;;;;;2024
Decisi¢n;Chiriqu°;Ley 45 de 2007;45471;Jun 24;Resoluci¢n de contrato;CABLE & WIRELESS PANAMµ;Telefonia;;;21;En proceso;;;;;2024
Decisi¢n;Herrera;Ley 45 de 2007;45446;Jun 24;Devoluci¢n de dinero;DAVIVIENDA FAMILIARES, S.A.;Inmobiliarias;;;706.37;En proceso;;;;;2024
Decisi¢n;Herrera;Ley 45 de 2007;45447;Jun 24;Rescindir contrato;SKY PANAMµ;Tv por cable;;;20;En proceso;;;;;2024
Decisi¢n;Herrera;Ley 45 de 2007;45447;Jun 24;Rescindir contrato;SKY PANAMµ;Tv por cable;;;28.3;En proceso;;;;;2024
Decisi¢n;Herrera;Ley 45 de 2007;45448;Jun 24;Rescindir contrato;SKY PANAMµ;Tv por cable;;;23.99;En proceso;;;;;2024
Decisi¢n;Herrera;Ley 45 de 2007;45454;Jun 24;Incumplimiento de garant°a;MOBILE SHOP;ElectrodomÇsticos/equipos electr¢nicos;REDMI;Celular;170;En proceso;;;;;2024
Decisi¢n;Herrera;Ley 45 de 2007;45461;Jun 24;Rescindir contrato;SKY PANAMµ;Tv por cable;;;56;En proceso;;;;;2024
Decisi¢n;Herrera;Ley 45 de 2007;45463;Jun 24;Rescindir contrato;SKY PANAMµ;Tv por cable;;;20;En proceso;;;;;2024
Decisi¢n;Herrera;Ley 45 de 2007;45463;Jun 24;Incumplimiento de garant°a;SOLDADURA A.R.;Herrer°as;;;2400;En proceso;;;;;2024
Decisi¢n;Herrera;Ley 45 de 2007;45464;Jun 24;Rescindir contrato;SKY PANAMµ;Tv por cable;;;26.32;En proceso;;;;;2024
Decisi¢n;Herrera;Ley 45 de 2007;45467;Jun 24;Rescindir contrato;INVERSIONES EL CREPÈSCULO, S.A.;Funerarias;;;24;En proceso;;;;;2024
Veh°culo a Motor;Los Santos;Ley 14 de 2018;45464;Jun 24;Da§os y perjuicios;ESTACI‡N CANAJAGUA, S.A.;Estaciones de gasolinas;Toyota;;4010.41;En proceso;;;;;2024
Decisi¢n;Los Santos;Ley 45 de 2007;45460;Jun 24;Rescindir contrato;SKY PANAMµ;Comunicaciones / internet;;;40;En proceso;;;;;2024
Decisi¢n;Los Santos;Ley 45 de 2007;45455;Jun 24;Incumplimiento de garant°a;MUEBLES MEZA PANAMµ, S.A.;Muebler°a/equipo electr¢nico;Sankey;Televisor;130;Desistimiento/Devoluci¢n;130;45588;Oct 24;2024;2024
Decisi¢n;Los Santos;Ley 45 de 2007;45467;Jun 24;Falta de informaci¢n;MUEBLERIA INVERSIONES SAN JOSê;Muebler°a/equipo electr¢nico;Frigidaire;Congelador;1025;Desistimiento/Devoluci¢n;1025;45587;Oct 24;2024;2024
Decisi¢n;Los Santos;Ley 45 de 2007;45468;Jun 24;Incumplimiento de contrato;LIMIPA, S.A.;Inmobiliarias;;Vivienda;2390;En proceso;;;;;2024
Veh°culo a Motor;Veraguas;Ley 14 de 2018;45450;Jun 24;Incumplimiento de garant°a;BUENAS LLANTAS, S.A.;Repuestos para autos;;Llanta;60;Desistimiento;30;45588;Oct 24;2024;2024
Veh°culo a Motor;Veraguas;Ley 14 de 2018;45453;Jun 24;Da§os y perjuicios;AUTO REPUESTO Y ELECTRONICA NUEVA ERA;Repuestos para autos;;;1200;Pendiente constancia desistimiento;;45569;Oct 24;2024;2024
Veh°culo a Motor;Veraguas;Ley 14 de 2018;45463;Jun 24;Incumplimiento de garant°a;AUTO REPUESTO LA ESTRELLA;Repuestos para autos;;Bater°a de auto;173.34;Desistimiento;;45573;Oct 24;2024;2024
Decisi¢n;Veraguas;Ley 45 de 2007;45450;Jun 24;Resoluci¢n de contrato;SKY PANAMµ;Tv por cable;;;26.3;En proceso;;;;;2024
Decisi¢n;Veraguas;Ley 45 de 2007;45453;Jun 24;Devoluci¢n de dinero;SOLITEC;Imprentas;;;4.16;En proceso;;;;;2024
Decisi¢n;Veraguas;Ley 45 de 2007;45454;Jun 24;Resoluci¢n de contrato;SKY PANAMµ;Tv por cable;;;68.95;En proceso;;;;;2024
Decisi¢n;Veraguas;Ley 45 de 2007;45463;Jun 24;Resoluci¢n de contrato;SKY PANAMµ;Tv por cable;;;40.19;En proceso;;;;;2024
Decisi¢n;Veraguas;Ley 45 de 2007;45464;Jun 24;Incumplimiento de garant°a;ELECTRONICA MUNDIAL;Celulares;Iphone;Celular;1050;En proceso;;;;;2024
Decisi¢n;Veraguas;Ley 45 de 2007;45467;Jun 24;Resoluci¢n de contrato;SKY PANAMµ;Tv por cable;;Celular;20.69;En proceso;;;;;2024
Decisi¢n;Veraguas;Ley 45 de 2007;45469;Jun 24;Resoluci¢n de contrato;SKY PANAMµ;Tv por cable;;;20;Desistimiento;;45610;Nov 24;2024;2024
Veh°culo a Motor;Pm† Oeste;Ley 14 de 2018;45448;Jun 24;Incumplimiento de garant°a;PETROAUTOS, S.A.;Agencia de autos;Hyundai;Auto;14699;En proceso;;;;;2024
Veh°culo a Motor;Pm† Oeste;Ley 14 de 2018;45468;Jun 24;Incumplimiento de garant°a;ELECTROMECANICA Y AUTO AIRE FRANCISKAO 507;Repuestos para autos;;;261;En proceso;;;;;2024
Veh°culo a Motor;Pm† Oeste;Ley 14 de 2018;45469;Jun 24;Incumplimiento de garant°a;GRUPO SILABA Y GRUPO Q;Agencia de autos;;Auto;1390;En proceso;;;;;2024
Decisi¢n;Pm† Oeste;Ley 45 de 2007;45448;Jun 24;Falta de informaci¢n;SM COMPANY INTERNATIONAL, S.A.;Ferreter°as, materiales de construccion o similares;;;212.93;En proceso;;;;;2024
Decisi¢n;Pm† Oeste;Ley 45 de 2007;45457;Jun 24;Incumplimiento de garant°a;FOTO SONIDO;AlmacÇn por departamentos;Whirlpool;Lavadora;417.29;En proceso;;;;;2024
Decisi¢n;Pm† Oeste;Ley 45 de 2007;45468;Jun 24;Incumplimiento de garant°a;MUEBLES JAMAR;Muebler°a/equipo electr¢nico;;;899;En proceso;;;;;2024
Decisi¢n;Pm† Oeste;Ley 45 de 2007;45468;Jun 24;Cobro indebido;PARADISE BEACH CORPORATION;Hoteles o planes vacacionales;;;978;En proceso;;;;;2024
Veh°culo a Motor;Panam†;Ley 14 de 2018;45475;Jul 24;Falta de informaci¢n;AUTOS PLATINIUM;Venta de autos usados;KIA;Auto;5000;Desistimiento;;45569;Oct 24;2024;2024
Veh°culo a Motor;Panam†;Ley 14 de 2018;45475;Jul 24;Incumplimiento de garant°a;GRUPO SILABA Y GRUPO Q;Agencia de autos;Chevrolet;Auto;18495;En proceso;;;;;2024
Veh°culo a Motor;Panam†;Ley 14 de 2018;45475;Jul 24;Custodia de bien;GRÈAS TIN TOWING;Servicios de gr£as;Changan;Auto;385.2;En proceso;;;;;2024
Veh°culo a Motor;Panam†;Ley 14 de 2018;45478;Jul 24;Incumplimiento de garant°a;AUTOS PLATINIUM;Venta de autos usados;Renault;Auto;2800;En proceso;;;;;2024
Veh°culo a Motor;Panam†;Ley 14 de 2018;45478;Jul 24;Incumplimiento de garant°a;RASTRO MULTIMOTORES;Repuestos para autos;Toyota;Auto;1350;En proceso;;;;;2024
Veh°culo a Motor;Panam†;Ley 14 de 2018;45481;Jul 24;Custodia de bien;PITS CAR WASH PANAMA;Lavautos;Mazda;Auto;289.51;Acuerdo en audiencia/Devoluci¢n de dinero;;45569;Oct 24;2024;2024
Veh°culo a Motor;Panam†;Ley 14 de 2018;45483;Jul 24;Falta de informaci¢n;AUTO UNO DE PANAMA, S.A.;Venta de autos usados;Nissan;Auto;290;Desistimiento;;45569;Oct 24;2024;2024
Veh°culo a Motor;Panam†;Ley 14 de 2018;45483;Jul 24;Custodia de bien;PROAUTO PANAMA;Taller de reparaci¢n de autos;Honda;Auto;146.65;En proceso;;;;;2024
Veh°culo a Motor;Panam†;Ley 14 de 2018;45483;Jul 24;Falta de informaci¢n;TOTAL CARS;Venta de autos usados;Toyota;Auto;11800;En proceso;;;;;2024
Veh°culo a Motor;Panam†;Ley 14 de 2018;45483;Jul 24;Incumplimiento de garant°a;PETROAUTOS, S.A.;Agencia de autos;Hyundai;Auto;15199;En proceso;;;;;2024
Veh°culo a Motor;Panam†;Ley 14 de 2018;45484;Jul 24;Incumplimiento de garant°a;AUTOMOTORA AUTOSTAR, S.A.;Agencia de autos;JEEP;Auto;28990;En proceso;;;;;2024
Veh°culo a Motor;Panam†;Ley 14 de 2018;45485;Jul 24;Custodia de bien;MOTOPITS GARAGE;Taller de reparaci¢n de autos;Kawasaki;Auto;13500;En proceso;;;;;2024
Veh°culo a Motor;Panam†;Ley 14 de 2018;45485;Jul 24;Falta de informaci¢n;SERVICE CENTRO BETHANIA;Venta de autos usados;Honda;Auto;8400;En proceso;;;;;2024
Veh°culo a Motor;Panam†;Ley 14 de 2018;45488;Jul 24;Custodia de bien;HOTEL BLUE COSTA PANAMA;Motores (no autos);;Auto;179.61;En proceso;;;;;2024
Veh°culo a Motor;Panam†;Ley 14 de 2018;45489;Jul 24;Custodia de bien;CARR TEAM S.A.;Taller de reparaci¢n de autos;KIA;Auto;520.23;En proceso;;;;;2024
Veh°culo a Motor;Panam†;Ley 14 de 2018;45491;Jul 24;Incumplimiento de garant°a;CONSULTENOS, S.A.;Agencia de autos;Volkswagen;Auto;29500;En proceso;;;;;2024
Veh°culo a Motor;Panam†;Ley 14 de 2018;45495;Jul 24;Incumplimiento de garant°a;EMPRESAS CARBONE, S.A.;Agencia de autos;Forthing;Auto;20319.3;En proceso;;;;;2024
Veh°culo a Motor;Panam†;Ley 14 de 2018;45496;Jul 24;Incumplimiento de garant°a;CMG MOTORS GROUP;Venta de autos usados;Mazda;Auto;20000;En proceso;;;;;2024
Veh°culo a Motor;Panam†;Ley 14 de 2018;45496;Jul 24;Falta de informaci¢n;RASTRO BLUE JAY;Taller de reparaci¢n de autos;Hyundai;Auto;35;Pendiente constancia desistimiento;;45622;Nov 24;2024;2024
Veh°culo a Motor;Panam†;Ley 14 de 2018;45496;Jul 24;Incumplimiento de garant°a;GRUPO SILABA Y GRUPO Q;Agencia de autos;Chevrolet;Auto;11000;En proceso;;;;;2024
Veh°culo a Motor;Panam†;Ley 14 de 2018;45497;Jul 24;Incumplimiento de garant°a;GRUPO TECNICAR S.A.;Venta de autos usados;Hyundai;Auto;1123.5;En proceso;;;;;2024
Veh°culo a Motor;Panam†;Ley 14 de 2018;45498;Jul 24;Incumplimiento de garant°a;CAR POINT, S.A.;Venta de autos usados;KIA;Auto;9720;En proceso;;;;;2024
Veh°culo a Motor;Panam†;Ley 14 de 2018;45499;Jul 24;Incumplimiento de garant°a;AUTOMOBILE COMPANY, S.A.;Venta de autos usados;Toyota;Auto;2172.1;En proceso;;;;;2024
Veh°culo a Motor;Panam†;Ley 14 de 2018;45499;Jul 24;Incumplimiento de garant°a;EMPRESAS CARBONE, S.A.;Agencia de autos;Forthing;Auto;19249.3;En proceso;;;;;2024
Veh°culo a Motor;Panam†;Ley 14 de 2018;45502;Jul 24;Incumplimiento de garant°a;MOTORES JAPONESES;Agencia de autos;Suzuki;Auto;21090;En proceso;;;;;2024
Veh°culo a Motor;Panam†;Ley 14 de 2018;45503;Jul 24;Incumplimiento de servicio;MASTER MOTOR;Repuestos para autos;Tesla;Auto;9000;En proceso;;;;;2024
Veh°culo a Motor;Panam†;Ley 14 de 2018;45503;Jul 24;Incumplimiento de garant°a;PANAMOTOR;Agencia de autos;Nissan;Auto;18600;En proceso;;;;;2024
Veh°culo a Motor;Panam†;Ley 14 de 2018;45503;Jul 24;Incumplimiento de garant°a;COMPA•IA CHIRICANA DE AUTOMOVILES;Agencia de autos;Mitsubishi;Auto;1933.4;En proceso;;;;;2024
Veh°culo a Motor;Panam†;Ley 14 de 2018;45503;Jul 24;Incumplimiento de garant°a;ACTIVE MOTORS, S.A. / GRUPO Q;Agencia de autos;POER;Auto;23990;En proceso;;;;;2024
Veracidad;Panam†;Ley 45 de 2007;45477;Jul 24;Veracidad de la publicidad;VENTAS Y SERVICIOS  J&C;Sal¢n de belleza;;;5;Desistimiento/Devoluci¢n;5;45481;Jul 24;2024;2024
Decisi¢n;Panam†;Ley 45 de 2007;45495;Jul 24;Veracidad de la publicidad;GRUPO DE TELECOMUNICACIONES DIGITALES, S.A.;Tv por cable;;;352.03;En proceso;;;;;2024
Decisi¢n;Panam†;Ley 45 de 2007;45476;Jul 24;Incumplimiento de garant°a;SKY SWISS, S.A.;Inmobiliarias;;Apartamento;4686.6;En proceso;;;;;2024
Decisi¢n;Panam†;Ley 45 de 2007;45476;Jul 24;Incumplimiento de garant°a;COOL GADGETS LIMITED, S.A.;Celulares;;Celular;260;Abandono;;45616;Nov 24;2024;2024
Decisi¢n;Panam†;Ley 45 de 2007;45476;Jul 24;Falta de informaci¢n;INVERSIONES EL CREPÈSCULO, S.A.;Funerarias;;;24;Acuerdo en audiencia/Varios;;45530;Ago 24;2024;2024
Decisi¢n;Panam†;Ley 45 de 2007;45478;Jul 24;Incumplimiento de garant°a;FURNITURE CITY;Muebler°as;;;1315.18;Desistimiento;;45538;Sep 24;2024;2024
Decisi¢n;Panam†;Ley 45 de 2007;45482;Jul 24;Incumplimiento de garant°a;BODA PHONE;Celulares;Iphone;Celular;960;Pendiente constancia desistimiento;;45488;Jul 24;2024;2024
Decisi¢n;Panam†;Ley 45 de 2007;45482;Jul 24;Falta de informaci¢n;INVERSIONES EL CREPÈSCULO, S.A.;Funerarias;;;24;Desistimiento;;45512;Ago 24;2024;2024
Decisi¢n;Panam†;Ley 45 de 2007;45482;Jul 24;Incumplimiento de garant°a;MAXICOOL, S.A.;Servicios de instalaci¢n;Sankey;Aire acondicionado;630;En proceso;;;;;2024
Decisi¢n;Panam†;Ley 45 de 2007;45482;Jul 24;Resoluci¢n de contrato;SKY PANAMµ;Tv por cable;;;30.12;Acuerdo en audiencia/Varios;;45580;Oct 24;2024;2024
Decisi¢n;Panam†;Ley 45 de 2007;45496;Jul 24;Incumplimiento de servicio;HERRERIA Y ESTRUCTURA JOSUE;Herrer°as;;;1424;En proceso;;;;;2024
Decisi¢n;Panam†;Ley 45 de 2007;45483;Jul 24;Falta de informaci¢n;CORPORACION LA PRENSA;Medios de comunicaci¢n;;;50;Desistimiento/Devoluci¢n;;45513;Ago 24;2024;2024
Decisi¢n;Panam†;Ley 45 de 2007;45492;Jul 24;Incumplimiento de garant°a;SEGURIDAD PARA TI, S.A.;Motores (no autos);;;535.16;Inadmitida;;45528;Oct 24;2024;2024
Decisi¢n;Panam†;Ley 45 de 2007;45485;Jul 24;Incumplimiento de garant°a;MUEBLES JAMAR;Muebler°as;;Cama;896.66;Acuerdo en audiencia/Reemplazo;;45532;Ago 24;2024;2024
Decisi¢n;Panam†;Ley 45 de 2007;45483;Jul 24;Incumplimiento de garant°a;EL MACHETAZO;AlmacÇn por departamentos;Sankey;Televisor;427.98;Pendiente constancia desistimiento;;45527;Ago 24;2024;2024
Decisi¢n;Panam†;Ley 45 de 2007;45485;Jul 24;Incumplimiento de garant°a;MADISON ALBROOK MERCHAANCON;AlmacÇn por departamentos;RCA;Freidora;64.19;Desistimiento;;45532;Ago 24;2024;2024
Decisi¢n;Panam†;Ley 45 de 2007;45483;Jul 24;Falta de informaci¢n;FASHION FITNESS RETATI MP. INC;AlmacÇn de ropa y calzados;;Ropa;69.49;Acuerdo en audiencia/Devoluci¢n de dinero;;45518;Ago 24;2024;2024
Decisi¢n;Panam†;Ley 45 de 2007;45483;Jul 24;Incumplimiento de garant°a;EL MACHETAZO;AlmacÇn por departamentos;Premier;Lavadora;299.55;Desistimiento;;45541;Sep 24;2024;2024
Decisi¢n;Panam†;Ley 45 de 2007;45482;Jul 24;Falta de informaci¢n;INVERSIONES EL CREPÈSCULO, S.A.;Funerarias;;;26;Acuerdo en audiencia/Varios;;45527;Ago 24;2024;2024
Decisi¢n;Panam†;Ley 45 de 2007;45482;Jul 24;Incumplimiento de servicio;TALLER DE EBANISTERIA GABRIEL P;Servicios de instalaci¢n;;;1100;En proceso;;;;;2024
Decisi¢n;Panam†;Ley 45 de 2007;45483;Jul 24;Incumplimiento de garant°a;MDENTZ SUPPLY, S.A.;ElectrodomÇsticos/equipos electr¢nicos;;;166.5;En proceso;;;;;2024
Decisi¢n;Panam†;Ley 45 de 2007;45483;Jul 24;Falta de informaci¢n;INVERSIONES EL CREPÈSCULO, S.A.;Funerarias;;;26;Acuerdo en audiencia/Varios;;45513;Ago 24;2024;2024
Decisi¢n;Panam†;Ley 45 de 2007;45485;Jul 24;Falta de informaci¢n;INVERSIONES EL CREPÈSCULO, S.A.;Funerarias;;;24;Desistimiento;;45512;Ago 24;2024;2024
Decisi¢n;Panam†;Ley 45 de 2007;45483;Jul 24;Incumplimiento de garant°a;CRêDITOS MUNDIALES;ElectrodomÇsticos/equipos electr¢nicos;LG;Refrigeradora;812.13;En proceso;;;;;2024
Decisi¢n;Panam†;Ley 45 de 2007;45485;Jul 24;Incumplimiento de garant°a;TIGO PANAMµ;Telefonia;Iphone;Celular;958.67;Desistimiento;;45511;Ago 24;2024;2024
Decisi¢n;Panam†;Ley 45 de 2007;45485;Jul 24;Falta de informaci¢n;INVERSIONES EL CREPÈSCULO, S.A.;Funerarias;;;31;Acuerdo en audiencia/Varios;;45520;Ago 24;2024;2024
Decisi¢n;Panam†;Ley 45 de 2007;45485;Jul 24;Falta de informaci¢n;INVERSIONES EL CREPÈSCULO, S.A.;Funerarias;;;24;Acuerdo en audiencia/Varios;;45525;Ago 24;2024;2024
Decisi¢n;Panam†;Ley 45 de 2007;45485;Jul 24;Falta de informaci¢n;INVERSIONES EL CREPÈSCULO, S.A.;Funerarias;;;26;Acuerdo en audiencia/Varios;;45520;Ago 24;2024;2024
Decisi¢n;Panam†;Ley 45 de 2007;45485;Jul 24;Falta de informaci¢n;INVERSIONES EL CREPÈSCULO, S.A.;Funerarias;;;26;Desistimiento;;45513;Ago 24;2024;2024
Decisi¢n;Panam†;Ley 45 de 2007;45485;Jul 24;Falta de informaci¢n;INVERSIONES EL CREPÈSCULO, S.A.;Funerarias;;;20;Desistimiento;;45516;Ago 24;2024;2024
Decisi¢n;Panam†;Ley 45 de 2007;45485;Jul 24;Incumplimiento de garant°a;TIGO PANAMµ;Telefonia;Samsung;Celular;1176.95;Desistimiento;;45512;Ago 24;2024;2024
Decisi¢n;Panam†;Ley 45 de 2007;45488;Jul 24;Falta de informaci¢n;TU BIENESTAR COMPANY, S.A.;Funerarias;;;26;Acuerdo en audiencia/Varios;;45525;Ago 24;2024;2024
Decisi¢n;Panam†;Ley 45 de 2007;45488;Jul 24;Falta de informaci¢n;TU BIENESTAR COMPANY, S.A.;Funerarias;;;26;Acuerdo en audiencia/Varios;;45520;Ago 24;2024;2024
Decisi¢n;Panam†;Ley 45 de 2007;45497;Jul 24;Incumplimiento de garant°a;GRUPO DE COMUNICACIONES DIGITALES, S.A.;Celulares;Honor;Celular;267.45;Transacci¢n extrajudicial;;45561;Sep 24;2024;2024
Decisi¢n;Panam†;Ley 45 de 2007;45488;Jul 24;Incumplimiento de garant°a;PADEL NUESTRO;AlmacÇn de ropa y calzados;;;369.1;Desistimiento;;45546;Sep 24;2024;2024
Decisi¢n;Panam†;Ley 45 de 2007;45490;Jul 24;Resoluci¢n de contrato;SKY PANAMµ;Tv por cable;;;40.19;Resoluciones/Varios;;45593;Oct 24;2024;2024
Decisi¢n;Panam†;Ley 45 de 2007;45490;Jul 24;Vicio oculto;CORONA REAL INMOBILIARIA, S.A.;Inmobiliarias;;Apartamento;567.4;En proceso;;;;;2024
Decisi¢n;Panam†;Ley 45 de 2007;45488;Jul 24;Incumplimiento de garant°a;PANAFOTO;ElectrodomÇsticos/equipos electr¢nicos;LG;Televisor;1926;En proceso;;;;;2024
Decisi¢n;Panam†;Ley 45 de 2007;45491;Jul 24;Cobro indebido;MINIMED CORP;Cl°nicas/ Hospitales;;;614.93;Acuerdo en audiencia/Aclaraci¢n;;45530;Ago 24;2024;2024
Decisi¢n;Panam†;Ley 45 de 2007;45490;Jul 24;Incumplimiento de garant°a;FITNESS SHOP PANAMA;AlmacÇn por departamentos;;Caminadora elÇctrica;2508.4;En proceso;;;;;2024
Decisi¢n;Panam†;Ley 45 de 2007;45491;Jul 24;Cobro indebido;IMPORTADORA MADURO, S.A.;AlmacÇn por departamentos;;;63.46;Acuerdo en audiencia/Varios;;45561;Sep 24;2024;2024
Decisi¢n;Panam†;Ley 45 de 2007;45491;Jul 24;Incumplimiento de garant°a;DIGITAL CITY;ElectrodomÇsticos/equipos electr¢nicos;Mystic;Congelador;200;Desistimiento;;45518;Ago 24;2024;2024
Decisi¢n;Panam†;Ley 45 de 2007;45491;Jul 24;Cobro indebido;SMART FIT;Gimnasio y centros deportivos;;;106.97;Acuerdo en audiencia/Varios;;45565;Sep 24;2024;2024
Decisi¢n;Panam†;Ley 45 de 2007;45491;Jul 24;Falta de informaci¢n;INVERSIONES EL CREPÈSCULO, S.A.;Funerarias;;;31;Acuerdo en audiencia/Varios;;45516;Ago 24;2024;2024
Decisi¢n;Panam†;Ley 45 de 2007;45491;Jul 24;Falta de informaci¢n;TU BIENESTAR COMPANY, S.A.;Funerarias;;;26;Acuerdo en audiencia/Varios;;45608;Nov 24;2024;2024
Decisi¢n;Panam†;Ley 45 de 2007;45496;Jul 24;Falta de informaci¢n;MAXICOOL, S.A.;Servicios de instalaci¢n;;Aire acondicionado;650;En proceso;;;;;2024
Decisi¢n;Panam†;Ley 45 de 2007;45497;Jul 24;Falta de informaci¢n;TICKET PLUS;Eventos art°sticos;;;150.4;Desistimiento/Devoluci¢n;150.4;45525;Ago 24;2024;2024
Decisi¢n;Panam†;Ley 45 de 2007;45497;Jul 24;Falta de informaci¢n;TICKET PLUS;Eventos art°sticos;;;150.4;Desistimiento/Devoluci¢n;133.28;45518;Ago 24;2024;2024
Decisi¢n;Panam†;Ley 45 de 2007;45496;Jul 24;Falta de informaci¢n;INVERSIONES EL CREPÈSCULO, S.A.;Funerarias;;;29;Acuerdo en audiencia/Varios;;45533;Ago 24;2024;2024
Decisi¢n;Panam†;Ley 45 de 2007;45496;Jul 24;Falta de informaci¢n;INVERSIONES EL CREPÈSCULO, S.A.;Funerarias;;;24;Acuerdo en audiencia/Varios;;45538;Sep 24;2024;2024
Decisi¢n;Panam†;Ley 45 de 2007;45492;Jul 24;Falta de informaci¢n;INVERSIONES EL CREPÈSCULO, S.A.;Funerarias;;;24;En proceso;;;;;2024
Decisi¢n;Panam†;Ley 45 de 2007;45496;Jul 24;Incumplimiento de servicio;AS CORPORATE GROUP INC;Hoteles o planes vacacionales;;;875;En proceso;;;;;2024
Decisi¢n;Panam†;Ley 45 de 2007;45496;Jul 24;Falta de informaci¢n;DREAM GALLERY;Ventas de colchones;;Colch¢n;376.73;Desistimiento;;45565;Sep 24;2024;2024
Decisi¢n;Panam†;Ley 45 de 2007;45496;Jul 24;Falta de informaci¢n;INVERSIONES EL CREPÈSCULO, S.A.;Funerarias;;;24;Pendiente constancia desistimiento;;45559;Sep 24;2024;2024
Decisi¢n;Panam†;Ley 45 de 2007;45496;Jul 24;Falta de informaci¢n;ATIKA INVESTMENT GROUP INC.;Inmobiliarias;;Apartamento;500;Pendiente constancia desistimiento;;45545;Sep 24;2024;2024
Decisi¢n;Panam†;Ley 45 de 2007;45496;Jul 24;Falta de informaci¢n;INVERSIONES EL CREPÈSCULO, S.A.;Funerarias;;;24;Desistimiento;;45518;Ago 24;2024;2024
Decisi¢n;Panam†;Ley 45 de 2007;45496;Jul 24;Incumplimiento de servicio;SOLDADURA ROLFRI;Servicios de instalaci¢n;;Ventana;475;En proceso;;;;;2024
Decisi¢n;Panam†;Ley 45 de 2007;45497;Jul 24;Falta de informaci¢n;CLUB FIT WOMEN;Gimnasio y centros deportivos;;;160.65;Desistimiento;;45537;Sep 24;2024;2024
Decisi¢n;Panam†;Ley 45 de 2007;45496;Jul 24;Cobro indebido;TORRE GLOBAL PARKING CORPORATION;Estacionamientos;;;8;Desistimiento;;45541;Sep 24;2024;2024
Decisi¢n;Panam†;Ley 45 de 2007;45497;Jul 24;Resoluci¢n de contrato;CABLE & WIRELESS PANAMµ;Telefonia;;;10.08;En proceso;;;;;2024
Decisi¢n;Panam†;Ley 45 de 2007;45497;Jul 24;Incumplimiento de servicio;OPTIMAX VISUAL CENTER;Opticas;;Lentes;117.7;En proceso;;;;;2024
Decisi¢n;Panam†;Ley 45 de 2007;45497;Jul 24;Falta de informaci¢n;INVERSIONES EL CREPÈSCULO, S.A.;Funerarias;;;24;Acuerdo en audiencia/Varios;;45530;Ago 24;2024;2024
Decisi¢n;Panam†;Ley 45 de 2007;45498;Jul 24;Incumplimiento de garant°a;PREMIER;ElectrodomÇsticos/equipos electr¢nicos;Premier;Freidora;53.49;Desistimiento;;45527;Ago 24;2024;2024
Decisi¢n;Panam†;Ley 45 de 2007;45497;Jul 24;Incumplimiento de servicio;SALVA MI MAQUINA;Celulares;Apple;Ipad;401.25;Acuerdo en audiencia/Varios;;45569;Oct 24;2024;2024
Decisi¢n;Panam†;Ley 45 de 2007;45497;Jul 24;Incumplimiento de servicio;LAVA PLUS;Lavautos;;Ropa;138.03;En proceso;;;;;2024
Decisi¢n;Panam†;Ley 45 de 2007;45498;Jul 24;Falta de informaci¢n;INMOBILIARIA DON ANTONIO, S.A.;Farmacias;Royal;;36.25;Acuerdo en audiencia/Devoluci¢n de dinero;36.25;45525;Ago 24;2024;2024
Decisi¢n;Panam†;Ley 45 de 2007;45497;Jul 24;Incumplimiento de servicio;TICKET PLUS;Eventos art°sticos;;;145.24;Desistimiento/Devoluci¢n;145.24;45516;Ago 24;2024;2024
Decisi¢n;Panam†;Ley 45 de 2007;45498;Jul 24;Falta de informaci¢n;INVERSIONES EL CREPÈSCULO, S.A.;Funerarias;;;26;Desistimiento;;45530;Ago 24;2024;2024
Decisi¢n;Panam†;Ley 45 de 2007;45499;Jul 24;Falta de informaci¢n;PINTURAS MODELO PANAMA, S.A.;Pinturas;;;153.68;En proceso;;;;;2024
Decisi¢n;Panam†;Ley 45 de 2007;45502;Jul 24;Falta de informaci¢n;INVERSIONES EL CREPÈSCULO, S.A.;Funerarias;;;20;Desistimiento;;45532;Ago 24;2024;2024
Decisi¢n;Panam†;Ley 45 de 2007;45502;Jul 24;Falta de informaci¢n;INVERSIONES EL CREPÈSCULO, S.A.;Funerarias;;;24;En proceso;;;;;2024
Decisi¢n;Panam†;Ley 45 de 2007;45502;Jul 24;Incumplimiento de garant°a;EL MACHETAZO;Supermercados;Samsung;Refrigeradora;481.48;Pendiente constancia desistimiento;;45537;Sep 24;2024;2024
Decisi¢n;Panam†;Ley 45 de 2007;45503;Jul 24;Falta de informaci¢n;TU BIENESTAR COMPANY, S.A.;Funerarias;;;24;Pendiente constancia desistimiento;;45537;Sep 24;2024;2024
Decisi¢n;Panam†;Ley 45 de 2007;45504;Jul 24;Incumplimiento de servicio;PANAMA INTERNATIONAL MOVERS, S.A.;Transporte (fletes, encomiendas y similares);;;1590.73;En proceso;;;;;2024
Decisi¢n;Panam†;Ley 45 de 2007;45503;Jul 24;Falta de informaci¢n;INVERSIONES EL CREPÈSCULO, S.A.;Funerarias;;;26;Acuerdo en audiencia/Varios;;45568;Oct 24;2024;2024
Decisi¢n;Panam†;Ley 45 de 2007;45504;Jul 24;Incumplimiento de servicio;TOLDAS 24/7 EXPRESS;Servicios de instalaci¢n;;Gazebo;1914.66;En proceso;;;;;2024
Decisi¢n;Panam†;Ley 45 de 2007;45504;Jul 24;Falta de informaci¢n;F Y F ESTUDIO FOTOGRAFICO;Servicios Profesionales;;;321;En proceso;;;;;2024
Decisi¢n;Panam†;Ley 45 de 2007;45504;Jul 24;Falta de informaci¢n;INVERSIONES EL CREPÈSCULO, S.A.;Funerarias;;;24;Desistimiento;;45530;Ago 24;2024;2024
Decisi¢n;Panam†;Ley 45 de 2007;45477;Jul 24;Resoluci¢n de contrato;SKY PANAMµ;Tv por cable;;;31.12;Acuerdo en audiencia/Varios;;45541;Sep 24;2024;2024
Decisi¢n;Panam†;Ley 45 de 2007;45477;Jul 24;Devoluci¢n de dinero;ARRENDADORA ECON‡MICA;Agencia de autos;;;192.6;En proceso;;;;;2024
Decisi¢n;Panam†;Ley 45 de 2007;45490;Jul 24;Falta de informaci¢n;INVERSIONES EL CREPÈSCULO, S.A.;Funerarias;;;12;Desistimiento;;45518;Ago 24;2024;2024
Decisi¢n;Panam†;Ley 45 de 2007;45497;Jul 24;Incumplimiento de garant°a;SOUND N MUSIC;Muebler°a/equipo electr¢nico;Sankey;Refrigeradora;321;Desistimiento;;45518;Ago 24;2024;2024
Decisi¢n;Panam†;Ley 45 de 2007;45503;Jul 24;Incumplimiento de garant°a;MULTIMAX;ElectrodomÇsticos/equipos electr¢nicos;LG;Televisor;443.99;Acuerdo en audiencia/Varios;;45568;Oct 24;2024;2024
Decisi¢n;Panam†;Ley 45 de 2007;45495;Jul 24;Incumplimiento de contrato;ESQUIPULA  AUTO ESCUELA DE MANEJO;Escuela de manejo;;;230;Inhibe;;45589;Oct 24;2024;2024
Decisi¢n;Panam†;Ley 45 de 2007;45495;Jul 24;Incumplimiento de garant°a;UNIVERSAL M‡VIL PLUZ;Celulares;;Celular;210;Acuerdo en audiencia/Varios;;45559;Sep 24;2024;2024
Decisi¢n;Panam†;Ley 45 de 2007;45498;Jul 24;Falta de informaci¢n;SMILE DESIGN;Cl°nicas/ Hospitales;;;75;Desistimiento/Devoluci¢n;75;45527;Ago 24;2024;2024
Decisi¢n;Bocas del Toro;Ley 45 de 2007;45475;Jul 24;Incumplimiento de garant°a;ALMACEN EL TIBURON;AlmacÇn por departamentos;;Celular;89.95;En proceso;;;;;2024
Decisi¢n;Bocas del Toro;Ley 45 de 2007;45502;Jul 24;Resoluci¢n de contrato;SKY PANAMµ;Tv por cable;;Antena;318;En proceso;;;;;2024
Decisi¢n;CoclÇ;Ley 45 de 2007;45475;Jul 24;Falta de informaci¢n;MAURO TOW;Servicios de gr£as;;;290;En proceso;;;;;2024
Decisi¢n;CoclÇ;Ley 45 de 2007;45481;Jul 24;Resoluci¢n de contrato;CABLE & WIRELESS PANAMµ;Telefonia;;;137.12;En proceso;;;;;2024
Decisi¢n;CoclÇ;Ley 45 de 2007;45481;Jul 24;Resoluci¢n de contrato;SKY PANAMµ;Tv por cable;;;58.72;En proceso;;;;;2024
Decisi¢n;CoclÇ;Ley 45 de 2007;45491;Jul 24;Incumplimiento de contrato;PREFALEGO;Inmobiliarias;;;700;En proceso;;;;;2024
Decisi¢n;CoclÇ;Ley 45 de 2007;45498;Jul 24;Incumplimiento de servicio;TICKET PLUS;Eventos art°sticos;;;287.76;En proceso;;;;;2024
Decisi¢n;Col¢n;Ley 45 de 2007;45481;Jul 24;Resoluci¢n de contrato;CABLE & WIRELESS PANAMµ;Tv por cable;;;7;En proceso;;;;;2024
Decisi¢n;Col¢n;Ley 45 de 2007;45492;Jul 24;Falta de informaci¢n;INVERSIONES EL CREPÈSCULO, S.A.;Funerarias;;;20;En proceso;;;;;2024
Decisi¢n;Col¢n;Ley 45 de 2007;45495;Jul 24;Falta de informaci¢n;INVERSIONES EL CREPÈSCULO, S.A.;Funerarias;;;20;En proceso;;;;;2024
Decisi¢n;Col¢n;Ley 45 de 2007;45495;Jul 24;Incumplimiento de servicio;MULTIVENEPANAMA;Servicios de instalaci¢n;LG;Refrigeradora;157.07;En proceso;;;;;2024
Veh°culo a Motor;Chiriqu°;Ley 14 de 2018;45485;Jul 24;Incumplimiento de garant°a;GOLD CENTER;Taller de reparaci¢n de autos;Nissan;Auto;374.77;En proceso;;;;;2024
Decisi¢n;Chiriqu°;Ley 45 de 2007;45489;Jul 24;Resoluci¢n de contrato;SKY PANAMµ;Tv por cable;;;20;En proceso;;;;;2024
Decisi¢n;Chiriqu°;Ley 45 de 2007;45490;Jul 24;Resoluci¢n de contrato;CABLE & WIRELESS PANAMµ;Telefonia;;;30;En proceso;;;;;2024
Decisi¢n;Chiriqu°;Ley 45 de 2007;45490;Jul 24;Devoluci¢n de dinero;BOQUERON DEVELOPMENT,S,A;Inmobiliarias;;Vivienda;1600;En proceso;;;;;2024
Decisi¢n;Chiriqu°;Ley 45 de 2007;45490;Jul 24;Incumplimiento de garant°a;ELECTRONICA BUGABA;ElectrodomÇsticos/equipos electr¢nicos;;Celular;240;En proceso;;;;;2024
Decisi¢n;Chiriqu°;Ley 45 de 2007;45495;Jul 24;Incumplimiento de garant°a;CENTRO DOLLAR 1 2 3;AlmacÇn por departamentos;RCA;Televisor;342.39;En proceso;;;;;2024
Decisi¢n;Chiriqu°;Ley 45 de 2007;45495;Jul 24;Resoluci¢n de contrato;SKY PANAMµ;Tv por cable;;;30.13;En proceso;;;;;2024
Decisi¢n;Chiriqu°;Ley 45 de 2007;45495;Jul 24;Resoluci¢n de contrato;SKY PANAMµ;Tv por cable;;;24;En proceso;;;;;2024
Decisi¢n;Herrera;Ley 45 de 2007;45475;Jul 24;Rescindir contrato;SKY PANAMµ;Tv por cable;;;20;En proceso;;;;;2024
Decisi¢n;Herrera;Ley 45 de 2007;45482;Jul 24;Rescindir contrato;SKY PANAMµ;Tv por cable;;;20;En proceso;;;;;2024
Decisi¢n;Herrera;Ley 45 de 2007;45484;Jul 24;Rescindir contrato;SKY PANAMµ;Tv por cable;;;20;En proceso;;;;;2024
Decisi¢n;Herrera;Ley 45 de 2007;45484;Jul 24;Rescindir contrato;SKY PANAMµ;Tv por cable;;;56.06;En proceso;;;;;2024
Decisi¢n;Herrera;Ley 45 de 2007;45484;Jul 24;Rescindir contrato;SKY PANAMµ;Tv por cable;;;20;En proceso;;;;;2024
Decisi¢n;Herrera;Ley 45 de 2007;45488;Jul 24;Rescindir contrato;SKY PANAMµ;Tv por cable;;;23.98;En proceso;;;;;2024
Decisi¢n;Herrera;Ley 45 de 2007;45492;Jul 24;Incumplimiento de garant°a;TIENDA TOTAL;Servicios Profesionales;;;106.98;En proceso;;;;;2024
Decisi¢n;Herrera;Ley 45 de 2007;45504;Jul 24;Rescindir contrato;SKY PANAMµ;Tv por cable;;;20;En proceso;;;;;2024
Decisi¢n;Herrera;Ley 45 de 2007;45504;Jul 24;Rescindir contrato;SKY PANAMµ;Tv por cable;;;20;En proceso;;;;;2024
Decisi¢n;Los Santos;Ley 45 de 2007;45477;Jul 24;Rescindir contrato;SKY PANAMµ;Tv por cable;;;47.98;En proceso;;;;;2024
Decisi¢n;Los Santos;Ley 45 de 2007;45483;Jul 24;Incumplimiento de garant°a;MEGA VARIEDADES LA POLLERA;Muebler°a/equipo electr¢nico;Samsung;Refrigeradora;675;En proceso;;;;;2024
Veh°culo a Motor;Veraguas;Ley 14 de 2018;45483;Jul 24;Incumplimiento de garant°a;BUENAS LLANTAS, S.A.;Repuestos para autos;;Llanta;40;En proceso;;;;;2024
Veh°culo a Motor;Veraguas;Ley 14 de 2018;45491;Jul 24;Incumplimiento de garant°a;RODMAN AUTO SERVICES;Repuestos para autos;Nissan;Pieza de Repuesto;190;En proceso;;;;;2024
Decisi¢n;Veraguas;Ley 45 de 2007;45483;Jul 24;Falta de informaci¢n;HOTEL BAMBUDA SANTA CATALINA;Hoteles o planes vacacionales;;;1359.72;En proceso;;;;;2024
Decisi¢n;Veraguas;Ley 45 de 2007;45488;Jul 24;Anulaci¢n de contrato;SKY PANAMµ;Tv por cable;;;20;Desistimiento;;45610;Nov 24;2024;2024
Decisi¢n;Veraguas;Ley 45 de 2007;45490;Jul 24;Falta de informaci¢n;MUEBLES JAMAR;Muebler°a/equipo electr¢nico;;;426.93;En proceso;;;;;2024
Decisi¢n;Veraguas;Ley 45 de 2007;45503;Jul 24;Resoluci¢n de contrato;CABLE & WIRELESS PANAMµ;Tv por cable;;;59.31;En proceso;;;;;2024
Veh°culo a Motor;Pm† Oeste;Ley 14 de 2018;45502;Jul 24;Incumplimiento de garant°a;AUTO SPOT CENTER, S.A.;Repuestos para autos;;;64.2;En proceso;;;;;2024
Decisi¢n;Pm† Oeste;Ley 45 de 2007;45476;Jul 24;Falta de informaci¢n;TECNOBYTE STORE, S.A.;Celulares;Samsung;Celular;369.99;En proceso;;;;;2024
Decisi¢n;Pm† Oeste;Ley 45 de 2007;45477;Jul 24;Falta de informaci¢n;MEDIC FEET;Cl°nicas/ Hospitales;;;69.55;En proceso;;;;;2024
Decisi¢n;Pm† Oeste;Ley 45 de 2007;45477;Jul 24;Incumplimiento de garant°a;LEYS , S.A.;Muebler°a/equipo electr¢nico;;Televisor;267;En proceso;;;;;2024
Decisi¢n;Pm† Oeste;Ley 45 de 2007;45483;Jul 24;Incumplimiento de garant°a;TECNO COOL, S.A.;AlmacÇn por departamentos;;;275.81;En proceso;;;;;2024
Decisi¢n;Pm† Oeste;Ley 45 de 2007;45489;Jul 24;Falta de informaci¢n;WOODLAND PANAMA;F†bricas de muebles;;;915;En proceso;;;;;2024
Decisi¢n;Pm† Oeste;Ley 45 de 2007;45495;Jul 24;Incumplimiento de garant°a;TECNOBYTE STORE, S.A.;Celulares;Iphone;Celular;2539.99;En proceso;;;;;2024
Decisi¢n;Pm† Oeste;Ley 45 de 2007;45496;Jul 24;Resoluci¢n de contrato;NATURAL ENGLISH;Cursos de inglÇs;;;1520;En proceso;;;;;2024
Decisi¢n;Pm† Oeste;Ley 45 de 2007;45496;Jul 24;Cobro indebido;CABLE & WIRELESS PANAMµ;Comunicaciones / internet;;;30.3;En proceso;;;;;2024
Decisi¢n;Pm† Oeste;Ley 45 de 2007;45499;Jul 24;Incumplimiento de contrato;FUNERARIA VIRGEN DE FATIMA;Funerarias;;;65;En proceso;;;;;2024
Decisi¢n;Pm† Este;Ley 45 de 2007;45481;Jul 24;Incumplimiento de garant°a;GRUPO REY;Supermercados;Westinghouse;Televisor;309.23;Desistimiento;;45483;Jul 24;2024;2024
Veh°culo a Motor;Panam†;Ley 45 de 2007;45505;Ago 24;Falta de informaci¢n;TOTAL CARS;Venta de autos usados;Nissan;Auto;6300;En proceso;;;;;2024
Veh°culo a Motor;Panam†;Ley 45 de 2007;45505;Ago 24;Incumplimiento de garant°a;DISTRIBUIDORA AUTOMOTRIZ FORTUNE;Agencia de autos;Changan;Auto;21488;En proceso;;;;;2024
Veh°culo a Motor;Panam†;Ley 45 de 2007;45505;Ago 24;Custodia de bien;TALLER AUTO COOL PANAMµ;Taller de reparaci¢n de autos;Toyota;Auto;226.29;En proceso;;;;;2024
Veh°culo a Motor;Panam†;Ley 45 de 2007;45506;Ago 24;Custodia de bien;SMART VALET;Estacionamientos;Ford;Auto;105.21;Inhibe;;45594;Oct 24;2024;2024
Veh°culo a Motor;Panam†;Ley 45 de 2007;45509;Ago 24;Falta de informaci¢n;AUTOS PLATINIUM;Venta de autos usados;Nissan;Auto;4000;En proceso;;;;;2024
Veh°culo a Motor;Panam†;Ley 45 de 2007;45513;Ago 24;Incumplimiento de contrato;REPUESTOS COMERCIALES;Repuestos para autos;Toyota;Auto;77;Pendiente constancia desistimiento;;45572;Oct 24;2024;2024
Veh°culo a Motor;Panam†;Ley 45 de 2007;45513;Ago 24;Incumplimiento de garant°a;GRUPO SILABA Y GRUPO Q;Agencia de autos;Chevrolet;Auto;15494;En proceso;;;;;2024
Veh°culo a Motor;Panam†;Ley 45 de 2007;45517;Ago 24;Incumplimiento de garant°a;EMP CAPITAL CORP;Repuestos para autos;Toyota;Auto;96.3;En proceso;;;;;2024
Veh°culo a Motor;Panam†;Ley 45 de 2007;45520;Ago 24;Incumplimiento de garant°a;SANTY CARS 507;Venta de autos usados;KIA;Auto;4600;En proceso;;;;;2024
Veh°culo a Motor;Panam†;Ley 45 de 2007;45520;Ago 24;Incumplimiento de garant°a;RICARDO PEREZ, S.A.;Agencia de autos;Toyota;Auto;26800;En proceso;;;;;2024
Veh°culo a Motor;Panam†;Ley 45 de 2007;45520;Ago 24;Custodia de bien;TEAM CAR SERVICES;Taller de reparaci¢n de autos;Chevrolet;Auto;514.76;En proceso;;;;;2024
Veh°culo a Motor;Panam†;Ley 45 de 2007;45520;Ago 24;Incumplimiento de garant°a;AUTOMOTORA AUTOSTAR, S.A.;Agencia de autos;JEEP;Auto;26990;En proceso;;;;;2024
Veh°culo a Motor;Panam†;Ley 45 de 2007;45523;Ago 24;Incumplimiento de garant°a;GRUPO Q;Agencia de autos;Chevrolet;Auto;23648;En proceso;;;;;2024
Veh°culo a Motor;Panam†;Ley 45 de 2007;45523;Ago 24;Incumplimiento de garant°a;GRUPO Q INVESTMENTS, S.A.;Agencia de autos;Cherry;Auto;16900;En proceso;;;;;2024
Veh°culo a Motor;Panam†;Ley 45 de 2007;45524;Ago 24;Incumplimiento de garant°a;PARABRISAS PANAMA, S.A.;Repuestos para autos;Chevrolet;Auto;107;En proceso;;;;;2024
Veh°culo a Motor;Panam†;Ley 45 de 2007;45524;Ago 24;Falta de informaci¢n;ABERNATHY, S.A.;Repuestos para autos;#≠NULO!;#≠NULO!;514.76;En proceso;;;;;2024
Veh°culo a Motor;Panam†;Ley 45 de 2007;45524;Ago 24;Incumplimiento de servicio;TALLER CAR CARE MOTOR SPORT, S.A.;Taller de reparaci¢n de autos;Audi;Auto;2961.3;En proceso;;;;;2024
Veh°culo a Motor;Panam†;Ley 45 de 2007;45530;Ago 24;Incumplimiento de garant°a;GRUPO SILABA;Repuestos para autos;KIA;Auto;94.96;En proceso;;;;;2024
Veh°culo a Motor;Panam†;Ley 45 de 2007;45530;Ago 24;Incumplimiento de garant°a;GRUPO SILABA;Agencia de autos;KIA;Auto;20345;En proceso;;;;;2024
Veh°culo a Motor;Panam†;Ley 45 de 2007;45530;Ago 24;Incumplimiento de garant°a;AUTO DEAL BUY A CAR AGAIN;Venta de autos usados;KIA;Auto;8907.66;En proceso;;;;;2024
Veh°culo a Motor;Panam†;Ley 45 de 2007;45532;Ago 24;Incumplimiento de servicio;ELECTROMECANICA J. CASTILLO;Taller de reparaci¢n de autos;Mitsubishi;Auto;75;En proceso;;;;;2024
Veh°culo a Motor;Panam†;Ley 45 de 2007;45533;Ago 24;Incumplimiento de garant°a;PANAMOTOR;Agencia de autos;Nissan;Auto;28999;En proceso;;;;;2024
Veh°culo a Motor;Panam†;Ley 45 de 2007;45534;Ago 24;Incumplimiento de garant°a;AUTO SALES;Venta de autos usados;Honda;Auto;6300;En proceso;;;;;2024
Decisi¢n;Panam†;Ley 45 de 2007;45532;Ago 24;Veracidad de la publicidad;NAPPA LEATHER INC;AlmacÇn de ropa y calzados;;;78.65;En proceso;;;;;2024
Decisi¢n;Panam†;Ley 45 de 2007;45505;Ago 24;Incumplimiento de garant°a;TODO A DOLLAR;AlmacÇn por departamentos;;;53.5;En proceso;;;;;2024
Decisi¢n;Panam†;Ley 45 de 2007;45510;Ago 24;Da§os y perjuicios;OFERTASIMPLE.COM;Servicio de intermediaci¢n;Panasonic;Aire acondicionado;167;En proceso;;;;;2024
Decisi¢n;Panam†;Ley 45 de 2007;45510;Ago 24;Resoluci¢n de contrato;SKY PANAMµ;Tv por cable;;;19.99;Acuerdo en audiencia/Varios;;45567;Oct 24;2024;2024
Decisi¢n;Panam†;Ley 45 de 2007;45510;Ago 24;Incumplimiento de garant°a;MUEBLES Y DETALLESS PTY;Muebler°as;;Juego de sala;1050;En proceso;;;;;2024
Decisi¢n;Panam†;Ley 45 de 2007;45511;Ago 24;Falta de informaci¢n;ESTRUCTURAS Y EBANISTERIA MENDOZA;Muebler°as;;;200;Pendiente constancia desistimiento;;45559;Sep 24;2024;2024
Decisi¢n;Panam†;Ley 45 de 2007;45510;Ago 24;Incumplimiento de garant°a;TIGO PANAMµ;Telefonia;Samsung;Celular;1016.45;Desistimiento;;45537;Sep 24;2024;2024
Decisi¢n;Panam†;Ley 45 de 2007;45512;Ago 24;Falta de informaci¢n;PROMOTORA STAGE TOWER, S.A.;Inmobiliarias;;;1500;Acuerdo en audiencia/Devoluci¢n de dinero;1500;45548;Sep 24;2024;2024
Decisi¢n;Panam†;Ley 45 de 2007;45513;Ago 24;Da§os y perjuicios;PRESTIGE DRY CLEANERS;Servicio de intermediaci¢n;;;393.33;En proceso;;;;;2024
Decisi¢n;Panam†;Ley 45 de 2007;45511;Ago 24;Vicio oculto;ORTEGA INVESTMENT GROUP OF PANAMA, INC;Inmobiliarias;;Apartamento;2839.35;En proceso;;;;;2024
Decisi¢n;Panam†;Ley 45 de 2007;45513;Ago 24;Falta de informaci¢n;INVERSIONES EL CREPÈSCULO, S.A.;Funerarias;;;32;Acuerdo en audiencia/Varios;;45541;Sep 24;2024;2024
Decisi¢n;Panam†;Ley 45 de 2007;45513;Ago 24;Incumplimiento de garant°a;SEARCH ENGINE BUSINESS, INC.;ElectrodomÇsticos/equipos electr¢nicos;LG;Refrigeradora;389.05;Desistimiento;;45532;Ago 24;2024;2024
Decisi¢n;Panam†;Ley 45 de 2007;45512;Ago 24;Falta de informaci¢n;INVERSIONES EL CREPÈSCULO, S.A.;Funerarias;;;26;Acuerdo en audiencia/Varios;;45559;Sep 24;2024;2024
Decisi¢n;Panam†;Ley 45 de 2007;45513;Ago 24;Incumplimiento de garant°a;PANAFOTO;ElectrodomÇsticos/equipos electr¢nicos;Hisense;Refrigeradora;791.8;En proceso;;;;;2024
Decisi¢n;Panam†;Ley 45 de 2007;45517;Ago 24;Incumplimiento de garant°a;BLUE POWER ELECTRONICS, S.A.;ElectrodomÇsticos/equipos electr¢nicos;;;16.05;Acuerdo en audiencia/Varios;;45548;Sep 24;2024;2024
Decisi¢n;Panam†;Ley 45 de 2007;45517;Ago 24;Falta de informaci¢n;INVERSIONES EL CREPÈSCULO, S.A.;Funerarias;;;31;Desistimiento;;45567;Oct 24;2024;2024
Decisi¢n;Panam†;Ley 45 de 2007;45518;Ago 24;Incumplimiento de servicio;GALGO BOX CENTRO AMERICA;Servicio de intermediaci¢n;;;151.37;En proceso;;;;;2024
Decisi¢n;Panam†;Ley 45 de 2007;45513;Ago 24;Resoluci¢n de contrato;SKY PANAMµ;Tv por cable;;;30;Acuerdo en audiencia/Varios;;45569;Oct 24;2024;2024
Decisi¢n;Panam†;Ley 45 de 2007;45517;Ago 24;Incumplimiento de garant°a;COLMUEBLES, S.A.;Muebler°a/equipo electr¢nico;Samsung;Audifonos;498;En proceso;;;;;2024
Decisi¢n;Panam†;Ley 45 de 2007;45517;Ago 24;Falta de informaci¢n;INVERSIONES EL CREPÈSCULO, S.A.;Funerarias;;;31;Acuerdo en audiencia/Varios;;45541;Sep 24;2024;2024
Decisi¢n;Panam†;Ley 45 de 2007;45517;Ago 24;Falta de informaci¢n;COPA AIRLINES;L°neas aÇreas;;;1596.9;Acuerdo en audiencia/Varios;;45596;Oct 24;2024;2024
Decisi¢n;Panam†;Ley 45 de 2007;45518;Ago 24;Falta de informaci¢n;IMPORTADORA MADURO, S.A.;AlmacÇn por departamentos;;;200;En proceso;;;;;2024
Decisi¢n;Panam†;Ley 45 de 2007;45518;Ago 24;Incumplimiento de garant°a;MUEBLES MODERNOS;Muebler°as;;Juego de sala;480.43;Desistimiento;;45589;Oct 24;2024;2024
Decisi¢n;Panam†;Ley 45 de 2007;45525;Ago 24;Resoluci¢n de contrato;CABLE & WIRELESS PANAMµ;Telefonia;;;26.75;Acuerdo en audiencia/Varios;;45603;Nov 24;2024;2024
Decisi¢n;Panam†;Ley 45 de 2007;45525;Ago 24;Incumplimiento de garant°a;RODELAG;ElectrodomÇsticos/equipos electr¢nicos;LG;Refrigeradora;1123.48;En proceso;;;;;2024
Decisi¢n;Panam†;Ley 45 de 2007;45525;Ago 24;Vicio oculto;INMOBILIARIA LYKAR, S.A.;Inmobiliarias;;Vivienda;3815.41;En proceso;;;;;2024
Decisi¢n;Panam†;Ley 45 de 2007;45526;Ago 24;Incumplimiento de garant°a;MULTISERVICIOS FRIOKING, S.A.;Repuestos y reparaciones (talleres varios no autos);Panasonic;Aire acondicionado;1687;En proceso;;;;;2024
Decisi¢n;Panam†;Ley 45 de 2007;45526;Ago 24;Incumplimiento de garant°a;SOUND N MUSIC;ElectrodomÇsticos/equipos electr¢nicos;Sankey;Refrigeradora;735;Desistimiento;;45538;Sep 24;2024;2024
Decisi¢n;Panam†;Ley 45 de 2007;45526;Ago 24;Falta de informaci¢n;INVERSIONES EL CREPÈSCULO, S.A.;Funerarias;;;20;Desistimiento;;45538;Sep 24;2024;2024
Decisi¢n;Panam†;Ley 45 de 2007;45526;Ago 24;Falta de informaci¢n;TU BIENESTAR COMPANY, S.A.;Funerarias;;;24;Desistimiento;;45538;Sep 24;2024;2024
Decisi¢n;Panam†;Ley 45 de 2007;45526;Ago 24;Falta de informaci¢n;TU BIENESTAR COMPANY, S.A.;Funerarias;;;24;Acuerdo en audiencia/Varios;;45559;Sep 24;2024;2024
Decisi¢n;Panam†;Ley 45 de 2007;45526;Ago 24;Falta de informaci¢n;FELIX B. MADURO, S.A.;AlmacÇn por departamentos;;;47.92;Desistimiento;;45566;Oct 24;2024;2024
Decisi¢n;Panam†;Ley 45 de 2007;45526;Ago 24;Falta de informaci¢n;INVERSIONES EL CREPÈSCULO, S.A.;Funerarias;;;24;En proceso;;;;;2024
Decisi¢n;Panam†;Ley 45 de 2007;45526;Ago 24;Incumplimiento de garant°a;PANAFOTO;ElectrodomÇsticos/equipos electr¢nicos;LG;;514.62;Desistimiento;;45538;Sep 24;2024;2024
Decisi¢n;Panam†;Ley 45 de 2007;45534;Ago 24;Incumplimiento de garant°a;MULTISERVICIOS DECON;Remodelaci¢n;;;4220;En proceso;;;;;2024
Decisi¢n;Panam†;Ley 45 de 2007;45526;Ago 24;Falta de informaci¢n;INVERSIONES EL CREPÈSCULO, S.A.;Funerarias;;;24;Acuerdo en audiencia/Varios;;45548;Sep 24;2024;2024
Decisi¢n;Panam†;Ley 45 de 2007;45526;Ago 24;Falta de informaci¢n;INVERSIONES EL CREPÈSCULO, S.A.;Funerarias;;;20;Desistimiento;;45548;Sep 24;2024;2024
Decisi¢n;Panam†;Ley 45 de 2007;45526;Ago 24;Falta de informaci¢n;INVERSIONES EL CREPÈSCULO, S.A.;Funerarias;;;26;Acuerdo en audiencia/Varios;;45565;Sep 24;2024;2024
Decisi¢n;Panam†;Ley 45 de 2007;45530;Ago 24;Resoluci¢n de contrato;PLAYA BLANCA SIGNATURE, S.A.;Hoteles o planes vacacionales;;;3250;Acuerdo en audiencia/Varios;;45610;Nov 24;2024;2024
Decisi¢n;Panam†;Ley 45 de 2007;45530;Ago 24;Incumplimiento de contrato;CASA DEKO;Servicios de instalaci¢n;;;3800;Inhibe;;45586;Oct 24;2024;2024
Decisi¢n;Panam†;Ley 45 de 2007;45530;Ago 24;Falta de informaci¢n;INVERSIONES EL CREPÈSCULO, S.A.;Funerarias;;;24;Desistimiento;;45566;Oct 24;2024;2024
Decisi¢n;Panam†;Ley 45 de 2007;45530;Ago 24;Falta de informaci¢n;OCEANS ECOMMERCE, S.A.;Ventas por internet;;;93.99;Pendiente constancia desistimiento;;45545;Sep 24;2024;2024
Decisi¢n;Panam†;Ley 45 de 2007;45530;Ago 24;Falta de informaci¢n;FATS SERVICE CENTER, S.A.;ElectrodomÇsticos/equipos electr¢nicos;;;100;Desistimiento;;45610;Nov 24;2024;2024
Decisi¢n;Panam†;Ley 45 de 2007;45530;Ago 24;Incumplimiento de garant°a;PREMIER;ElectrodomÇsticos/equipos electr¢nicos;;;433.32;Pendiente constancia desistimiento;;45593;Oct 24;2024;2024
Decisi¢n;Panam†;Ley 45 de 2007;45530;Ago 24;Falta de informaci¢n;TURPIAL AIRLINES, C.A.;L°neas aÇreas;;;534.24;En proceso;;;;;2024
Decisi¢n;Panam†;Ley 45 de 2007;45531;Ago 24;Falta de informaci¢n;PREMIER;ElectrodomÇsticos/equipos electr¢nicos;;;26.74;Pendiente constancia desistimiento;;45621;Nov 24;2024;2024
Decisi¢n;Panam†;Ley 45 de 2007;45530;Ago 24;Incumplimiento de servicio;TAPICERIA RAUL;F†bricas de muebles;;;1380;Desistimiento;;45573;Oct 24;2024;2024
Decisi¢n;Panam†;Ley 45 de 2007;45531;Ago 24;Falta de informaci¢n;INVERSIONES EL CREPÈSCULO, S.A.;Funerarias;;;20;Acuerdo en audiencia/Varios;;45559;Sep 24;2024;2024
Decisi¢n;Panam†;Ley 45 de 2007;45531;Ago 24;Resoluci¢n de contrato;SKY PANAMµ;Tv por cable;;;20;En proceso;;;;;2024
Decisi¢n;Panam†;Ley 45 de 2007;45531;Ago 24;Resoluci¢n de contrato;TIGO PANAMµ;Tv por cable;;;30.26;Desistimiento;;45559;Sep 24;2024;2024
Decisi¢n;Panam†;Ley 45 de 2007;45531;Ago 24;Resoluci¢n de contrato;TIGO PANAMµ;Tv por cable;;;30.26;Desistimiento;;45559;Sep 24;2024;2024
Decisi¢n;Panam†;Ley 45 de 2007;45531;Ago 24;Incumplimiento de garant°a;PANAFOTO;ElectrodomÇsticos/equipos electr¢nicos;Samsung;Televisor;320.95;En proceso;;;;;2024
Decisi¢n;Panam†;Ley 45 de 2007;45531;Ago 24;Incumplimiento de servicio;MARIA DOS, S.A.;Servicios Profesionales;;;4973.36;En proceso;;;;;2024
Decisi¢n;Panam†;Ley 45 de 2007;45533;Ago 24;Incumplimiento de garant°a;PROMOTORA LA VALDEZA, S.A.;Inmobiliarias;;Vivienda;303.96;Acuerdo en audiencia/Varios;;45588;Oct 24;2024;2024
Decisi¢n;Panam†;Ley 45 de 2007;45533;Ago 24;Vicio oculto;RAENCO;ElectrodomÇsticos/equipos electr¢nicos;LG;Lavadora;849;Abandono;;45616;Nov 24;2024;2024
Decisi¢n;Panam†;Ley 45 de 2007;45533;Ago 24;Custodia de bien;G S MOVIL;Celulares;;Celular;806.78;En proceso;;;;;2024
Decisi¢n;Panam†;Ley 45 de 2007;45531;Ago 24;Incumplimiento de garant°a;WILLCAR COMPANY, S.A.;ElectrodomÇsticos/equipos electr¢nicos;;;245.55;Desistimiento;;45559;Sep 24;2024;2024
Decisi¢n;Panam†;Ley 45 de 2007;45533;Ago 24;Incumplimiento de garant°a;PANAFOTO;ElectrodomÇsticos/equipos electr¢nicos;;;331.71;En proceso;;;;;2024
Decisi¢n;Panam†;Ley 45 de 2007;45533;Ago 24;Incumplimiento de garant°a;NOVEY;ElectrodomÇsticos/equipos electr¢nicos;Samsung;Refrigeradora;2581.91;En proceso;;;;;2024
Decisi¢n;Panam†;Ley 45 de 2007;45533;Ago 24;Incumplimiento de garant°a;NEL - MAR GLOBAL SERVICES, S.A.;Repuestos y reparaciones (talleres varios no autos);;Pieza de Repuesto;20.33;En proceso;;;;;2024
Decisi¢n;Panam†;Ley 45 de 2007;45533;Ago 24;Incumplimiento de garant°a;DOIT CENTER;AlmacÇn por departamentos;Whirlpool;Lavadora;433.98;En proceso;;;;;2024
Decisi¢n;Panam†;Ley 45 de 2007;45533;Ago 24;Incumplimiento de garant°a;PANAFOTO;ElectrodomÇsticos/equipos electr¢nicos;HP;Computadora;406.55;Desistimiento;;45614;Nov 24;2024;2024
Decisi¢n;Panam†;Ley 45 de 2007;45533;Ago 24;Incumplimiento de servicio;MULTIMAX;ElectrodomÇsticos/equipos electr¢nicos;;;120.88;Pendiente constancia desistimiento;;45567;Oct 24;2024;2024
Decisi¢n;Panam†;Ley 45 de 2007;45534;Ago 24;Incumplimiento de garant°a;LILITECH LAPTOPS & MORE;Computadoras;HP;Computadora;452.5;En proceso;;;;;2024
Decisi¢n;Panam†;Ley 45 de 2007;45533;Ago 24;Incumplimiento de garant°a;RAENCO;ElectrodomÇsticos/equipos electr¢nicos;Samsung;Refrigeradora;587.46;En proceso;;;;;2024
Decisi¢n;Panam†;Ley 45 de 2007;45533;Ago 24;Resoluci¢n de contrato;CABLE & WIRELESS PANAMµ;Tv por cable;;;44.82;En proceso;;;;;2024
Decisi¢n;Panam†;Ley 45 de 2007;45533;Ago 24;Incumplimiento de garant°a;PANAFOTO;ElectrodomÇsticos/equipos electr¢nicos;Samsung;Refrigeradora;453.79;En proceso;;;;;2024
Decisi¢n;Panam†;Ley 45 de 2007;45533;Ago 24;Incumplimiento de garant°a;NOVEY;AlmacÇn por departamentos;Mabe;Centro de lavado;1177.79;En proceso;;;;;2024
Decisi¢n;Panam†;Ley 45 de 2007;45533;Ago 24;Incumplimiento de servicio;OPTICA SOSA Y ARANGO;Opticas;;Lentes;211.43;Pendiente constancia desistimiento;;45559;Sep 24;2024;2024
Decisi¢n;Panam†;Ley 45 de 2007;45533;Ago 24;Falta de informaci¢n;INVERSIONES EL CREPÈSCULO, S.A.;Funerarias;;;20;Desistimiento;;45559;Sep 24;2024;2024
Decisi¢n;Panam†;Ley 45 de 2007;45533;Ago 24;Incumplimiento de garant°a;PANAFOTO;ElectrodomÇsticos/equipos electr¢nicos;Hisense;Refrigeradora;359;Desistimiento;;45559;Sep 24;2024;2024
Decisi¢n;Panam†;Ley 45 de 2007;45533;Ago 24;Incumplimiento de servicio;SOLO MUEBLES;Muebler°as;;;220;En proceso;;;;;2024
Decisi¢n;Panam†;Ley 45 de 2007;45534;Ago 24;Incumplimiento de garant°a;CREDITOS MUNDIALES;Muebler°a/equipo electr¢nico;;Refrigeradora;885.96;En proceso;;;;;2024
Decisi¢n;Panam†;Ley 45 de 2007;45534;Ago 24;Falta de informaci¢n;INVERSIONES EL CREPÈSCULO, S.A.;Funerarias;;;26;Acuerdo en audiencia/Varios;;45580;Oct 24;2024;2024
Decisi¢n;Panam†;Ley 45 de 2007;45534;Ago 24;Incumplimiento de garant°a;PREMIER;ElectrodomÇsticos/equipos electr¢nicos;;Televisor;353.09;Pendiente constancia desistimiento;;45548;Sep 24;2024;2024
Decisi¢n;Panam†;Ley 45 de 2007;45534;Ago 24;Incumplimiento de garant°a;SUPER XTRA;Supermercados;Premier;Refrigeradora;225;Pendiente constancia desistimiento;;45602;Nov 24;2024;2024
Decisi¢n;Panam†;Ley 45 de 2007;45534;Ago 24;Falta de informaci¢n;JOYERIA SAPIR;Joyer°a/Relojer°as;;;100;Pendiente constancia desistimiento;;45561;Sep 24;2024;2024
Decisi¢n;Panam†;Ley 45 de 2007;45534;Ago 24;Incumplimiento de garant°a;CITY MUEBLES;ElectrodomÇsticos/equipos electr¢nicos;Whirlpool;Lavadora;345;Pendiente constancia desistimiento;;45583;Oct 24;2024;2024
Decisi¢n;Panam†;Ley 45 de 2007;45511;Ago 24;Devoluci¢n de dinero;EL MACHETAZO;Supermercados;;;29.93;Desistimiento;;45537;Sep 24;2024;2024
Decisi¢n;Panam†;Ley 45 de 2007;45512;Ago 24;Devoluci¢n de dinero;INMOBILIARIA DON ANTONIO, S.A.;Supermercados;;;37.8;Pendiente constancia desistimiento;;45548;Sep 24;2024;2024
Decisi¢n;Panam†;Ley 45 de 2007;45513;Ago 24;Devoluci¢n de dinero;GREEN PALACE, S.A.;Inmobiliarias;;Vivienda;500;En proceso;;;;;2024
Decisi¢n;Panam†;Ley 45 de 2007;45525;Ago 24;Custodia de bien;ON SERVICE;Repuestos y reparaciones (talleres varios no autos);Samsung;Televisor;854.93;Pendiente constancia desistimiento;;45625;Nov 24;2024;2024
Decisi¢n;Panam†;Ley 45 de 2007;45525;Ago 24;Incumplimiento de garant°a;E-VISION;Muebler°a/equipo electr¢nico;Sankey;Bocina;175;Desistimiento;;45608;Nov 24;2024;2024
Decisi¢n;Panam†;Ley 45 de 2007;45532;Ago 24;Devoluci¢n de dinero;PROMOTORA CASAS PACIFICAS;Inmobiliarias;;Vivienda;1000;En proceso;;;;;2024
Decisi¢n;Panam†;Ley 45 de 2007;45532;Ago 24;Devoluci¢n de dinero;SOLO MUEBLES;F†bricas de muebles;;;400;En proceso;;;;;2024
Decisi¢n;Panam†;Ley 45 de 2007;45530;Ago 24;Incumplimiento de servicio;SOLO MUEBLES;Muebler°as;;;310;En proceso;;;;;2024
Decisi¢n;Panam†;Ley 45 de 2007;45531;Ago 24;Incumplimiento de garant°a;RAENCO;ElectrodomÇsticos/equipos electr¢nicos;Samsung;Refrigeradora;416;Desistimiento;;45548;Sep 24;2024;2024
Decisi¢n;Panam†;Ley 45 de 2007;45531;Ago 24;Incumplimiento de garant°a;H5 MOVILES #1;Celulares;LG;Celular;60;En proceso;;;;;2024
Decisi¢n;Bocas del Toro;Ley 45 de 2007;45518;Ago 24;Incumplimiento de contrato;COMERCIALES FILY;Muebler°a/equipo electr¢nico;;Panel solar;3050;Desistimiento;;45527;Ago 24;2024;2024
Decisi¢n;Bocas del Toro;Ley 45 de 2007;45533;Ago 24;Resoluci¢n de contrato;INVERSIONES EL CREPÈSCULO, S.A.;Funerarias;;;300.2;Desistimiento;;45544;Sep 24;2024;2024
Veh°culo a Motor;CoclÇ;Ley 14 de 2018;45526;Ago 24;Incumplimiento de garant°a;RICARDO PEREZ, S.A.;Agencia de autos;;Auto;21500;En proceso;;;;;2024
Decisi¢n;CoclÇ;Ley 45 de 2007;45512;Ago 24;Falta de informaci¢n;ALMACEN SUPER FUERTE;AlmacÇn por departamentos;;Congelador;187.25;En proceso;;;;;2024
Decisi¢n;CoclÇ;Ley 45 de 2007;45516;Ago 24;Resoluci¢n de contrato;SKY PANAMµ;Tv por cable;;;19.99;En proceso;;;;;2024
Decisi¢n;CoclÇ;Ley 45 de 2007;45526;Ago 24;Resoluci¢n de contrato;SKY PANAMµ;Tv por cable;;;28.3;En proceso;;;;;2024
Decisi¢n;CoclÇ;Ley 45 de 2007;45531;Ago 24;Incumplimiento de garant°a;HIDROSTAR;Ferreter°as, materiales de construccion o similares;;;142.03;En proceso;;;;;2024
Decisi¢n;Col¢n;Ley 45 de 2007;45505;Ago 24;Falta de informaci¢n;PROMOTORA GREENHOUSES, S.A.;Inmobiliarias;;Vivienda;2200;En proceso;;;;;2024
Decisi¢n;Col¢n;Ley 45 de 2007;45505;Ago 24;Falta de informaci¢n;INVERSIONES DASA;Constructoras;;Vivienda;5000;En proceso;;;;;2024
Decisi¢n;Col¢n;Ley 45 de 2007;45505;Ago 24;Falta de informaci¢n;SIRENA HOME;AlmacÇn por departamentos;;Abanico;130;En proceso;;;;;2024
Decisi¢n;Col¢n;Ley 45 de 2007;45506;Ago 24;Incumplimiento de servicio;TALLER TROPICAL;Reparaci¢n de casas;;;250;En proceso;;;;;2024
Decisi¢n;Col¢n;Ley 45 de 2007;45511;Ago 24;An†lisis financiero/ Aclaraci¢n de cuenta;PROMOTORA GREENHOUSES, S.A.;Inmobiliarias;;;3970;En proceso;;;;;2024
Decisi¢n;Col¢n;Ley 45 de 2007;45511;Ago 24;Falta de informaci¢n;NATURAL ENGLISH;Cursos de inglÇs;;;130;En proceso;;;;;2024
Decisi¢n;Col¢n;Ley 45 de 2007;45511;Ago 24;Resoluci¢n de contrato;CABLE & WIRELESS PANAMµ;Tv por cable;;;21.18;En proceso;;;;;2024
Decisi¢n;Col¢n;Ley 45 de 2007;45517;Ago 24;Incumplimiento de servicio;IMPORTADORA BOLIVAR INTERNACIONAL, S.A.;Inmobiliarias;;;93;En proceso;;;;;2024
Decisi¢n;Col¢n;Ley 45 de 2007;45513;Ago 24;Falta de informaci¢n;CABLE & WIRELESS PANAMµ;Tv por cable;;;22.42;En proceso;;;;;2024
Decisi¢n;Col¢n;Ley 45 de 2007;45519;Ago 24;Aclaraci¢n de contrato;PROMOTORA GREENHOUSES, S.A.;Inmobiliarias;;;3970;En proceso;;;;;2024
Decisi¢n;Col¢n;Ley 45 de 2007;45523;Ago 24;Incumplimiento de servicio;GOOD MOVIL;Celulares;Iphone;Celular;150;En proceso;;;;;2024
Decisi¢n;Col¢n;Ley 45 de 2007;45524;Ago 24;Incumplimiento de garant°a;TITAN PANAMµ;AlmacÇn por departamentos;Hisense;Televisor;192.59;En proceso;;;;;2024
Decisi¢n;Col¢n;Ley 45 de 2007;45525;Ago 24;Resoluci¢n de contrato;CABLE & WIRELESS PANAMµ;Tv por cable;;;64;En proceso;;;;;2024
Decisi¢n;Col¢n;Ley 45 de 2007;45530;Ago 24;Resoluci¢n de contrato;SKY PANAMµ;Tv por cable;;;28;En proceso;;;;;2024
Decisi¢n;Col¢n;Ley 45 de 2007;45534;Ago 24;Incumplimiento de garant°a;RODELAG;AlmacÇn por departamentos;Whirlpool;Lavadora;502.18;En proceso;;;;;2024
Veh°culo a Motor;Chiriqu°;Ley 14 de 2018;45517;Ago 24;Incumplimiento de garant°a;TALLER YIGO;Taller de reparaci¢n de autos;;Auto;1500;En proceso;;;;;2024
Decisi¢n;Chiriqu°;Ley 45 de 2007;45516;Ago 24;Cobro indebido;RED N BLUE;Ventas por internet;;;3241.06;En proceso;;;;;2024
Decisi¢n;Chiriqu°;Ley 45 de 2007;45506;Ago 24;Devoluci¢n de dinero;INFRAURBANA;Inmobiliarias;;Vivienda;3000;En proceso;;;;;2024
Decisi¢n;Chiriqu°;Ley 45 de 2007;45512;Ago 24;Incumplimiento de garant°a;RAMTEC AUDIO Y VIDEO, S.A.;ElectrodomÇsticos/equipos electr¢nicos;RCA;Aire acondicionado;299.95;En proceso;;;;;2024
Decisi¢n;Chiriqu°;Ley 45 de 2007;45523;Ago 24;Incumplimiento de garant°a;EMPRESAS MELO S.A.;Agroquimicos;;;1164;En proceso;;;;;2024
Decisi¢n;Chiriqu°;Ley 45 de 2007;45530;Ago 24;Devoluci¢n de dinero;TURKISH AIRLINES;L°neas aÇreas;;;1889.04;En proceso;;;;;2024
Decisi¢n;Chiriqu°;Ley 45 de 2007;45519;Ago 24;Resoluci¢n de contrato;CABLE & WIRELESS PANAMµ;Telefonia;;;17.86;En proceso;;;;;2024
Decisi¢n;Chiriqu°;Ley 45 de 2007;45525;Ago 24;Devoluci¢n de dinero;BELLA VISTA PROMOCIONES INMOBILIARIAS, S.A.;Inmobiliarias;;Vivienda;1901.58;En proceso;;;;;2024
Decisi¢n;Chiriqu°;Ley 45 de 2007;45531;Ago 24;Resoluci¢n de contrato;SKY PANAMµ;Tv por cable;;;20;En proceso;;;;;2024
Veh°culo a Motor;Herrera;Ley 14 de 2018;45516;Ago 24;Incumplimiento de servicio;TALLER DE MECµNICA ODA;Taller de reparaci¢n de autos;Land Rover;Auto;1200;En proceso;;;;;2024
Decisi¢n;Herrera;Ley 45 de 2007;45505;Ago 24;Rescindir contrato;INVERSIONES EL CREPÈSCULO, S.A.;Funerarias;;;26;En proceso;;;;;2024
Decisi¢n;Herrera;Ley 45 de 2007;45506;Ago 24;Rescindir contrato;SKY PANAMµ;Tv por cable;;;23.99;En proceso;;;;;2024
Decisi¢n;Herrera;Ley 45 de 2007;45509;Ago 24;Rescindir contrato;SKY PANAMµ;Tv por cable;;;31.86;En proceso;;;;;2024
Decisi¢n;Herrera;Ley 45 de 2007;45525;Ago 24;Incumplimiento de garant°a;NOVEY;AlmacÇn por departamentos;;;152.06;En proceso;;;;;2024
Decisi¢n;Herrera;Ley 45 de 2007;45531;Ago 24;Rescindir contrato;SKY PANAMµ;Tv por cable;;;20;En proceso;;;;;2024
Decisi¢n;Los Santos;Ley 45 de 2007;45518;Ago 24;Rescindir contrato;SKY PANAMµ;Tv por cable;;;261.17;En proceso;;;;;2024
Decisi¢n;Los Santos;Ley 45 de 2007;45534;Ago 24;Incumplimiento de contrato;SKY PANAMµ;Tv por cable;;;80;En proceso;;;;;2024
Decisi¢n;Veraguas;Ley 45 de 2007;45506;Ago 24;Nota de crÇdito;VIP LIFE PANAMA, S.A.;Inmobiliarias;;Vivienda;3554.02;En proceso;;;;;2024
Decisi¢n;Veraguas;Ley 45 de 2007;45510;Ago 24;Resoluci¢n de contrato;SKY PANAMµ;Tv por cable;;;69.53;En proceso;;;;;2024
Decisi¢n;Veraguas;Ley 45 de 2007;45516;Ago 24;Rescindir contrato;CABLE & WIRELESS PANAMµ;Comunicaciones / internet;;;60.62;En proceso;;;;;2024
Decisi¢n;Veraguas;Ley 45 de 2007;45525;Ago 24;Resoluci¢n de contrato;SKY PANAMµ;Tv por cable;;;24;En proceso;;;;;2024
Decisi¢n;Veraguas;Ley 45 de 2007;45533;Ago 24;Incumplimiento de garant°a;SPIEGEL;AlmacÇn por departamentos;LG;Lavadora;641.98;Pendiente constancia desistimiento;;45573;Oct 24;2024;2024
Veh°culo a Motor;Pm† Oeste;Ley 14 de 2018;45525;Ago 24;Custodia de bien;ELECTRONICA ASIA;Repuestos para autos;;;669.86;En proceso;;;;;2024
Veh°culo a Motor;Pm† Oeste;Ley 14 de 2018;45525;Ago 24;Falta de informaci¢n;ECO SERVICES INTERNATIONAL INC.;Taller de reparaci¢n de autos;;;3622.3;En proceso;;;;;2024
Veh°culo a Motor;Pm† Oeste;Ley 14 de 2018;45532;Ago 24;Incumplimiento de servicio;AUTO TALLER VICTORIA;Taller de reparaci¢n de autos;;;3621.59;En proceso;;;;;2024
Veh°culo a Motor;Pm† Oeste;Ley 14 de 2018;45532;Ago 24;Incumplimiento de garant°a;FARA AUTOS;Taller de reparaci¢n de autos;;;235.67;En proceso;;;;;2024
Veh°culo a Motor;Pm† Oeste;Ley 14 de 2018;45533;Ago 24;Incumplimiento de garant°a;RICARDO PEREZ, S.A.;Agencia de autos;Toyota;Auto;20995;En proceso;;;;;2024
Decisi¢n;Pm† Oeste;Ley 45 de 2007;45505;Ago 24;Incumplimiento de servicio;MAP LOGISTICS & CONSTRUCTION;Herrer°as;;;1513;En proceso;;;;;2024
Decisi¢n;Pm† Oeste;Ley 45 de 2007;45509;Ago 24;Incumplimiento de garant°a;LONDON & REGIONAL PANAMµ, S.A.;Inmobiliarias;;;1980;En proceso;;;;;2024
Decisi¢n;Pm† Oeste;Ley 45 de 2007;45512;Ago 24;Cobro indebido;CEBI TRAVEL CLUB;Hoteles o planes vacacionales;;;30;En proceso;;;;;2024
Decisi¢n;Pm† Oeste;Ley 45 de 2007;45517;Ago 24;Vicio oculto;RIO ABAJO LANDINGS, S.A.;Inmobiliarias;;;663.45;En proceso;;;;;2024
Decisi¢n;Pm† Oeste;Ley 45 de 2007;45520;Ago 24;Incumplimiento de contrato;VIVIENDAS DEL OESTE, S.A.;Inmobiliarias;;;760.4;En proceso;;;;;2024
Decisi¢n;Pm† Oeste;Ley 45 de 2007;45525;Ago 24;Incumplimiento de servicio;3 JACC CELULARES;Celulares;;;30;En proceso;;;;;2024
Veh°culo a Motor;Panam†;Ley 45 de 2007;45537;Sep 24;Vicio oculto;PANAMOTOR;Agencia de autos;Nissan;Auto;28000;En proceso;;;;;2024
Veh°culo a Motor;Panam†;Ley 45 de 2007;45537;Sep 24;Custodia de bien;AUTO SERVICENTRO ORIENTAL;Taller de reparaci¢n de autos;Lexus;Auto;8324.92;En proceso;;;;;2024
Veh°culo a Motor;Panam†;Ley 45 de 2007;45538;Sep 24;Falta de informaci¢n;ASIA ENGINE PART S.A.;Repuestos para autos;Mitsubishi;Auto;145;En proceso;;;;;2024
Veh°culo a Motor;Panam†;Ley 45 de 2007;45538;Sep 24;Incumplimiento de garant°a;RICARDO PEREZ, S.A.;Agencia de autos;Toyota;Auto;7595;En proceso;;;;;2024
Veh°culo a Motor;Panam†;Ley 45 de 2007;45538;Sep 24;Incumplimiento de garant°a;GRUPO SILABA / GRUPO Q INVESTMENTS, S.A.;Agencia de autos;Chevrolet;Auto;24000;En proceso;;;;;2024
Veh°culo a Motor;Panam†;Ley 45 de 2007;45540;Sep 24;Incumplimiento de garant°a;LEVEL UP 360, S.A.;Venta de autos usados;Infiniti;Auto;8550;En proceso;;;;;2024
Veh°culo a Motor;Panam†;Ley 45 de 2007;45540;Sep 24;Custodia de bien;CASA DEL REENCAUCHE PANAMµ;Taller de reparaci¢n de autos;Toyota;Auto;158.5;En proceso;;;;;2024
Veh°culo a Motor;Panam†;Ley 45 de 2007;45541;Sep 24;Incumplimiento de garant°a;CHISPA RACING;Repuestos para autos;Suzuki;Moto;70;En proceso;;;;;2024
Veh°culo a Motor;Panam†;Ley 45 de 2007;45545;Sep 24;Incumplimiento de garant°a;TODO AUTOS;Venta de autos usados;Nissan;Auto;7825;En proceso;;;;;2024
Veh°culo a Motor;Panam†;Ley 45 de 2007;45545;Sep 24;Falta de informaci¢n;AUTO CENTRO S.A.;Repuestos para autos;KIA;Auto;80.25;En proceso;;;;;2024
Veh°culo a Motor;Panam†;Ley 45 de 2007;45545;Sep 24;Incumplimiento de garant°a;PANAMµ LININGS, S.A.;Repuestos para autos;;;3204.65;En proceso;;;;;2024
Veh°culo a Motor;Panam†;Ley 45 de 2007;45545;Sep 24;Incumplimiento de servicio;AUTO AIRE POLAR PTY;Taller de reparaci¢n de autos;KIA;Auto;225;En proceso;;;;;2024
Veh°culo a Motor;Panam†;Ley 45 de 2007;45547;Sep 24;Incumplimiento de garant°a;PETROAUTOS, S.A.;Agencia de autos;Hyundai;Auto;22499;En proceso;;;;;2024
Veh°culo a Motor;Panam†;Ley 45 de 2007;45547;Sep 24;Incumplimiento de garant°a;EMPRESAS CARBONE, S.A.;Agencia de autos;Keeway;Moto;1029.1;En proceso;;;;;2024
Veh°culo a Motor;Panam†;Ley 45 de 2007;45548;Sep 24;Incumplimiento de garant°a;MOTORES JAPONESES;Agencia de autos;Suzuki;Auto;14740;Pendiente constancia desistimiento;;45622;Nov 24;2024;2024
Veh°culo a Motor;Panam†;Ley 45 de 2007;45548;Sep 24;Incumplimiento de garant°a;DISTRIBUIDORA DE MOTORES, S.A. / RAPID TIRES;Venta de autos usados;BMW;Auto;15299.65;En proceso;;;;;2024
Veh°culo a Motor;Panam†;Ley 45 de 2007;45551;Sep 24;Incumplimiento de garant°a;DISTRIBUIDORA DE MOTORES, S.A.;Venta de autos usados;Hyundai;Auto;6800;En proceso;;;;;2024
Veh°culo a Motor;Panam†;Ley 45 de 2007;45551;Sep 24;Falta de informaci¢n;AUTOS PLATINIUM;Venta de autos usados;;Auto;3000;En proceso;;;;;2024
Veh°culo a Motor;Panam†;Ley 45 de 2007;45552;Sep 24;Incumplimiento de garant°a;MULTIPIEZAS INTERNACIONAL, S.A.;Repuestos para autos;;;750;En proceso;;;;;2024
Veh°culo a Motor;Panam†;Ley 45 de 2007;45553;Sep 24;Incumplimiento de garant°a;GRUPO AUTO COMERCIAL, S.A.;Agencia de autos;GAC;Auto;17850;En proceso;;;;;2024
Veh°culo a Motor;Panam†;Ley 45 de 2007;45553;Sep 24;Incumplimiento de garant°a;AUTOS PRITY 507;Venta de autos usados;KIA;Auto;12167.73;En proceso;;;;;2024
Veh°culo a Motor;Panam†;Ley 45 de 2007;45554;Sep 24;Incumplimiento de garant°a;BAY MOTORS, S.A.;Agencia de autos;Geely;Auto;807.88;En proceso;;;;;2024
Veh°culo a Motor;Panam†;Ley 45 de 2007;45554;Sep 24;Incumplimiento de garant°a;GRUPO SILABA;Agencia de autos;KIA;Auto;15995;En proceso;;;;;2024
Veh°culo a Motor;Panam†;Ley 45 de 2007;45554;Sep 24;Incumplimiento de garant°a;GRUPO AUTO COMERCIAL, S.A.;Agencia de autos;GAC;Auto;19000;En proceso;;;;;2024
Veh°culo a Motor;Panam†;Ley 45 de 2007;45555;Sep 24;Incumplimiento de garant°a;GRUPO SILABA;Agencia de autos;Mazda;Auto;22495;En proceso;;;;;2024
Veh°culo a Motor;Panam†;Ley 45 de 2007;45555;Sep 24;Incumplimiento de garant°a;GET A CAR;Venta de autos usados;Hyundai;Auto;6000;En proceso;;;;;2024
Veh°culo a Motor;Panam†;Ley 45 de 2007;45558;Sep 24;Falta de informaci¢n;INTER MARKETING INC.;Alquiler de autos;Toyota;Auto;1811.35;En proceso;;;;;2024
Veh°culo a Motor;Panam†;Ley 45 de 2007;45558;Sep 24;Incumplimiento de garant°a;MULTIPIEZAS INTERNACIONAL, S.A.;Repuestos para autos;;;230;En proceso;;;;;2024
Veh°culo a Motor;Panam†;Ley 45 de 2007;45558;Sep 24;Incumplimiento de servicio;TALLER BILLY QUEEN;Taller de reparaci¢n de autos;Toyota;Auto;1045.18;En proceso;;;;;2024
Veh°culo a Motor;Panam†;Ley 45 de 2007;45558;Sep 24;Falta de informaci¢n;INTER MARKETING INC.;Alquiler de autos;KIA;Auto;612.47;En proceso;;;;;2024
Veh°culo a Motor;Panam†;Ley 45 de 2007;45559;Sep 24;Incumplimiento de contrato;PLATINUM CARS (PLATINUM MOTOR);Venta de autos usados;Hyundai;Auto;10355;En proceso;;;;;2024
Veh°culo a Motor;Panam†;Ley 45 de 2007;45560;Sep 24;Incumplimiento de servicio;PANAMOTOR;Agencia de autos;Nissan;Auto;9200.4;En proceso;;;;;2024
Veh°culo a Motor;Panam†;Ley 45 de 2007;45560;Sep 24;Incumplimiento de garant°a;GRUPO SILABA;Agencia de autos;Karry;Auto;13550;En proceso;;;;;2024
Veh°culo a Motor;Panam†;Ley 45 de 2007;45560;Sep 24;Incumplimiento de garant°a;TOTAL CARS;Venta de autos usados;Hyundai;Auto;7800;En proceso;;;;;2024
Veh°culo a Motor;Panam†;Ley 45 de 2007;45560;Sep 24;Incumplimiento de garant°a;MOTORES JAPONESES;Agencia de autos;Suzuki;Auto;15990.02;En proceso;;;;;2024
Veh°culo a Motor;Panam†;Ley 45 de 2007;45560;Sep 24;Incumplimiento de garant°a;LA CASA DE LAS BATERIAS;Repuestos para autos;;Bater°a de auto;77.03;En proceso;;;;;2024
Veh°culo a Motor;Panam†;Ley 45 de 2007;45560;Sep 24;Incumplimiento de garant°a;AUTO CENTRO S.A.;Taller de reparaci¢n de autos;Nissan;Auto;80.79;En proceso;;;;;2024
Veh°culo a Motor;Panam†;Ley 45 de 2007;45561;Sep 24;Incumplimiento de garant°a;COOL AIR MARKET;Taller de reparaci¢n de autos;Toyota;Auto;278.2;En proceso;;;;;2024
Veh°culo a Motor;Panam†;Ley 45 de 2007;45561;Sep 24;Incumplimiento de garant°a;GRUPO SILABA;Agencia de autos;KIA;Auto;15050;En proceso;;;;;2024
Veh°culo a Motor;Panam†;Ley 45 de 2007;45562;Sep 24;Incumplimiento de garant°a;AUTOS PLATINIUM;Venta de autos usados;Suzuki;Auto;5500;En proceso;;;;;2024
Veh°culo a Motor;Panam†;Ley 45 de 2007;45562;Sep 24;Falta de informaci¢n;RECTIFICADORA DE MOTORES MANA, S.A.;Taller de reparaci¢n de autos;;Auto;2200;En proceso;;;;;2024
Veh°culo a Motor;Panam†;Ley 45 de 2007;45565;Sep 24;Incumplimiento de garant°a;GLOBAL AC SERVICES, S.A.;Repuestos para autos;KIA;Auto;294.25;En proceso;;;;;2024
Decisi¢n;Panam†;Ley 45 de 2007;45539;Sep 24;Vicio oculto;OLYMPIA INVESTMENTS SOLUTIONS, INC;Inmobiliarias;;;2700;En proceso;;;;;2024
Decisi¢n;Panam†;Ley 45 de 2007;45537;Sep 24;Falta de informaci¢n;INVERSIONES EL CREPÈSCULO, S.A.;Funerarias;;;26;Pendiente constancia desistimiento;;45559;Sep 24;2024;2024
Decisi¢n;Panam†;Ley 45 de 2007;45539;Sep 24;Incumplimiento de servicio;TOOLS FOR YOU;Servicios Profesionales;;;2689.2;En proceso;;;;;2024
Decisi¢n;Panam†;Ley 45 de 2007;45539;Sep 24;Incumplimiento de servicio;FAST SERVICES CENTER, S.A.;Repuestos y reparaciones (talleres varios no autos);;;567.81;En proceso;;;;;2024
Decisi¢n;Panam†;Ley 45 de 2007;45540;Sep 24;Falta de informaci¢n;TU BIENESTAR COMPANY, S.A.;Funerarias;;;24;Acuerdo en audiencia/Varios;;45589;Oct 24;2024;2024
Decisi¢n;Panam†;Ley 45 de 2007;45540;Sep 24;Falta de informaci¢n;INVERSIONES EL CREPÈSCULO, S.A.;Funerarias;;;26;Acuerdo en audiencia/Varios;;45565;Sep 24;2024;2024
Decisi¢n;Panam†;Ley 45 de 2007;45540;Sep 24;Incumplimiento de garant°a;GRUPO ZURI, S.A.;AlmacÇn por departamentos;;;85.55;Pendiente constancia desistimiento;;45580;Oct 24;2024;2024
Decisi¢n;Panam†;Ley 45 de 2007;45544;Sep 24;Incumplimiento de garant°a;TITAN PANAMµ;AlmacÇn por departamentos;;;161.99;Pendiente constancia desistimiento;;45561;Sep 24;2024;2024
Decisi¢n;Panam†;Ley 45 de 2007;45544;Sep 24;Falta de informaci¢n;ACROPOLIS CAPACITACIONES, S.A.;Cursos varios;;;550;Desistimiento;;45559;Sep 24;2024;2024
Decisi¢n;Panam†;Ley 45 de 2007;45544;Sep 24;Falta de informaci¢n;EMPRESAS TTR, S.A.;Distribuidoras e importadoras;;;95.52;Pendiente constancia desistimiento;;45575;Oct 24;2024;2024
Decisi¢n;Panam†;Ley 45 de 2007;45545;Sep 24;Incumplimiento de garant°a;HAPPY PHONE;Celulares;Honor;Celular;250;Desistimiento;;45584;Nov 24;2024;2024
Decisi¢n;Panam†;Ley 45 de 2007;45545;Sep 24;Incumplimiento de garant°a;PANAFOTO;ElectrodomÇsticos/equipos electr¢nicos;;;1792.25;Desistimiento/Devoluci¢n;1792.25;45590;Oct 24;2024;2024
Decisi¢n;Panam†;Ley 45 de 2007;45545;Sep 24;Resoluci¢n de contrato;CABLE & WIRELESS PANAMµ;Telefonia;;;24.66;En proceso;;;;;2024
Decisi¢n;Panam†;Ley 45 de 2007;45545;Sep 24;Incumplimiento de garant°a;PROMOTORA STAGE TOWER, S.A.;Inmobiliarias;;;2900;En proceso;;;;;2024
Decisi¢n;Panam†;Ley 45 de 2007;45545;Sep 24;Resoluci¢n de contrato;CABLE & WIRELESS PANAMµ;Telefonia;;;32;En proceso;;;;;2024
Decisi¢n;Panam†;Ley 45 de 2007;45545;Sep 24;Falta de informaci¢n;INVERSIONES EL CREPÈSCULO, S.A.;Funerarias;;;24;Acuerdo en audiencia/Varios;;45608;Nov 24;2024;2024
Decisi¢n;Panam†;Ley 45 de 2007;45545;Sep 24;Falta de informaci¢n;INVERSIONES EL CREPÈSCULO, S.A.;Funerarias;;;20;Acuerdo en audiencia/Varios;;45610;Nov 24;2024;2024
Decisi¢n;Panam†;Ley 45 de 2007;45548;Sep 24;Da§os y perjuicios;REYES SALON;Sal¢n de belleza;;;399.78;En proceso;;;;;2024
Decisi¢n;Panam†;Ley 45 de 2007;45545;Sep 24;Incumplimiento de garant°a;CASA CONFORT, S.A.;Muebler°a/equipo electr¢nico;;;593.85;Desistimiento;;45562;Sep 24;2024;2024
Decisi¢n;Panam†;Ley 45 de 2007;45545;Sep 24;Incumplimiento de garant°a;ANACELL;Celulares;Iphone;Celular;705;Desistimiento;;45625;Nov 24;2024;2024
Decisi¢n;Panam†;Ley 45 de 2007;45545;Sep 24;Incumplimiento de servicio;SERVITECME;Computadoras;;;600;Acuerdo en audiencia/Varios;;45608;Nov 24;2024;2024
Decisi¢n;Panam†;Ley 45 de 2007;45545;Sep 24;Incumplimiento de garant°a;RAENCO;AlmacÇn por departamentos;;;373.43;En proceso;;;;;2024
Decisi¢n;Panam†;Ley 45 de 2007;45546;Sep 24;Falta de informaci¢n;INVERSIONES EL CREPÈSCULO, S.A.;Funerarias;;;26;Acuerdo en audiencia/Varios;;45589;Oct 24;2024;2024
Decisi¢n;Panam†;Ley 45 de 2007;45544;Sep 24;Falta de informaci¢n;MIA & ANDY BOUTIQUE AND ACCESORIES, S.A.;AlmacÇn por departamentos;;;208.65;Desistimiento;;45545;Sep 24;2024;2024
Decisi¢n;Panam†;Ley 45 de 2007;45565;Sep 24;Falta de informaci¢n;INVERSIONES EL CREPÈSCULO, S.A.;Funerarias;;;24;Desistimiento;;45569;Oct 24;2024;2024
Decisi¢n;Panam†;Ley 45 de 2007;45546;Sep 24;Falta de informaci¢n;UNIVERSIDAD LATINA DE PANAMµ;Universidad;;;87.5;Pendiente constancia desistimiento;;45593;Oct 24;2024;2024
Decisi¢n;Panam†;Ley 45 de 2007;45565;Sep 24;Incumplimiento de servicio;SOLAR SOLUTION SAVING INC.;Servicios Profesionales;;;1432.09;En proceso;;;;;2024
Decisi¢n;Panam†;Ley 45 de 2007;45546;Sep 24;Falta de informaci¢n;MIA & ANDY BOUTIQUE AND ACCESORIES, S.A.;AlmacÇn por departamentos;;;208.55;En proceso;;;;;2024
Decisi¢n;Panam†;Ley 45 de 2007;45546;Sep 24;Falta de informaci¢n;INVERSIONES EL CREPÈSCULO, S.A.;Funerarias;;;31;En proceso;;;;;2024
Decisi¢n;Panam†;Ley 45 de 2007;45546;Sep 24;Incumplimiento de garant°a;PANAFOTO;ElectrodomÇsticos/equipos electr¢nicos;;;149.79;En proceso;;;;;2024
Decisi¢n;Panam†;Ley 45 de 2007;45548;Sep 24;Incumplimiento de garant°a;SHALOM, S.A.;AlmacÇn por departamentos;LG;Refrigeradora;349.56;Acuerdo en audiencia/Devoluci¢n de dinero;349.56;45618;Nov 24;2024;2024
Decisi¢n;Panam†;Ley 45 de 2007;45548;Sep 24;Incumplimiento de servicio;JIR CONSTRUCCIONES Y ARQUITECTURAS, S.A.;Constructoras;;;650;En proceso;;;;;2024
Decisi¢n;Panam†;Ley 45 de 2007;45548;Sep 24;Falta de informaci¢n;INVERSIONES EL CREPÈSCULO, S.A.;Funerarias;;;31;Acuerdo en audiencia/Varios;;45595;Oct 24;2024;2024
Decisi¢n;Panam†;Ley 45 de 2007;45548;Sep 24;Resoluci¢n de contrato;SKY PANAMµ;Tv por cable;;;29.5;En proceso;;;;;2024
Decisi¢n;Panam†;Ley 45 de 2007;45548;Sep 24;Incumplimiento de garant°a;FOTO SONIDO;ElectrodomÇsticos/equipos electr¢nicos;;;486.49;En proceso;;;;;2024
Decisi¢n;Panam†;Ley 45 de 2007;45565;Sep 24;Falta de informaci¢n;FOTO SONIDO;ElectrodomÇsticos/equipos electr¢nicos;Samsung;Secadora;437.89;Desistimiento;;45568;Oct 24;2024;2024
Decisi¢n;Panam†;Ley 45 de 2007;45548;Sep 24;Cobro indebido;SMART FIT;Gimnasio y centros deportivos;;;34.23;En proceso;;;;;2024
Decisi¢n;Panam†;Ley 45 de 2007;45565;Sep 24;Incumplimiento de garant°a;PANAFOTO;ElectrodomÇsticos/equipos electr¢nicos;Samsung;Congelador;722.2;Pendiente constancia desistimiento;;45580;Oct 24;2024;2024
Decisi¢n;Panam†;Ley 45 de 2007;45565;Sep 24;Incumplimiento de garant°a;RAENCO;ElectrodomÇsticos/equipos electr¢nicos;Samsung;Celular;138.03;Desistimiento;;45615;Nov 24;2024;2024
Decisi¢n;Panam†;Ley 45 de 2007;45565;Sep 24;Falta de informaci¢n;RUTAS AêREAS DE VENEZUELA RAV, S.A.;L°neas aÇreas;;;173.86;En proceso;;;;;2024
Decisi¢n;Panam†;Ley 45 de 2007;45565;Sep 24;Incumplimiento de garant°a;PREMIER;ElectrodomÇsticos/equipos electr¢nicos;Premier;Televisor;567.09;En proceso;;;;;2024
Decisi¢n;Panam†;Ley 45 de 2007;45565;Sep 24;Vicio oculto;FURNITURE CITY;Muebler°as;;;3333.4;En proceso;;;;;2024
Decisi¢n;Panam†;Ley 45 de 2007;45565;Sep 24;Cobro indebido;ACACIAS VERSALLES;Inmobiliarias;;;968.64;Acuerdo en audiencia/Devoluci¢n de dinero;968.64;45617;Nov 24;2024;2024
Decisi¢n;Panam†;Ley 45 de 2007;45565;Sep 24;Falta de informaci¢n;INVERSIONES EL CREPÈSCULO, S.A.;Funerarias;;;31;Acuerdo en audiencia/Varios;;45608;Nov 24;2024;2024
Decisi¢n;Panam†;Ley 45 de 2007;45565;Sep 24;Incumplimiento de garant°a;FOTO PLAZA;ElectrodomÇsticos/equipos electr¢nicos;Premier;Televisor;115;Desistimiento;;45573;Oct 24;2024;2024
Decisi¢n;Panam†;Ley 45 de 2007;45565;Sep 24;Cobro indebido;DIGITAL PHONES;Celulares;;;116;Desistimiento/Devoluci¢n;116;45588;Oct 24;2024;2024
Decisi¢n;Panam†;Ley 45 de 2007;45565;Sep 24;Falta de informaci¢n;RESIDENCIAL PORTAL DEL BOSQUE, S.A.;Inmobiliarias;;;4000;En proceso;;;;;2024
Decisi¢n;Panam†;Ley 45 de 2007;45565;Sep 24;Falta de informaci¢n;MIA & ANDY BOUTIQUE AND ACCESORIES, S.A.;AlmacÇn por departamentos;;;96.25;Desistimiento/Devoluci¢n;96.25;45618;Nov 24;2024;2024
Decisi¢n;Panam†;Ley 45 de 2007;45565;Sep 24;Falta de informaci¢n;TU BIENESTAR COMPANY, S.A.;Funerarias;;;24;Acuerdo en audiencia/Varios;;45588;Oct 24;2024;2024
Decisi¢n;Panam†;Ley 45 de 2007;45565;Sep 24;Incumplimiento de servicio;TTARAM SPA;Servicios Profesionales;;;529.65;Desistimiento/Devoluci¢n;529.65;45590;Oct 24;2024;2024
Decisi¢n;Panam†;Ley 45 de 2007;45565;Sep 24;Falta de informaci¢n;INVERSIONES EL CREPÈSCULO, S.A.;Funerarias;;;31;Acuerdo en audiencia/Varios;;45608;Nov 24;2024;2024
Decisi¢n;Panam†;Ley 45 de 2007;45565;Sep 24;Falta de informaci¢n;BRESLEV, S.A.;Joyer°a/Relojer°as;;;200.02;Desistimiento;;45595;Oct 24;2024;2024
Decisi¢n;Panam†;Ley 45 de 2007;45565;Sep 24;Falta de informaci¢n;INVERSIONES EL CREPÈSCULO, S.A.;Funerarias;;;31;En proceso;;;;;2024
Decisi¢n;Panam†;Ley 45 de 2007;45565;Sep 24;Falta de informaci¢n;INVERSIONES EL CREPÈSCULO, S.A.;Funerarias;;;22;Acuerdo en audiencia/Varios;;45595;Oct 24;2024;2024
Decisi¢n;Panam†;Ley 45 de 2007;45565;Sep 24;Incumplimiento de garant°a;PHOTURA;ElectrodomÇsticos/equipos electr¢nicos;Samsung;Televisor;588.45;Desistimiento;;45582;Oct 24;2024;2024
Decisi¢n;Panam†;Ley 45 de 2007;45565;Sep 24;Incumplimiento de garant°a;RODELAG;ElectrodomÇsticos/equipos electr¢nicos;Whirlpool;Lavadora;586.98;Acuerdo en audiencia/Varios;;45614;Nov 24;2024;2024
Decisi¢n;Panam†;Ley 45 de 2007;45565;Sep 24;Incumplimiento de garant°a;PANAFOTO;ElectrodomÇsticos/equipos electr¢nicos;Dell;Computadora;1123.5;En proceso;;;;;2024
Decisi¢n;Panam†;Ley 45 de 2007;45565;Sep 24;Falta de informaci¢n;INVERSIONES EL CREPÈSCULO, S.A.;Funerarias;;;26;Acuerdo en audiencia/Varios;;45603;Nov 24;2024;2024
Decisi¢n;Panam†;Ley 45 de 2007;45565;Sep 24;Falta de informaci¢n;INVERSIONES EL CREPÈSCULO, S.A.;Funerarias;;;26;Acuerdo en audiencia/Varios;;45583;Oct 24;2024;2024
Decisi¢n;Panam†;Ley 45 de 2007;45565;Sep 24;Incumplimiento de garant°a;FAST SERVICES CENTER, S.A.;Celulares;Poco;Celular;285;En proceso;;;;;2024
Decisi¢n;Panam†;Ley 45 de 2007;45565;Sep 24;Incumplimiento de garant°a;PANAFOTO;ElectrodomÇsticos/equipos electr¢nicos;Whirlpool;Refrigeradora;1282.66;En proceso;;;;;2024
Decisi¢n;Panam†;Ley 45 de 2007;45565;Sep 24;Resoluci¢n de contrato;CASA DE FUNERALES VIDA PANAMµ, S.A.;Funerarias;;;14;En proceso;;;;;2024
Decisi¢n;Panam†;Ley 45 de 2007;45565;Sep 24;Falta de informaci¢n;PANAFOTO;ElectrodomÇsticos/equipos electr¢nicos;Iphone;Celular;1496.93;Acuerdo en audiencia/Devoluci¢n de dinero;1496.93;45608;Nov 24;2024;2024
Decisi¢n;Panam†;Ley 45 de 2007;45565;Sep 24;Resoluci¢n de contrato;SKY PANAMµ;Tv por cable;;;26;En proceso;;;;;2024
Decisi¢n;Panam†;Ley 45 de 2007;45565;Sep 24;Falta de informaci¢n;INVERSIONES EL CREPÈSCULO, S.A.;Funerarias;;;26;Acuerdo en audiencia/Varios;;45617;Nov 24;2024;2024
Decisi¢n;Panam†;Ley 45 de 2007;45565;Sep 24;Falta de informaci¢n;INVERSIONES EL CREPÈSCULO, S.A.;Funerarias;;;31;Acuerdo en audiencia/Varios;;45614;Nov 24;2024;2024
Decisi¢n;Panam†;Ley 45 de 2007;45565;Sep 24;Incumplimiento de garant°a;RAENCO;ElectrodomÇsticos/equipos electr¢nicos;Whirlpool;Refrigeradora;801.43;Desistimiento;;45608;Nov 24;2024;2024
Decisi¢n;Panam†;Ley 45 de 2007;45565;Sep 24;Incumplimiento de garant°a;RAENCO;ElectrodomÇsticos/equipos electr¢nicos;;Lavadora;523.23;En proceso;;;;;2024
Decisi¢n;Panam†;Ley 45 de 2007;45565;Sep 24;Incumplimiento de garant°a;FOTO SONIDO;ElectrodomÇsticos/equipos electr¢nicos;;Televisor;278.2;Desistimiento;;45602;Nov 24;2024;2024
Decisi¢n;Panam†;Ley 45 de 2007;45565;Sep 24;Falta de informaci¢n;INVERSIONES EL CREPÈSCULO, S.A.;Funerarias;;;22;En proceso;;;;;2024
Decisi¢n;Panam†;Ley 45 de 2007;45565;Sep 24;Resoluci¢n de contrato;SKY PANAMµ;Tv por cable;;;24;En proceso;;;;;2024
Decisi¢n;Panam†;Ley 45 de 2007;45565;Sep 24;Incumplimiento de garant°a;CASA CONFORT, S.A.;ElectrodomÇsticos/equipos electr¢nicos;Sankey;Lavadora;271.78;Pendiente constancia desistimiento;;45595;Oct 24;2024;2024
Decisi¢n;Panam†;Ley 45 de 2007;45565;Sep 24;Falta de informaci¢n;INVERSIONES EL CREPÈSCULO, S.A.;Funerarias;;;24;Acuerdo en audiencia/Varios;;45608;Nov 24;2024;2024
Decisi¢n;Panam†;Ley 45 de 2007;45565;Sep 24;Incumplimiento de garant°a;SEARCH ENGINE BUSINESS, INC.;ElectrodomÇsticos/equipos electr¢nicos;LG;Televisor;1637.09;En proceso;;;;;2024
Decisi¢n;Panam†;Ley 45 de 2007;45565;Sep 24;Cobro indebido;INVERSIONES EDWIN, S.A.;Restaurantes / fondas;;;5.46;En proceso;;;;;2024
Decisi¢n;Panam†;Ley 45 de 2007;45565;Sep 24;Incumplimiento de garant°a;PANAFOTO;ElectrodomÇsticos/equipos electr¢nicos;;;1171.65;Desistimiento;;45569;Oct 24;2024;2024
Decisi¢n;Panam†;Ley 45 de 2007;45565;Sep 24;Incumplimiento de servicio;DO IT CENTER;ElectrodomÇsticos/equipos electr¢nicos;;;37.45;En proceso;;;;;2024
Decisi¢n;Panam†;Ley 45 de 2007;45565;Sep 24;Incumplimiento de garant°a;PROGERENCIA, S.A.;ElectrodomÇsticos/equipos electr¢nicos;;Impresora;630.01;En proceso;;;;;2024
Decisi¢n;Panam†;Ley 45 de 2007;45565;Sep 24;Falta de informaci¢n;INVERSIONES EL CREPÈSCULO, S.A.;Funerarias;;;26;Acuerdo en audiencia/Varios;;45608;Nov 24;2024;2024
Decisi¢n;Panam†;Ley 45 de 2007;45565;Sep 24;Resoluci¢n de contrato;CABLE & WIRELESS PANAMµ;Telefonia;;;6.07;Desistimiento;;45590;Oct 24;2024;2024
Decisi¢n;Panam†;Ley 45 de 2007;45565;Sep 24;Incumplimiento de servicio;REMODELACIONES Y MUEBLES JUAREZ;Muebler°as;;;1260;En proceso;;;;;2024
Decisi¢n;Panam†;Ley 45 de 2007;45565;Sep 24;Resoluci¢n de contrato;CABLE & WIRELESS PANAMµ;Telefonia;;;22;Pendiente constancia desistimiento;;45614;Nov 24;2024;2024
Decisi¢n;Panam†;Ley 45 de 2007;45565;Sep 24;Incumplimiento de garant°a;RAENCO;AlmacÇn por departamentos;Hisense;Refrigeradora;459.03;Desistimiento;;45595;Oct 24;2024;2024
Decisi¢n;Panam†;Ley 45 de 2007;45565;Sep 24;Incumplimiento de garant°a;DO IT CENTER;AlmacÇn por departamentos;;;406.59;En proceso;;;;;2024
Decisi¢n;Panam†;Ley 45 de 2007;45565;Sep 24;Resoluci¢n de contrato;SKY PANAMµ;Tv por cable;;;36;En proceso;;;;;2024
Decisi¢n;Panam†;Ley 45 de 2007;45565;Sep 24;Falta de informaci¢n;INVERSIONES EL CREPÈSCULO, S.A.;Funerarias;;;25;Acuerdo en audiencia/Varios;;45615;Nov 24;2024;2024
Decisi¢n;Panam†;Ley 45 de 2007;45565;Sep 24;Incumplimiento de garant°a;EL PALACIO COMERCIAL;ElectrodomÇsticos/equipos electr¢nicos;Sankey;Refrigeradora;420;En proceso;;;;;2024
Decisi¢n;Panam†;Ley 45 de 2007;45565;Sep 24;Incumplimiento de garant°a;RODELAG;AlmacÇn por departamentos;;;9.99;Pendiente constancia desistimiento;;45596;Oct 24;2024;2024
Decisi¢n;Panam†;Ley 45 de 2007;45540;Sep 24;Incumplimiento de garant°a;AIRE POLAR PANAMA;Repuestos y reparaciones (talleres varios no autos);;;24.99;En proceso;;;;;2024
Decisi¢n;Panam†;Ley 45 de 2007;45540;Sep 24;Incumplimiento de garant°a;PHOTURA;ElectrodomÇsticos/equipos electr¢nicos;;;395.85;En proceso;;;;;2024
Decisi¢n;Panam†;Ley 45 de 2007;45541;Sep 24;Resoluci¢n de contrato;CABLE & WIRELESS PANAMµ;Telefonia;;;23.54;Acuerdo en audiencia/Varios;;45589;Oct 24;2024;2024
Decisi¢n;Panam†;Ley 45 de 2007;45565;Sep 24;Devoluci¢n de dinero;AUTO REPUESTO MATERIALES PAN;Materiales de construcci¢n;;;252.11;En proceso;;;;;2024
Decisi¢n;Panam†;Ley 45 de 2007;45565;Sep 24;Custodia de bien;COCHEZ Y CIA, S.A.;Materiales de construcci¢n;;;288.51;Desistimiento;;45603;Nov 24;2024;2024
Decisi¢n;Bocas del Toro;Ley 45 de 2007;45545;Sep 24;Resoluci¢n de contrato;SKY PANAMµ;Tv por cable;;;456;Desistimiento;;45582;Oct 24;2024;2024
Decisi¢n;CoclÇ;Ley 45 de 2007;45540;Sep 24;Resoluci¢n de contrato;SKY PANAMµ;Tv por cable;;;27;En proceso;;;;;2024
Decisi¢n;CoclÇ;Ley 45 de 2007;45555;Sep 24;Incumplimiento de garant°a;DO IT CENTER;AlmacÇn por departamentos;;Reloj;69.99;En proceso;;;;;2024
Decisi¢n;CoclÇ;Ley 45 de 2007;45558;Sep 24;Incumplimiento de garant°a;SPIEGUEL;AlmacÇn por departamentos;;Refrigeradora;1283.99;En proceso;;;;;2024
Decisi¢n;CoclÇ;Ley 45 de 2007;45560;Sep 24;Resoluci¢n de contrato;SKY PANAMµ;Tv por cable;;;20;En proceso;;;;;2024
Decisi¢n;CoclÇ;Ley 45 de 2007;45565;Sep 24;Resoluci¢n de contrato;SKY PANAMµ;Tv por cable;;;32.63;En proceso;;;;;2024
Decisi¢n;CoclÇ;Ley 45 de 2007;45565;Sep 24;Resoluci¢n de contrato;SKY PANAMµ;Tv por cable;;;24;En proceso;;;;;2024
Decisi¢n;Col¢n;Ley 45 de 2007;45541;Sep 24;Incumplimiento de garant°a;PANAFOTO;AlmacÇn por departamentos;Cannon;Impresora;200.68;En proceso;;;;;2024
Decisi¢n;Col¢n;Ley 45 de 2007;45551;Sep 24;Falta de informaci¢n;PROMOTORA GREENHOUSES, S.A.;Constructoras;;Vivienda;3678;En proceso;;;;;2024
Decisi¢n;Col¢n;Ley 45 de 2007;45552;Sep 24;Incumplimiento de garant°a;MBC;AlmacÇn por departamentos;Dell;Laptop;449.5;En proceso;;;;;2024
Decisi¢n;Col¢n;Ley 45 de 2007;45554;Sep 24;Falta de informaci¢n;PROMOTORA GREENHOUSES, S.A.;Constructoras;;Vivienda;4861;En proceso;;;;;2024
Decisi¢n;Col¢n;Ley 45 de 2007;45555;Sep 24;Falta de informaci¢n;INVERSIONES EL CREPÈSCULO, S.A.;Funerarias;;;22;En proceso;;;;;2024
Decisi¢n;Col¢n;Ley 45 de 2007;45555;Sep 24;Falta de informaci¢n;INVERSIONES EL CREPÈSCULO, S.A.;Funerarias;;;22;En proceso;;;;;2024
Decisi¢n;Col¢n;Ley 45 de 2007;45555;Sep 24;Falta de informaci¢n;INVERSIONES EL CREPÈSCULO, S.A.;Funerarias;;;24;En proceso;;;;;2024
Decisi¢n;Col¢n;Ley 45 de 2007;45558;Sep 24;Resoluci¢n de contrato;TIGO PANAMµ;Tv por cable;;;26.9;En proceso;;;;;2024
Decisi¢n;Col¢n;Ley 45 de 2007;45565;Sep 24;Incumplimiento de garant°a;PANAFOTO;AlmacÇn por departamentos;Mabe;Estufa;342.4;En proceso;;;;;2024
Decisi¢n;Col¢n;Ley 45 de 2007;45561;Sep 24;Incumplimiento de garant°a;PANAFOTO;AlmacÇn por departamentos;Samsung;TelÇfono;1210;En proceso;;;;;2024
Veh°culo a Motor;Chiriqu°;Ley 45 de 2007;45544;Sep 24;Incumplimiento de garant°a;PETROAUTOS, S.A.;Agencia de autos;Hyundai;Auto;15199;En proceso;;;;;2024
Veh°culo a Motor;Chiriqu°;Ley 45 de 2007;45565;Sep 24;Incumplimiento de garant°a;FORTUNE DISTRIBUIDORA AUTOMOTRIZ CHANGAN;Agencia de autos;Changan;Auto;19988;En proceso;;;;;2024
Decisi¢n;Chiriqu°;Ley 45 de 2007;45551;Sep 24;Incumplimiento de garant°a;PANAFOTO;ElectrodomÇsticos/equipos electr¢nicos;LG;Refrigeradora;2278.04;En proceso;;;;;2024
Decisi¢n;Chiriqu°;Ley 45 de 2007;45559;Sep 24;Resoluci¢n de contrato;CABLE & WIRELESS PANAMµ;Telefonia;;;26.25;En proceso;;;;;2024
Decisi¢n;Chiriqu°;Ley 45 de 2007;45560;Sep 24;Resoluci¢n de contrato;BELLA VISTA PROMOCIONES INMOBILIARIAS, S.A.;Inmobiliarias;;;950;En proceso;;;;;2024
Decisi¢n;Chiriqu°;Ley 45 de 2007;45561;Sep 24;Resoluci¢n de contrato;CABLE & WIRELESS PANAMµ;Telefonia;;;56;En proceso;;;;;2024
Decisi¢n;Chiriqu°;Ley 45 de 2007;45565;Sep 24;Resoluci¢n de contrato;LAMBDA PROMOCIONES E INMOBILIARIA, S.A.;Inmobiliarias;;Vivienda;500;En proceso;;;;;2024
Veh°culo a Motor;Herrera;Ley 45 de 2007;45554;Sep 24;Incumplimiento de garant°a;COMPRA Y VENTA DE AUTOS MAR÷A;Venta de autos usados;Land Rover;Auto;8750;En proceso;;;;;2024
Decisi¢n;Herrera;Ley 45 de 2007;45537;Sep 24;Devoluci¢n de dinero;OPTICENTRO PE•A, S.A. - CHITRE;Opticas;;;222.16;En proceso;;;;;2024
Decisi¢n;Herrera;Ley 45 de 2007;45537;Sep 24;Rescindir contrato;SKY PANAMµ;Tv por cable;;;24;En proceso;;;;;2024
Decisi¢n;Herrera;Ley 45 de 2007;45540;Sep 24;Rescindir contrato;SKY PANAMµ;Tv por cable;;;20;En proceso;;;;;2024
Decisi¢n;Herrera;Ley 45 de 2007;45541;Sep 24;Rescindir contrato;SKY PANAMµ;Tv por cable;;;26.43;En proceso;;;;;2024
Decisi¢n;Herrera;Ley 45 de 2007;45544;Sep 24;Incumplimiento de garant°a;RODELAG;AlmacÇn por departamentos;Lenovo;Computadora;727.58;En proceso;;;;;2024
Decisi¢n;Herrera;Ley 45 de 2007;45546;Sep 24;Rescindir contrato;SKY PANAMµ;Tv por cable;;;20;En proceso;;;;;2024
Decisi¢n;Herrera;Ley 45 de 2007;45547;Sep 24;Rescindir contrato;SKY PANAMµ;Tv por cable;;;20;En proceso;;;;;2024
Decisi¢n;Herrera;Ley 45 de 2007;45548;Sep 24;Rescindir contrato;SKY PANAMµ;Tv por cable;;;21.4;En proceso;;;;;2024
Decisi¢n;Herrera;Ley 45 de 2007;45553;Sep 24;Incumplimiento de servicio;BOCACY BLINDS S.A.;Transporte (fletes, encomiendas y similares);;;1856;En proceso;;;;;2024
Decisi¢n;Herrera;Ley 45 de 2007;45561;Sep 24;Rescindir contrato;SKY PANAMµ;Tv por cable;;;20;En proceso;;;;;2024
Decisi¢n;Herrera;Ley 45 de 2007;45561;Sep 24;Rescindir contrato;SKY PANAMµ;Tv por cable;;;26.3;En proceso;;;;;2024
Decisi¢n;Herrera;Ley 45 de 2007;45565;Sep 24;Incumplimiento de garant°a;FREDY STORE, S.A.;ElectrodomÇsticos/equipos electr¢nicos;;;320;En proceso;;;;;2024
Veh°culo a Motor;Los Santos;Ley 45 de 2007;45565;Sep 24;Incumplimiento de garant°a;GRUPO AUTO COMERCIAL, S.A.;Agencia de autos;GAC;Auto;16950;Desistimiento;;38284;Oct 24;2024;2024
Decisi¢n;Los Santos;Ley 45 de 2007;45539;Sep 24;Devoluci¢n de dinero;HERMANOS PêREZ GIR‡N, S,A.;Inmobiliarias;;Vivienda;1800;Desistimiento/Devoluci¢n;1500;45546;Sep 24;2024;2024
Decisi¢n;Los Santos;Ley 45 de 2007;45541;Sep 24;Rescindir contrato;SKY PANAMµ;Tv por cable;;;20;En proceso;;;;;2024
Decisi¢n;Los Santos;Ley 45 de 2007;45547;Sep 24;Incumplimiento de garant°a;FERRETER÷A FRANCISCO;Ferreter°as, materiales de construccion o similares;;Cielo raso;4761.36;En proceso;;;;;2024
Decisi¢n;Los Santos;Ley 45 de 2007;45553;Sep 24;Incumplimiento de garant°a;GANGASSS;Muebler°a/equipo electr¢nico;Raly;Bicicleta;215;En proceso;;;;;2024
Decisi¢n;Los Santos;Ley 45 de 2007;45565;Sep 24;Incumplimiento de garant°a;INVERSIONES TONOS÷, S.A.;Ferreter°as, materiales de construccion o similares;;Maquina de soldar;1309.99;En proceso;;;;;2024
Decisi¢n;Veraguas;Ley 45 de 2007;45537;Sep 24;Resoluci¢n de contrato;CABLE & WIRELESS PANAMµ;Tv por cable;;;59.4;En proceso;;;;;2024
Decisi¢n;Veraguas;Ley 45 de 2007;45538;Sep 24;Incumplimiento de garant°a;PANAFOTO;AlmacÇn por departamentos;Hisense;Televisor;962.95;En proceso;;;;;2024
Decisi¢n;Veraguas;Ley 45 de 2007;45539;Sep 24;Incumplimiento de garant°a;RODELAG;AlmacÇn por departamentos;General Electric;Lavadora;470.78;En proceso;;;;;2024
Decisi¢n;Veraguas;Ley 45 de 2007;45544;Sep 24;Incumplimiento de garant°a;NEW TECH MOVIL, S.A.;Celulares;;Celular;350;En proceso;;;;;2024
Decisi¢n;Veraguas;Ley 45 de 2007;45545;Sep 24;Falta de informaci¢n;PACIFIC CAR RENTAL;Alquiler de autos;KIA;Auto;450;En proceso;;;;;2024
Decisi¢n;Veraguas;Ley 45 de 2007;45545;Sep 24;Incumplimiento de garant°a;ELECTRONIC 168;ElectrodomÇsticos/equipos electr¢nicos;Samsung;Celular;285;En proceso;;;;;2024
Decisi¢n;Veraguas;Ley 45 de 2007;45546;Sep 24;Resoluci¢n de contrato;CABLE & WIRELESS PANAMµ;Comunicaciones / internet;;;54.38;En proceso;;;;;2024
Decisi¢n;Veraguas;Ley 45 de 2007;45555;Sep 24;Resoluci¢n de contrato;CABLE & WIRELESS PANAMµ;Telefonia;;Celular;87.42;En proceso;;;;;2024
Decisi¢n;Veraguas;Ley 45 de 2007;45559;Sep 24;Incumplimiento de garant°a;OUTDOORS ADVENTURE;AlmacÇn por departamentos;;;80.22;En proceso;;;;;2024
Decisi¢n;Veraguas;Ley 45 de 2007;45565;Sep 24;Incumplimiento de garant°a;CELL & ELECTRONIC;ElectrodomÇsticos/equipos electr¢nicos;Samsung;Celular;105;En proceso;;;;;2024
Decisi¢n;Pm† Oeste;Ley 45 de 2007;45537;Sep 24;Incumplimiento de contrato;SIRENA HOME STORE;AlmacÇn por departamentos;;;61.5;En proceso;;;;;2024
Decisi¢n;Pm† Oeste;Ley 45 de 2007;45538;Sep 24;Incumplimiento de contrato;IRON & CONSTRUCTION DESIGN GROUP, S.A.;Herrer°as;;;4000.34;En proceso;;;;;2024
Decisi¢n;Pm† Oeste;Ley 45 de 2007;45538;Sep 24;Resoluci¢n de contrato;POWER CLUB, S.A.;Gimnasio y centros deportivos;;;189.39;En proceso;;;;;2024
Decisi¢n;Pm† Oeste;Ley 45 de 2007;45540;Sep 24;Incumplimiento de garant°a;RODELAG;AlmacÇn por departamentos;;;406.59;En proceso;;;;;2024
Decisi¢n;Pm† Oeste;Ley 45 de 2007;45541;Sep 24;Incumplimiento de servicio;POLAR SERVICES;Repuestos y reparaciones (talleres varios no autos);;;45;En proceso;;;;;2024
Decisi¢n;Pm† Oeste;Ley 45 de 2007;45545;Sep 24;Incumplimiento de garant°a;RODELAG;AlmacÇn por departamentos;;;320.98;En proceso;;;;;2024
Decisi¢n;Pm† Oeste;Ley 45 de 2007;45548;Sep 24;Custodia de bien;MR. LAUNDRY EXPRESS;Lavander°as o lavam†ticos;;;102.09;En proceso;;;;;2024
Decisi¢n;Pm† Oeste;Ley 45 de 2007;45552;Sep 24;Falta de informaci¢n;CONWAY;AlmacÇn por departamentos;;;14.97;En proceso;;;;;2024
Decisi¢n;Pm† Oeste;Ley 45 de 2007;45553;Sep 24;Falta de informaci¢n;FARMACIAS ARROCHA;AlmacÇn por departamentos;;;200;En proceso;;;;;2024
Decisi¢n;Pm† Oeste;Ley 45 de 2007;45555;Sep 24;Incumplimiento de servicio;WOODLAND PANAMA;Muebler°as;;;147.5;En proceso;;;;;2024
Decisi¢n;Pm† Oeste;Ley 45 de 2007;45559;Sep 24;Incumplimiento de garant°a;FEPLOSA E IMPORTACIONES;ElectrodomÇsticos/equipos electr¢nicos;;;16;En proceso;;;;;2024
Decisi¢n;Pm† Oeste;Ley 45 de 2007;45559;Sep 24;Incumplimiento de garant°a;RAENCO;AlmacÇn por departamentos;;;940.53;En proceso;;;;;2024
Decisi¢n;Pm† Oeste;Ley 45 de 2007;45560;Sep 24;Falta de informaci¢n;LOTES VERDES, S.A.;Inmobiliarias;;;315;En proceso;;;;;2024
Decisi¢n;Pm† Oeste;Ley 45 de 2007;45561;Sep 24;Incumplimiento de garant°a;RAENCO;AlmacÇn por departamentos;;;608.83;En proceso;;;;;2024
Decisi¢n;Panam†;Ley 45 de 2007;45581;Oct 24;Incumplimiento de garant°a;BODAPHONE;ElectrodomÇsticos/equipos electr¢nicos;Samsung;Celular;230;En proceso;;;;;2024
Veh°culo a Motor;Panam†;Ley 14 de 2018;45566;Oct 24;Incumplimiento de servicio;SERVICIO DE LAVAUTO Y MECANICA PRETTY LOOK;Taller de reparaci¢n de autos;Hyundai;Auto;210;En proceso;;;;;2024
Veh°culo a Motor;Panam†;Ley 14 de 2018;45566;Oct 24;Incumplimiento de garant°a;GRUPO SILABA;Agencia de autos;Chevrolet;Auto;13000;En proceso;;;;;2024
Veh°culo a Motor;Panam†;Ley 14 de 2018;45566;Oct 24;Falta de informaci¢n;AUTO UNO DE PANAMA, S.A.;Venta de autos usados;KIA;Auto;6200;En proceso;;;;;2024
Veh°culo a Motor;Panam†;Ley 14 de 2018;45566;Oct 24;Incumplimiento de garant°a;LEVEL UP 360, S.A.;Venta de autos usados;Hyundai;Auto;8450;En proceso;;;;;2024
Veh°culo a Motor;Panam†;Ley 14 de 2018;45567;Oct 24;Incumplimiento de garant°a;AUTOS PLATINIUM;Venta de autos usados;Chevrolet;Auto;3600;En proceso;;;;;2024
Veh°culo a Motor;Panam†;Ley 14 de 2018;45567;Oct 24;Falta de informaci¢n;RASTRO MULTIMOTORES;Repuestos para autos;Suzuki;Auto;1500;En proceso;;;;;2024
Veh°culo a Motor;Panam†;Ley 14 de 2018;45568;Oct 24;Incumplimiento de garant°a;PRICESMART;Repuestos para autos;;Bater°a de auto;406.58;En proceso;;;;;2024
Veh°culo a Motor;Panam†;Ley 14 de 2018;45572;Oct 24;Incumplimiento de garant°a;GRUPO Q INVESTMENTS, S.A.;Agencia de autos;Cherry;Auto;17300;En proceso;;;;;2024
Veh°culo a Motor;Panam†;Ley 14 de 2018;45573;Oct 24;Incumplimiento de garant°a;GRUPO SILABA / GRUPO Q INVESTMENTS, S.A.;Agencia de autos;Chevrolet;Auto;22795;En proceso;;;;;2024
Veh°culo a Motor;Panam†;Ley 14 de 2018;45574;Oct 24;Incumplimiento de garant°a;PACIFIC MOTORS INVESTMENT AND ENTERPRISES, S.A.;Agencia de autos;;Auto;2668.62;En proceso;;;;;2024
Veh°culo a Motor;Panam†;Ley 14 de 2018;45574;Oct 24;Custodia de bien;CARS VOLKÔS SERVICE;Taller de reparaci¢n de autos;Audi;Auto;9707.72;En proceso;;;;;2024
Veh°culo a Motor;Panam†;Ley 14 de 2018;45576;Oct 24;Incumplimiento de garant°a;RICARDO PEREZ, S.A.;Agencia de autos;Toyota;Auto;29130;En proceso;;;;;2024
Veh°culo a Motor;Panam†;Ley 14 de 2018;45579;Oct 24;Incumplimiento de servicio;GRUPO SILABA / GRUPO Q INVESTMENTS, S.A.;Agencia de autos;Chevrolet;Auto;124.14;En proceso;;;;;2024
Veh°culo a Motor;Panam†;Ley 14 de 2018;45580;Oct 24;Custodia de bien;AUTO SERVICIO JUAN;Taller de reparaci¢n de autos;KIA;Auto;108.4;En proceso;;;;;2024
Veh°culo a Motor;Panam†;Ley 14 de 2018;45580;Oct 24;Incumplimiento de garant°a;STREET CARS VENTA;Venta de autos usados;KIA;Auto;5500;En proceso;;;;;2024
Veh°culo a Motor;Panam†;Ley 14 de 2018;45580;Oct 24;Incumplimiento de garant°a;SALGADO CARS & SYM;Venta de autos usados;Hyundai;Auto;3900;En proceso;;;;;2024
Veh°culo a Motor;Panam†;Ley 14 de 2018;45580;Oct 24;Incumplimiento de garant°a;PANAMOTOR;Agencia de autos;Nissan;Auto;28879.3;En proceso;;;;;2024
Veh°culo a Motor;Panam†;Ley 14 de 2018;45580;Oct 24;Incumplimiento de garant°a;COOL MOTORS, S.A.;Venta de autos usados;Nissan;Auto;309.36;En proceso;;;;;2024
Veh°culo a Motor;Panam†;Ley 14 de 2018;45580;Oct 24;Incumplimiento de garant°a;AUTOS CAPITAL;Venta de autos usados;KIA;Auto;6500;En proceso;;;;;2024
Veh°culo a Motor;Panam†;Ley 14 de 2018;45586;Oct 24;Incumplimiento de garant°a;GRUPO SILABA;Agencia de autos;Mazda;Auto;24995;En proceso;;;;;2024
Veh°culo a Motor;Panam†;Ley 14 de 2018;45587;Oct 24;Incumplimiento de garant°a;BAVARIAN MOTORS;Agencia de autos;BMW;Auto;851.34;En proceso;;;;;2024
Veh°culo a Motor;Panam†;Ley 14 de 2018;45587;Oct 24;Incumplimiento de contrato;DASOO, S.A.;Venta de autos usados;Infiniti;Auto;18142.8;En proceso;;;;;2024
Veh°culo a Motor;Panam†;Ley 14 de 2018;45588;Oct 24;Falta de informaci¢n;WINDOW FILMS PTY;Taller de reparaci¢n de autos;Subaru;Auto;396.97;En proceso;;;;;2024
Veh°culo a Motor;Panam†;Ley 14 de 2018;45588;Oct 24;Incumplimiento de garant°a;AUTO UNO DE PANAMA, S.A.;Venta de autos usados;;Auto;8500;En proceso;;;;;2024
Veh°culo a Motor;Panam†;Ley 14 de 2018;45589;Oct 24;Incumplimiento de garant°a;AUTO REPUESTOS CENTENARIO;Repuestos para autos;Hyundai;Auto;335.78;En proceso;;;;;2024
Veh°culo a Motor;Panam†;Ley 14 de 2018;45590;Oct 24;Incumplimiento de servicio;GLOBAL SERVICES TOCUMEN, S.A.;Taller de reparaci¢n de autos;Toyota;Auto;891.11;En proceso;;;;;2024
Veh°culo a Motor;Panam†;Ley 14 de 2018;45590;Oct 24;Custodia de bien;PROJECT MANAGEMENT OFFICE, S.A.;Taller de reparaci¢n de autos;Hyundai;Auto;613.04;En proceso;;;;;2024
Veh°culo a Motor;Panam†;Ley 14 de 2018;45593;Oct 24;Incumplimiento de garant°a;CONSULTENOS, S.A.;Repuestos para autos;;Auto;517.83;En proceso;;;;;2024
Veh°culo a Motor;Panam†;Ley 14 de 2018;45594;Oct 24;Incumplimiento de garant°a;PETROAUTOS, S.A.;Agencia de autos;Hyundai;Auto;17999.01;En proceso;;;;;2024
Veh°culo a Motor;Panam†;Ley 14 de 2018;45594;Oct 24;Incumplimiento de garant°a;BAY MOTORS, S.A.;Agencia de autos;Geely;Auto;25490;En proceso;;;;;2024
Veh°culo a Motor;Panam†;Ley 14 de 2018;45595;Oct 24;Falta de informaci¢n;RICARDO PEREZ, S.A.;Agencia de autos;Toyota;Auto;20500;En proceso;;;;;2024
Veh°culo a Motor;Panam†;Ley 14 de 2018;45595;Oct 24;Custodia de bien;COMPA•IA CHIRICANA DE AUTOMOVILES;Agencia de autos;Mitsubishi;Auto;439.65;En proceso;;;;;2024
Veracidad;Panam†;Ley 45 de 2007;45576;Oct 24;Veracidad de la publicidad;ELECTRONICA AUDIO MAX;ElectrodomÇsticos/equipos electr¢nicos;;;160.5;En proceso;;;;;2024
Veracidad;Panam†;Ley 45 de 2007;45576;Oct 24;Veracidad de la publicidad;COPA AIR;L°neas aÇreas;;;401.95;Desistimiento;;45603;Nov 24;2024;2024
Veracidad;Panam†;Ley 45 de 2007;45587;Oct 24;Veracidad de la publicidad;GLAM SKIN ESTHETIC;Centros de estÇticas;;;106.88;En proceso;;;;;2024
Veracidad;Panam†;Ley 45 de 2007;45596;Oct 24;Veracidad de la publicidad;BATH & BODY WORKS;Perfumer°a;;;77.04;En proceso;;;;;2024
Decisi¢n;Panam†;Ley 45 de 2007;45566;Oct 24;Incumplimiento de garant°a;RAENCO;AlmacÇn por departamentos;Hisense;Refrigeradora;459.03;En proceso;;;;;2024
Decisi¢n;Panam†;Ley 45 de 2007;45566;Oct 24;Incumplimiento de garant°a;DO IT CENTER;AlmacÇn por departamentos;;;406.59;En proceso;;;;;2024
Decisi¢n;Panam†;Ley 45 de 2007;45566;Oct 24;Resoluci¢n de contrato;SKY PANAMµ;Tv por cable;;;36;En proceso;;;;;2024
Decisi¢n;Panam†;Ley 45 de 2007;45566;Oct 24;Falta de informaci¢n;INVERSIONES EL CREPÈSCULO, S.A.;Funerarias;;;25;En proceso;;;;;2024
Decisi¢n;Panam†;Ley 45 de 2007;45568;Oct 24;Incumplimiento de servicio;CLINICA DE ORTODONCIA Y ESTETICA DENTAL;Dentista;;;75;Desistimiento;;45596;Oct 24;2024;2024
Decisi¢n;Panam†;Ley 45 de 2007;45566;Oct 24;Incumplimiento de garant°a;EL PALACIO COMERCIAL;ElectrodomÇsticos/equipos electr¢nicos;Sankey;Refrigeradora;420;En proceso;;;;;2024
Decisi¢n;Panam†;Ley 45 de 2007;45568;Oct 24;Incumplimiento de garant°a;RODELAG;AlmacÇn por departamentos;;Hidrolavadora;126.99;En proceso;;;;;2024
Decisi¢n;Panam†;Ley 45 de 2007;45568;Oct 24;Falta de informaci¢n;INVERSIONES EL CREPÈSCULO, S.A.;Funerarias;;;22;En proceso;;;;;2024
Decisi¢n;Panam†;Ley 45 de 2007;45568;Oct 24;Falta de informaci¢n;MUEBLES MODERNOS;Muebler°as;;;426.93;Desistimiento/Devoluci¢n;426.93;45583;Oct 24;2024;2024
Decisi¢n;Panam†;Ley 45 de 2007;45568;Oct 24;Incumplimiento de garant°a;TITAN PANAMµ;AlmacÇn por departamentos;Dell;Computadora;537.34;En proceso;;;;;2024
Decisi¢n;Panam†;Ley 45 de 2007;45568;Oct 24;Incumplimiento de garant°a;LOLTEC COMPUTER CORP.;Computadoras;;;37.45;En proceso;;;;;2024
Decisi¢n;Panam†;Ley 45 de 2007;45566;Oct 24;Incumplimiento de garant°a;RODELAG;AlmacÇn por departamentos;;;9.99;En proceso;;;;;2024
Decisi¢n;Panam†;Ley 45 de 2007;45569;Oct 24;Cobro indebido;SMART FIT;Gimnasio y centros deportivos;;;26.74;En proceso;;;;;2024
Decisi¢n;Panam†;Ley 45 de 2007;45569;Oct 24;Falta de informaci¢n;INVERSIONES EL CREPÈSCULO, S.A.;Funerarias;;;26;Desistimiento;;45595;Oct 24;2024;2024
Decisi¢n;Panam†;Ley 45 de 2007;45574;Oct 24;Falta de informaci¢n;TALLER DE HERRERIA PACORA;Herrer°as;;;800;En proceso;;;;;2024
Decisi¢n;Panam†;Ley 45 de 2007;45569;Oct 24;Incumplimiento de garant°a;TITAN PANAMµ;AlmacÇn por departamentos;;;577.79;En proceso;;;;;2024
Decisi¢n;Panam†;Ley 45 de 2007;45569;Oct 24;Incumplimiento de garant°a;RAENCO;AlmacÇn por departamentos;;;1492.6;Acuerdo en audiencia/Varios;;45610;Nov 24;2024;2024
Decisi¢n;Panam†;Ley 45 de 2007;45569;Oct 24;Incumplimiento de garant°a;INMOBILIARIA PARQUE LEFEVRE, S.A.;Inmobiliarias;;;4809.65;En proceso;;;;;2024
Decisi¢n;Panam†;Ley 45 de 2007;45573;Oct 24;Incumplimiento de garant°a;DOIT CENTER;AlmacÇn por departamentos;;;577.79;En proceso;;;;;2024
Decisi¢n;Panam†;Ley 45 de 2007;45573;Oct 24;Falta de informaci¢n;INVERSIONES EL CREPÈSCULO, S.A.;Funerarias;;;31;Acuerdo en audiencia/Varios;;45617;Nov 24;2024;2024
Decisi¢n;Panam†;Ley 45 de 2007;45573;Oct 24;Falta de informaci¢n;INVERSIONES EL CREPÈSCULO, S.A.;Funerarias;;;22;Acuerdo en audiencia/Varios;;45608;Nov 24;2024;2024
Decisi¢n;Panam†;Ley 45 de 2007;45574;Oct 24;Incumplimiento de servicio;FAST SERVICES CENTER, S.A.;Repuestos y reparaciones (talleres varios no autos);;;203;En proceso;;;;;2024
Decisi¢n;Panam†;Ley 45 de 2007;45573;Oct 24;Resoluci¢n de contrato;SKY PANAMµ;Tv por cable;;;42;En proceso;;;;;2024
Decisi¢n;Panam†;Ley 45 de 2007;45574;Oct 24;Incumplimiento de garant°a;PREMIER;ElectrodomÇsticos/equipos electr¢nicos;Premier;Televisor;353.09;En proceso;;;;;2024
Decisi¢n;Panam†;Ley 45 de 2007;45574;Oct 24;Incumplimiento de garant°a;GRUPO TESORINI, S.A.;Joyer°a/Relojer°as;;;96;En proceso;;;;;2024
Decisi¢n;Panam†;Ley 45 de 2007;45573;Oct 24;Falta de informaci¢n;INVERSIONES EL CREPÈSCULO, S.A.;Funerarias;;;26;Desistimiento;;45596;Oct 24;2024;2024
Decisi¢n;Panam†;Ley 45 de 2007;45574;Oct 24;Cobro indebido;ELECTRONICA NEWTON;ElectrodomÇsticos/equipos electr¢nicos;;;12.83;Desistimiento/Devoluci¢n;12.83;45603;Nov 24;2024;2024
Decisi¢n;Panam†;Ley 45 de 2007;45574;Oct 24;Incumplimiento de garant°a;PANAFOTO;ElectrodomÇsticos/equipos electr¢nicos;Samsung;Televisor;566.03;Pendiente constancia desistimiento;;45625;Nov 24;2024;2024
Decisi¢n;Panam†;Ley 45 de 2007;45574;Oct 24;Incumplimiento de servicio;RANDY ARMANDO GALVIS SANTANA (REMODELA PTY);F†bricas de muebles;;;2460.3;En proceso;;;;;2024
Decisi¢n;Panam†;Ley 45 de 2007;45574;Oct 24;Incumplimiento de servicio;JEWELRY DESIGN & MANUFACTURE;Joyer°a/Relojer°as;;;1300;En proceso;;;;;2024
Decisi¢n;Panam†;Ley 45 de 2007;45574;Oct 24;Incumplimiento de garant°a;RAENCO;AlmacÇn por departamentos;HP;Laptop;416.23;En proceso;;;;;2024
Decisi¢n;Panam†;Ley 45 de 2007;45574;Oct 24;Falta de informaci¢n;ECONO HOGAR;Repuestos y reparaciones (talleres varios no autos);Poulan;Motosierra;25;Desistimiento;;45583;Oct 24;2024;2024
Decisi¢n;Panam†;Ley 45 de 2007;45574;Oct 24;Falta de informaci¢n;TU BIENESTAR COMPANY, S.A.;Funerarias;;;24;En proceso;;;;;2024
Decisi¢n;Panam†;Ley 45 de 2007;45574;Oct 24;Incumplimiento de garant°a;FCC SMART ALBROOK, S.A.;ElectrodomÇsticos/equipos electr¢nicos;;Video juego;63.13;En proceso;;;;;2024
Decisi¢n;Panam†;Ley 45 de 2007;45574;Oct 24;Falta de informaci¢n;OPTI GLASS;Opticas;;;93.1;En proceso;;;;;2024
Decisi¢n;Panam†;Ley 45 de 2007;45576;Oct 24;Incumplimiento de garant°a;MULTIMAX;ElectrodomÇsticos/equipos electr¢nicos;;;609.87;En proceso;;;;;2024
Decisi¢n;Panam†;Ley 45 de 2007;45588;Oct 24;Falta de informaci¢n;GRUPO DE COMUNICACIONES DIGITALES, S.A.;Telefonia;Iphone;Celular;845.25;En proceso;;;;;2024
Decisi¢n;Panam†;Ley 45 de 2007;45580;Oct 24;Falta de informaci¢n;RUTAS AêREAS DE VENEZUELA RAV, S.A.;L°neas aÇreas;;;325.74;En proceso;;;;;2024
Decisi¢n;Panam†;Ley 45 de 2007;45580;Oct 24;Incumplimiento de garant°a;PREMIER;ElectrodomÇsticos/equipos electr¢nicos;Premier;Dispensador de agua;128.39;Pendiente constancia desistimiento;;45596;Oct 24;2024;2024
Decisi¢n;Panam†;Ley 45 de 2007;45580;Oct 24;Incumplimiento de garant°a;VISION MOBILE;ElectrodomÇsticos/equipos electr¢nicos;Samsung;Celular;95;En proceso;;;;;2024
Decisi¢n;Panam†;Ley 45 de 2007;45576;Oct 24;Incumplimiento de garant°a;BODAPHONE;ElectrodomÇsticos/equipos electr¢nicos;Honor;Celular;245;En proceso;;;;;2024
Decisi¢n;Panam†;Ley 45 de 2007;45580;Oct 24;Falta de informaci¢n;INVERSIONES EL CREPÈSCULO, S.A.;Funerarias;;;31;Pendiente constancia desistimiento;;45625;Nov 24;2024;2024
Decisi¢n;Panam†;Ley 45 de 2007;45580;Oct 24;Incumplimiento de servicio;UBER;Servicios Profesionales;;;18.3;En proceso;;;;;2024
Decisi¢n;Panam†;Ley 45 de 2007;45580;Oct 24;Incumplimiento de garant°a;GS MOVIL;ElectrodomÇsticos/equipos electr¢nicos;Samsung;Celular;313.55;Desistimiento;;45589;Oct 24;2024;2024
Decisi¢n;Panam†;Ley 45 de 2007;45580;Oct 24;Falta de informaci¢n;INVERSIONES EL CREPÈSCULO, S.A.;Funerarias;;;24;En proceso;;;;;2024
Decisi¢n;Panam†;Ley 45 de 2007;45581;Oct 24;Falta de informaci¢n;SOWL TRAVEL PANAMA;Hoteles o planes vacacionales;;;1032.71;En proceso;;;;;2024
Decisi¢n;Panam†;Ley 45 de 2007;45589;Oct 24;Incumplimiento de garant°a;SMART MOVIL CENTER;Celulares;;;106.95;En proceso;;;;;2024
Decisi¢n;Panam†;Ley 45 de 2007;45580;Oct 24;Resoluci¢n de contrato;SKY PANAMµ;Tv por cable;;;60.71;En proceso;;;;;2024
Decisi¢n;Panam†;Ley 45 de 2007;45583;Oct 24;Incumplimiento de garant°a;MULTIMAX;ElectrodomÇsticos/equipos electr¢nicos;LG;Refrigeradora;748.97;En proceso;;;;;2024
Decisi¢n;Panam†;Ley 45 de 2007;45583;Oct 24;Incumplimiento de garant°a;SEARCH ENGINE BUSINESS, INC.;ElectrodomÇsticos/equipos electr¢nicos;LG;Lavadora / secadora;1510.95;Pendiente constancia desistimiento;;45588;Oct 24;2024;2024
Decisi¢n;Panam†;Ley 45 de 2007;45583;Oct 24;Falta de informaci¢n;COPA AIRLINES;L°neas aÇreas;;;162.61;En proceso;;;;;2024
Decisi¢n;Panam†;Ley 45 de 2007;45583;Oct 24;Devoluci¢n de dinero;EL COSTO;AlmacÇn por departamentos;;;59.99;Desistimiento/Devoluci¢n;59.99;45596;Oct 24;2024;2024
Decisi¢n;Panam†;Ley 45 de 2007;45596;Oct 24;Incumplimiento de garant°a;MAXICOOL, S.A.;Repuestos y reparaciones (talleres varios no autos);Premier;Aire acondicionado;140;En proceso;;;;;2024
Decisi¢n;Panam†;Ley 45 de 2007;45586;Oct 24;Incumplimiento de garant°a;RAENCO;AlmacÇn por departamentos;Whirlpool;Lavadora;426.93;En proceso;;;;;2024
Decisi¢n;Panam†;Ley 45 de 2007;45583;Oct 24;Incumplimiento de garant°a;DOIT CENTER;AlmacÇn por departamentos;;;145.51;En proceso;;;;;2024
Decisi¢n;Panam†;Ley 45 de 2007;45581;Oct 24;Incumplimiento de servicio;MUEBLES KAIROS;Muebler°as;;;165;Desistimiento/Devoluci¢n;165;45583;Oct 24;2024;2024
Decisi¢n;Panam†;Ley 45 de 2007;45583;Oct 24;Incumplimiento de garant°a;LA ONDA;AlmacÇn por departamentos;;Televisor;149.79;En proceso;;;;;2024
Decisi¢n;Panam†;Ley 45 de 2007;45583;Oct 24;Falta de informaci¢n;UNITED;L°neas aÇreas;;;809.7;En proceso;;;;;2024
Decisi¢n;Panam†;Ley 45 de 2007;45586;Oct 24;Falta de informaci¢n;INVERSIONES EL CREPÈSCULO, S.A.;Funerarias;;;26;Acuerdo en audiencia/Varios;;45615;Nov 24;2024;2024
Decisi¢n;Panam†;Ley 45 de 2007;45589;Oct 24;Incumplimiento de garant°a;RODELAG;AlmacÇn por departamentos;Samsung;Refrigeradora;579.02;En proceso;;;;;2024
Decisi¢n;Panam†;Ley 45 de 2007;45587;Oct 24;Incumplimiento de garant°a;SUPER XTRA;Supermercados;Premier;Lavadora;213.98;En proceso;;;;;2024
Decisi¢n;Panam†;Ley 45 de 2007;45587;Oct 24;Incumplimiento de garant°a;RAENCO;AlmacÇn por departamentos;Nisato;Lavadora;352.03;Desistimiento;;45615;Nov 24;2024;2024
Decisi¢n;Panam†;Ley 45 de 2007;45587;Oct 24;Incumplimiento de servicio;ITA GLOBAL PANAMA;Hoteles o planes vacacionales;;;656.25;En proceso;;;;;2024
Decisi¢n;Panam†;Ley 45 de 2007;45586;Oct 24;Custodia de bien;ECONO HOGAR;Repuestos y reparaciones (talleres varios no autos);;Motosierra;321;En proceso;;;;;2024
Decisi¢n;Panam†;Ley 45 de 2007;45588;Oct 24;Incumplimiento de garant°a;CASA CONFORT, S.A.;AlmacÇn por departamentos;LG;Refrigeradora;1026.13;En proceso;;;;;2024
Decisi¢n;Panam†;Ley 45 de 2007;45588;Oct 24;Incumplimiento de garant°a;RAENCO;AlmacÇn por departamentos;;;1149.18;En proceso;;;;;2024
Decisi¢n;Panam†;Ley 45 de 2007;45588;Oct 24;Falta de informaci¢n;AIR PANAMA;L°neas aÇreas;;;117.78;En proceso;;;;;2024
Decisi¢n;Panam†;Ley 45 de 2007;45587;Oct 24;Falta de informaci¢n;JJK BROTHERS, S.A.;ElectrodomÇsticos/equipos electr¢nicos;Iphone;Celular;1247.61;En proceso;;;;;2024
Decisi¢n;Panam†;Ley 45 de 2007;45588;Oct 24;Incumplimiento de garant°a;GRAND XIAOMI STORE, S.A.;ElectrodomÇsticos/equipos electr¢nicos;Xiaomi;Celular;167.99;En proceso;;;;;2024
Decisi¢n;Panam†;Ley 45 de 2007;45588;Oct 24;Falta de informaci¢n;VENEZOLANA;L°neas aÇreas;;;622.95;En proceso;;;;;2024
Decisi¢n;Panam†;Ley 45 de 2007;45588;Oct 24;Incumplimiento de garant°a;GRAND XIAOMI STORE, S.A.;ElectrodomÇsticos/equipos electr¢nicos;Xiaomi;Celular;167.99;En proceso;;;;;2024
Decisi¢n;Panam†;Ley 45 de 2007;45589;Oct 24;Falta de informaci¢n;INVERSIONES EL CREPÈSCULO, S.A.;Funerarias;;;31;Acuerdo en audiencia/Varios;;45625;Nov 24;2024;2024
Decisi¢n;Panam†;Ley 45 de 2007;45588;Oct 24;Falta de informaci¢n;CABLE & WIRELESS PANAMµ;Telefonia;;;120;Acuerdo en audiencia/Devoluci¢n de dinero;120;45623;Nov 24;2024;2024
Decisi¢n;Panam†;Ley 45 de 2007;45588;Oct 24;Incumplimiento de garant°a;MULTITEK INTERNACIONAL, S.A.;ElectrodomÇsticos/equipos electr¢nicos;Hisense;Televisor;339.97;En proceso;;;;;2024
Decisi¢n;Panam†;Ley 45 de 2007;45588;Oct 24;Incumplimiento de garant°a;M & I TECNOLOGY, S.A.;ElectrodomÇsticos/equipos electr¢nicos;Iphone;Celular;912;En proceso;;;;;2024
Decisi¢n;Panam†;Ley 45 de 2007;45588;Oct 24;Falta de informaci¢n;INVERSIONES EL CAZADOR, S.A.;Funerarias;;;24;Acuerdo en audiencia/Varios;;45617;Nov 24;2024;2024
Decisi¢n;Panam†;Ley 45 de 2007;45588;Oct 24;Incumplimiento de garant°a;PANAFOTO;ElectrodomÇsticos/equipos electr¢nicos;;Congelador;3102.95;Desistimiento;;45623;Nov 24;2024;2024
Decisi¢n;Panam†;Ley 45 de 2007;45589;Oct 24;Incumplimiento de contrato;PANAFOTO;ElectrodomÇsticos/equipos electr¢nicos;;Televisor;977.98;En proceso;;;;;2024
Decisi¢n;Panam†;Ley 45 de 2007;45589;Oct 24;Incumplimiento de servicio;WORLD CELL SOLUTIONS;ElectrodomÇsticos/equipos electr¢nicos;;Celular;80;En proceso;;;;;2024
Decisi¢n;Panam†;Ley 45 de 2007;45589;Oct 24;Resoluci¢n de contrato;SKY PANAMµ;Tv por cable;;;32.48;En proceso;;;;;2024
Decisi¢n;Panam†;Ley 45 de 2007;45590;Oct 24;Incumplimiento de garant°a;CASA CONFORT, S.A.;ElectrodomÇsticos/equipos electr¢nicos;LG;Refrigeradora;683.73;En proceso;;;;;2024
Decisi¢n;Panam†;Ley 45 de 2007;45589;Oct 24;Incumplimiento de garant°a;RAENCO;AlmacÇn por departamentos;;;460.42;En proceso;;;;;2024
Decisi¢n;Panam†;Ley 45 de 2007;45594;Oct 24;Incumplimiento de garant°a;MULTIMAX;ElectrodomÇsticos/equipos electr¢nicos;Samsung;Centro de lavado;529;En proceso;;;;;2024
Decisi¢n;Panam†;Ley 45 de 2007;45596;Oct 24;Falta de informaci¢n;INVERSIONES EL CREPÈSCULO, S.A.;Funerarias;;;24;En proceso;;;;;2024
Decisi¢n;Panam†;Ley 45 de 2007;45594;Oct 24;Incumplimiento de garant°a;DO IT CENTER;ElectrodomÇsticos/equipos electr¢nicos;;;12.83;En proceso;;;;;2024
Decisi¢n;Panam†;Ley 45 de 2007;45594;Oct 24;Incumplimiento de servicio;QUALITY CLEAN;Lavander°as o lavam†ticos;;;3.27;En proceso;;;;;2024
Decisi¢n;Panam†;Ley 45 de 2007;45594;Oct 24;Incumplimiento de garant°a;GRANELO PIELES, S.A.;AlmacÇn por departamentos;;;149.32;En proceso;;;;;2024
Decisi¢n;Panam†;Ley 45 de 2007;45596;Oct 24;Falta de informaci¢n;INVERSIONES EL CREPÈSCULO, S.A.;Funerarias;;;26;En proceso;;;;;2024
Decisi¢n;Panam†;Ley 45 de 2007;45594;Oct 24;Incumplimiento de servicio;GRUPO SQP;Servicios Profesionales;;;800;En proceso;;;;;2024
Decisi¢n;Panam†;Ley 45 de 2007;45596;Oct 24;Incumplimiento de garant°a;MW MOVIL, S.A.;ElectrodomÇsticos/equipos electr¢nicos;Iphone;Celular;830;En proceso;;;;;2024
Decisi¢n;Panam†;Ley 45 de 2007;45596;Oct 24;Cobro indebido;CABLE & WIRELESS PANAMµ;Telefonia;;;186.05;En proceso;;;;;2024
Decisi¢n;Panam†;Ley 45 de 2007;45596;Oct 24;Incumplimiento de garant°a;NOVEY;AlmacÇn por departamentos;;Hidrolavadora;106.98;En proceso;;;;;2024
Decisi¢n;Panam†;Ley 45 de 2007;45596;Oct 24;Incumplimiento de garant°a;FOTO SONIDO;ElectrodomÇsticos/equipos electr¢nicos;;Cama;500;En proceso;;;;;2024
Decisi¢n;Panam†;Ley 45 de 2007;45596;Oct 24;Falta de informaci¢n;INVERSIONES EL CREPÈSCULO, S.A.;Funerarias;;;26;En proceso;;;;;2024
Decisi¢n;Panam†;Ley 45 de 2007;45596;Oct 24;Incumplimiento de garant°a;INMOBILIARIA LYKAR, S.A.;Inmobiliarias;;;4999.95;En proceso;;;;;2024
Decisi¢n;Panam†;Ley 45 de 2007;45596;Oct 24;Falta de informaci¢n;TU BIENESTAR COMPANY, S.A.;Funerarias;;;24;En proceso;;;;;2024
Decisi¢n;Panam†;Ley 45 de 2007;45568;Oct 24;Resoluci¢n de contrato;CASA DE FUNERALES VIDA PANAMµ, S.A.;Funerarias;;;14;Pendiente constancia desistimiento;;45615;Nov 24;2024;2024
Decisi¢n;Panam†;Ley 45 de 2007;45569;Oct 24;Incumplimiento de garant°a;ECOSYSTEMS MOBILES;ElectrodomÇsticos/equipos electr¢nicos;Iphone;Celular;330;Acuerdo en audiencia/Varios;;45610;Nov 24;2024;2024
Decisi¢n;Panam†;Ley 45 de 2007;45582;Oct 24;Falta de informaci¢n;PROMOTORA EL TECAL, S.A.;Inmobiliarias;;;4695;En proceso;;;;;2024
Decisi¢n;Panam†;Ley 45 de 2007;45566;Oct 24;Incumplimiento de garant°a;RAENCO;AlmacÇn por departamentos;;;330.63;En proceso;;;;;2024
Decisi¢n;Panam†;Ley 45 de 2007;45568;Oct 24;Resoluci¢n de contrato;CABLE & WIRELESS PANAMµ;Telefonia;;;33.63;Acuerdo en audiencia/Varios;;45625;Nov 24;2024;2024
Decisi¢n;Panam†;Ley 45 de 2007;45568;Oct 24;Incumplimiento de garant°a;ECOSYSTEMS MOBILES;Repuestos y reparaciones (talleres varios no autos);;Bicicleta;560;En proceso;;;;;2024
Decisi¢n;Panam†;Ley 45 de 2007;45568;Oct 24;Falta de informaci¢n;CLINICA DE ORTODONCIA Y ESTETICA DENTAL;Dentista;;;80;Desistimiento/Devoluci¢n;80;45608;Nov 24;2024;2024
Decisi¢n;Panam†;Ley 45 de 2007;45568;Oct 24;Incumplimiento de garant°a;RAENCO;AlmacÇn por departamentos;;;501.83;Desistimiento;;45580;Oct 24;2024;2024
Decisi¢n;Panam†;Ley 45 de 2007;45568;Oct 24;Incumplimiento de garant°a;RODELAG;AlmacÇn por departamentos;;;427.99;En proceso;;;;;2024
Decisi¢n;Panam†;Ley 45 de 2007;45569;Oct 24;Incumplimiento de garant°a;MUEBLES MODERNOS;Muebler°as;;;426.93;Desistimiento;;45580;Oct 24;2024;2024
Decisi¢n;Panam†;Ley 45 de 2007;45569;Oct 24;Resoluci¢n de contrato;CABLE & WIRELESS PANAMµ;Telefonia;;;25.5;Acuerdo en audiencia/Varios;;45625;Nov 24;2024;2024
Decisi¢n;Panam†;Ley 45 de 2007;45569;Oct 24;Incumplimiento de garant°a;DORA CELL;ElectrodomÇsticos/equipos electr¢nicos;;Celular;380;En proceso;;;;;2024
Decisi¢n;Panam†;Ley 45 de 2007;45572;Oct 24;Devoluci¢n de dinero;PROMOTORA CASAS PACIFICAS;Inmobiliarias;;;1300;En proceso;;;;;2024
Decisi¢n;Panam†;Ley 45 de 2007;45572;Oct 24;Custodia de bien;OPTICA SOSA Y ARANGO;Opticas;;;70;Acuerdo en audiencia/Varios;;45610;Nov 24;2024;2024
Decisi¢n;Panam†;Ley 45 de 2007;45580;Oct 24;Resoluci¢n de contrato;CABLE & WIRELESS PANAMµ;Telefonia;;;10.08;En proceso;;;;;2024
Decisi¢n;Panam†;Ley 45 de 2007;45580;Oct 24;Devoluci¢n de dinero;A.S. CORPORATE GROUP INC.;Hoteles o planes vacacionales;;;300;Pendiente constancia desistimiento;;45617;Nov 24;2024;2024
Decisi¢n;Panam†;Ley 45 de 2007;45587;Oct 24;Incumplimiento de garant°a;SHALOM, S.A.;AlmacÇn por departamentos;Premier;Dispensador de agua;138.4;Acuerdo en audiencia/Reemplazo;;45625;Nov 24;2024;2024
Decisi¢n;Panam†;Ley 45 de 2007;45594;Oct 24;Devoluci¢n de dinero;PROMOTORA CASAS PACIFICAS;Inmobiliarias;;;1050;En proceso;;;;;2024
Decisi¢n;Panam†;Ley 45 de 2007;45594;Oct 24;Incumplimiento de garant°a;MULTIMAX;ElectrodomÇsticos/equipos electr¢nicos;LG;Lavadora;609.97;Desistimiento;;45596;Oct 24;2024;2024
Decisi¢n;Panam†;Ley 45 de 2007;45594;Oct 24;Incumplimiento de garant°a;TITAN PANAMµ;AlmacÇn por departamentos;Whirlpool;Lavadora;502.89;En proceso;;;;;2024
Decisi¢n;Panam†;Ley 45 de 2007;45595;Oct 24;Incumplimiento de garant°a;PREMIER UNIVERSE, S.A.;ElectrodomÇsticos/equipos electr¢nicos;Prenium;Televisor;106.99;En proceso;;;;;2024
Decisi¢n;Panam†;Ley 45 de 2007;45596;Oct 24;Resoluci¢n de contrato;CABLE & WIRELESS PANAMµ;Telefonia;;;39.22;En proceso;;;;;2024
Decisi¢n;Bocas del Toro;Ley 45 de 2007;45575;Oct 24;Mercanc°a defectuosa;AUTO REPUESTOS & SERVICIOS EL MEJOR;Repuestos para autos;Tasco;Bater°a de auto;104;Desistimiento;;45593;Oct 24;2024;2024
Veh°culo a Motor;CoclÇ;Ley 14 de 2018;45574;Oct 24;Incumplimiento de garant°a;AUTOBAM;Agencia de autos;;Auto;10985;En proceso;;;;;2024
Decisi¢n;CoclÇ;Ley 45 de 2007;45568;Oct 24;Incumplimiento de garant°a;SPIEGEL;AlmacÇn por departamentos;;Refrigeradora;1283.99;En proceso;;;;;2024
Decisi¢n;CoclÇ;Ley 45 de 2007;45572;Oct 24;Incumplimiento de garant°a;BODAPHONE;Celulares;;Celular;230;En proceso;;;;;2024
Decisi¢n;CoclÇ;Ley 45 de 2007;45588;Oct 24;Resoluci¢n de contrato;SKY PANAMµ;Tv por cable;;;92.88;En proceso;;;;;2024
Decisi¢n;CoclÇ;Ley 45 de 2007;45589;Oct 24;Resoluci¢n de contrato;SKY PANAMµ;Tv por cable;;;20;En proceso;;;;;2024
Decisi¢n;CoclÇ;Ley 45 de 2007;45590;Oct 24;Da§os y perjuicios;TEPESA DOS S.A.;Inmobiliarias;;;2198.73;En proceso;;;;;2024
Decisi¢n;Col¢n;Ley 45 de 2007;45568;Oct 24;Falta de informaci¢n;CIMECA CENTRO MEDICO;Cl°nicas/ Hospitales;;;360;En proceso;;;;;2024
Decisi¢n;Col¢n;Ley 45 de 2007;45569;Oct 24;Resoluci¢n de contrato;SKY PANAMµ;Tv por cable;;;26.32;En proceso;;;;;2024
Decisi¢n;Col¢n;Ley 45 de 2007;45579;Oct 24;Falta de informaci¢n;PROMOTORA GREENHOUSES, S.A.;Inmobiliarias;;Vivienda;1681.5;En proceso;;;;;2024
Decisi¢n;Col¢n;Ley 45 de 2007;45579;Oct 24;Falta de informaci¢n;INVERSIONES DASA;Inmobiliarias;;Vivienda;500;En proceso;;;;;2024
Decisi¢n;Col¢n;Ley 45 de 2007;45579;Oct 24;Falta de informaci¢n;CONSTRU HOGAR LTD, S.A.;Inmobiliarias;;Vivienda;500;En proceso;;;;;2024
Decisi¢n;Col¢n;Ley 45 de 2007;45581;Oct 24;Falta de informaci¢n;BOMBASA;Servicio de intermediaci¢n;;Bomba de agua;1800.06;En proceso;;;;;2024
Decisi¢n;Col¢n;Ley 45 de 2007;45583;Oct 24;Incumplimiento de garant°a;SUPER AUDIO;AlmacÇn por departamentos;;Refrigeradora;390;En proceso;;;;;2024
Decisi¢n;Col¢n;Ley 45 de 2007;45589;Oct 24;Incumplimiento de garant°a;PANAFOTO;AlmacÇn por departamentos;Panasonic;Micro-onda;149.8;En proceso;;;;;2024
Decisi¢n;Col¢n;Ley 45 de 2007;45590;Oct 24;Incumplimiento de garant°a;SUPER AUDIO;AlmacÇn por departamentos;;TelÇfono;180;En proceso;;;;;2024
Decisi¢n;Col¢n;Ley 45 de 2007;45590;Oct 24;Incumplimiento de garant°a;PANAFOTO;AlmacÇn por departamentos;;Impresora;192.55;En proceso;;;;;2024
Decisi¢n;Col¢n;Ley 45 de 2007;45596;Oct 24;Incumplimiento de garant°a;PANAFOTO;AlmacÇn por departamentos;Whirlpool;Lavadora;382.95;En proceso;;;;;2024
Decisi¢n;Col¢n;Ley 45 de 2007;45596;Oct 24;Incumplimiento de garant°a;TITAN PANAMµ;AlmacÇn por departamentos;Nisato;Refrigeradora;577.78;En proceso;;;;;2024
Decisi¢n;Col¢n;Ley 45 de 2007;45596;Oct 24;Falta de informaci¢n;BBB SHOES;AlmacÇn por departamentos;;Zapatos;58.72;En proceso;;;;;2024
Veh°culo a Motor;Chiriqu°;Ley 14 de 2018;45573;Oct 24;Incumplimiento de garant°a;FORTUNE DISTRIBUIDORA AUTOMOTRIZ CHANGAN;Agencia de autos;Changan;Auto;28488;En proceso;;;;;2024
Veh°culo a Motor;Chiriqu°;Ley 14 de 2018;45573;Oct 24;Devoluci¢n de dinero;AUTO PARTES SILVERA;Repuestos para autos;;Pieza de Repuesto;248;En proceso;;;;;2024
Veh°culo a Motor;Chiriqu°;Ley 14 de 2018;45588;Oct 24;Incumplimiento de garant°a;GRUPO Q;Agencia de autos;Chevrolet;Auto;29890;En proceso;;;;;2024
Veh°culo a Motor;Chiriqu°;Ley 14 de 2018;45589;Oct 24;Incumplimiento de garant°a;REFRI AUTO PITTY;Servicios Profesionales;;Aire acondicionado;290;En proceso;;;;;2024
Decisi¢n;Chiriqu°;Ley 45 de 2007;45566;Oct 24;Incumplimiento de garant°a;ESTAMPA;AlmacÇn de ropa y calzados;;;45.9;En proceso;;;;;2024
Decisi¢n;Chiriqu°;Ley 45 de 2007;45568;Oct 24;Devoluci¢n de dinero;PRADERAS DE LA RIVIERA, S.A.;Inmobiliarias;;Vivienda;1195;En proceso;;;;;2024
Decisi¢n;Chiriqu°;Ley 45 de 2007;45572;Oct 24;Incumplimiento de garant°a;HOME MAX CENTER, S.A.;ElectrodomÇsticos/equipos electr¢nicos;Nisato;Lavadora;299.99;En proceso;;;;;2024
Decisi¢n;Chiriqu°;Ley 45 de 2007;45572;Oct 24;Devoluci¢n de dinero;OPTICA SOSA Y ARANGO;Opticas;;;115.56;En proceso;;;;;2024
Decisi¢n;Chiriqu°;Ley 45 de 2007;45586;Oct 24;Devoluci¢n de dinero;INMOBILIARIA GRUPO OH, S.A.;Inmobiliarias;;Vivienda;2720;En proceso;;;;;2024
Decisi¢n;Chiriqu°;Ley 45 de 2007;45587;Oct 24;Incumplimiento de garant°a;MOVIL CORP;AlmacÇn por departamentos;;Celular;38;En proceso;;;;;2024
Decisi¢n;Chiriqu°;Ley 45 de 2007;45588;Oct 24;Incumplimiento de garant°a;PANAFOTO;ElectrodomÇsticos/equipos electr¢nicos;;Televisor;319.95;En proceso;;;;;2024
Decisi¢n;Chiriqu°;Ley 45 de 2007;45589;Oct 24;Devoluci¢n de dinero;MULTIVACACIONES DECAMERON;Agencias de viajes;;;904;En proceso;;;;;2024
Decisi¢n;Chiriqu°;Ley 45 de 2007;45589;Oct 24;Resoluci¢n de contrato;SKY PANAMµ;Tv por cable;;;34.49;En proceso;;;;;2024
Decisi¢n;Chiriqu°;Ley 45 de 2007;45590;Oct 24;Incumplimiento de garant°a;PANAFOTO;ElectrodomÇsticos/equipos electr¢nicos;Samsung;Reloj;208.6;En proceso;;;;;2024
Decisi¢n;Chiriqu°;Ley 45 de 2007;45590;Oct 24;Devoluci¢n de dinero;GRUPO F1;Inmobiliarias;;Vivienda;1100;En proceso;;;;;2024
Decisi¢n;Chiriqu°;Ley 45 de 2007;45593;Oct 24;Incumplimiento de garant°a;SEARCH ENGINE BUSINESS, INC.;ElectrodomÇsticos/equipos electr¢nicos;LG;Centro de lavado;192.23;En proceso;;;;;2024
Decisi¢n;Chiriqu°;Ley 45 de 2007;45595;Oct 24;Devoluci¢n de dinero;BRUSEN, S.A.;Inmobiliarias;;Vivienda;450;En proceso;;;;;2024
Veh°culo a Motor;Herrera;Ley 14 de 2018;45572;Oct 24;Falta de informaci¢n;COMPRA Y VENTA DE AUTOS MAR÷A;Venta de autos usados;Hyundai;Auto;100;En proceso;;;;;2024
Decisi¢n;Herrera;Ley 45 de 2007;45567;Oct 24;Incumplimiento de servicio;RAVIC SPORT;AlmacÇn de ropa y calzados;;;15.46;Desistimiento;;45609;Nov 24;2024;2024
Decisi¢n;Herrera;Ley 45 de 2007;45568;Oct 24;Rescindir contrato;SKY PANAMµ;Tv por cable;;;23.99;En proceso;;;;;2024
Decisi¢n;Herrera;Ley 45 de 2007;45569;Oct 24;Rescindir contrato;SKY PANAMµ;Tv por cable;;;19.98;En proceso;;;;;2024
Decisi¢n;Herrera;Ley 45 de 2007;45572;Oct 24;Anulaci¢n de contrato;SKY PANAMµ;Tv por cable;;;44.66;En proceso;;;;;2024
Decisi¢n;Herrera;Ley 45 de 2007;45576;Oct 24;Incumplimiento de garant°a;MACHETAZO / CIA GOLY;Supermercados;HP;Impresora;202.18;En proceso;;;;;2024
Decisi¢n;Herrera;Ley 45 de 2007;45576;Oct 24;Rescindir contrato;SKY PANAMµ;Tv por cable;;;25;En proceso;;;;;2024
Decisi¢n;Herrera;Ley 45 de 2007;45582;Oct 24;Rescindir contrato;SKY PANAMµ;Tv por cable;;;24;En proceso;;;;;2024
Decisi¢n;Herrera;Ley 45 de 2007;45586;Oct 24;Rescindir contrato;SKY PANAMµ;Tv por cable;;;20;En proceso;;;;;2024
Decisi¢n;Herrera;Ley 45 de 2007;45587;Oct 24;Rescindir contrato;SKY PANAMµ;Tv por cable;;;23.99;En proceso;;;;;2024
Decisi¢n;Herrera;Ley 45 de 2007;45594;Oct 24;Rescindir contrato;SKY PANAMµ;Telefonia;;;20;En proceso;;;;;2024
Decisi¢n;Herrera;Ley 45 de 2007;45594;Oct 24;Rescindir contrato;SKY PANAMµ;Telefonia;;;20;En proceso;;;;;2024
Decisi¢n;Herrera;Ley 45 de 2007;45594;Oct 24;Rescindir contrato;SKY PANAMµ;Telefonia;;;19.99;En proceso;;;;;2024
Decisi¢n;Herrera;Ley 45 de 2007;45594;Oct 24;Rescindir contrato;SKY PANAMµ;Telefonia;;;29.6;En proceso;;;;;2024
Decisi¢n;Herrera;Ley 45 de 2007;45594;Oct 24;Rescindir contrato;SKY PANAMµ;Tv por cable;;;22.92;En proceso;;;;;2024
Decisi¢n;Herrera;Ley 45 de 2007;45595;Oct 24;Anulaci¢n de contrato;SKY PANAMµ;Tv por cable;;;20;En proceso;;;;;2024
Decisi¢n;Herrera;Ley 45 de 2007;45596;Oct 24;Rescindir contrato;SKY PANAMµ;Telefonia;;;23.99;En proceso;;;;;2024
Veh°culo a Motor;Los Santos;Ley 14 de 2018;45589;Oct 24;Devoluci¢n de dinero;REPUESTOS 88;Repuestos para autos;;Pieza de Repuesto;117.7;En proceso;;;;;2024
Decisi¢n;Los Santos;Ley 45 de 2007;45567;Oct 24;Rescindir contrato;SKY PANAMµ;Comunicaciones / internet;;;315.84;En proceso;;;;;2024
Decisi¢n;Los Santos;Ley 45 de 2007;45572;Oct 24;Rescindir contrato;SKY PANAMµ;Comunicaciones / internet;;;42;En proceso;;;;;2024
Decisi¢n;Los Santos;Ley 45 de 2007;45579;Oct 24;Incumplimiento de garant°a;MEGA HOUSE INTERNACIONAL, S.A.;Muebler°a/equipo electr¢nico;RCA;Refrigeradora;500;En proceso;;;;;2024
Decisi¢n;Los Santos;Ley 45 de 2007;45583;Oct 24;Rescindir contrato;SKY PANAMµ;Comunicaciones / internet;;;315.84;En proceso;;;;;2024
Decisi¢n;Los Santos;Ley 45 de 2007;45583;Oct 24;Rescindir contrato;SKY PANAMµ;Comunicaciones / internet;;;240;En proceso;;;;;2024
Decisi¢n;Los Santos;Ley 45 de 2007;45583;Oct 24;Rescindir contrato;SKY PANAMµ;Comunicaciones / internet;;;240;En proceso;;;;;2024
Decisi¢n;Los Santos;Ley 45 de 2007;45586;Oct 24;Custodia de bien;REFRIGERACI‡N RUIZ;Repuestos y reparaciones (talleres varios no autos);;Refrigeradora;1095;En proceso;;;;;2024
Decisi¢n;Los Santos;Ley 45 de 2007;45590;Oct 24;Rescindir contrato;SKY PANAMµ;Comunicaciones / internet;;;240;En proceso;;;;;2024
Veh°culo a Motor;Veraguas;Ley 14 de 2018;45574;Oct 24;Incumplimiento de garant°a;AUTOMOVLES DE VERAGUAS;Agencia de autos;MG;Auto;21994.99;En proceso;;;;;2024
Veh°culo a Motor;Veraguas;Ley 14 de 2018;45589;Oct 24;Incumplimiento de contrato;MR. CARGO BOX SANTIAGO;Servicio de intermediaci¢n;;Pieza de Repuesto;920.11;En proceso;;;;;2024
Decisi¢n;Veraguas;Ley 45 de 2007;45566;Oct 24;Resoluci¢n de contrato;CABLE & WIRELESS PANAMµ;Tv por cable;;;41.2;En proceso;;;;;2024
Decisi¢n;Veraguas;Ley 45 de 2007;45568;Oct 24;Falta de informaci¢n;PANAFOTO;AlmacÇn por departamentos;;Televisor;309.23;En proceso;;;;;2024
Decisi¢n;Veraguas;Ley 45 de 2007;45581;Oct 24;Custodia de bien;FAST SERVICE CENTER;Celulares;Samsung;Tablet;500;En proceso;;;;;2024
Decisi¢n;Veraguas;Ley 45 de 2007;45583;Oct 24;Falta de informaci¢n;SPORTING SHOES;Zapater°as;;Zapatos;64.14;En proceso;;;;;2024
Decisi¢n;Veraguas;Ley 45 de 2007;45583;Oct 24;Resoluci¢n de contrato;SKY PANAMµ;Tv por cable;;;38;En proceso;;;;;2024
Decisi¢n;Veraguas;Ley 45 de 2007;45586;Oct 24;Vicio oculto;INVERSIONES Y DESARROLLO XISTANZ S.A.;Inmobiliarias;;;4761.5;En proceso;;;;;2024
Decisi¢n;Veraguas;Ley 45 de 2007;45595;Oct 24;Incumplimiento de garant°a;DECO HOGAR;AlmacÇn por departamentos;Sankey;Congelador;345;En proceso;;;;;2024
Veh°culo a Motor;Pm† Oeste;Ley 14 de 2018;45580;Oct 24;Incumplimiento de garant°a;GRUPO Q;Agencia de autos;;Auto;16990;En proceso;;;;;2024
Veh°culo a Motor;Pm† Oeste;Ley 14 de 2018;45588;Oct 24;Incumplimiento de garant°a;DISTRIBUIDORA AUTOMOTRIZ FORTUNE;Agencia de autos;;Auto;19988;En proceso;;;;;2024
Veh°culo a Motor;Pm† Oeste;Ley 14 de 2018;45594;Oct 24;Incumplimiento de garant°a;AUTO SERVICIO JORGE;Taller de reparaci¢n de autos;;;412.01;En proceso;;;;;2024
Veh°culo a Motor;Pm† Oeste;Ley 14 de 2018;45596;Oct 24;Incumplimiento de servicio;REPUESTOS UNIVERSALES;Taller de reparaci¢n de autos;;;1595;En proceso;;;;;2024
Decisi¢n;Pm† Oeste;Ley 45 de 2007;45569;Oct 24;Falta de informaci¢n;CLINICA VETERINARIA DR. MEDINA, S.A.;Cl°nicas/ Hospitales;;;195.63;En proceso;;;;;2024
Decisi¢n;Pm† Oeste;Ley 45 de 2007;45569;Oct 24;Venta enga§osa;SHOES BOX - SUCURSAL No. 6;AlmacÇn de ropa y calzados;;;44.98;En proceso;;;;;2024
Decisi¢n;Pm† Oeste;Ley 45 de 2007;45572;Oct 24;Falta de informaci¢n;AIR BOX;Transporte (fletes, encomiendas y similares);;;388.91;En proceso;;;;;2024
Decisi¢n;Pm† Oeste;Ley 45 de 2007;45574;Oct 24;Falta de informaci¢n;WESTEC SERVICE;Transporte (fletes, encomiendas y similares);;;15;En proceso;;;;;2024
Decisi¢n;Pm† Oeste;Ley 45 de 2007;45574;Oct 24;Falta de informaci¢n;PANAFOTO;AlmacÇn por departamentos;;Refrigeradora;587.44;En proceso;;;;;2024
Decisi¢n;Pm† Oeste;Ley 45 de 2007;45582;Oct 24;Incumplimiento de garant°a;LA ROCA 33, S.A.;Inmobiliarias;;Vivienda;4900;En proceso;;;;;2024
Decisi¢n;Pm† Oeste;Ley 45 de 2007;45583;Oct 24;Incumplimiento de garant°a;BOMBAS Y POZOS;Repuestos y reparaciones (talleres varios no autos);;Bomba de agua;465.92;En proceso;;;;;2024
Decisi¢n;Pm† Oeste;Ley 45 de 2007;45583;Oct 24;Incumplimiento de garant°a;RODELAG;AlmacÇn por departamentos;;Refrigeradora;1048.58;En proceso;;;;;2024
Decisi¢n;Pm† Oeste;Ley 45 de 2007;45586;Oct 24;Incumplimiento de garant°a;MUEBLERIA Y JOYERIA LA CHORRERANA, S.A.;Muebler°a/equipo electr¢nico;;Refrigeradora;1966.75;En proceso;;;;;2024
Decisi¢n;Pm† Oeste;Ley 45 de 2007;45586;Oct 24;Incumplimiento de servicio;CLINICA Y SERVICIOS HOSPITALARIOS PANAMERICANOS, S.A.;Cl°nicas/ Hospitales;;;55;En proceso;;;;;2024
Decisi¢n;Pm† Oeste;Ley 45 de 2007;45586;Oct 24;Incumplimiento de contrato;VIVIAT;Inmobiliarias;;Vivienda;112.5;En proceso;;;;;2024
Decisi¢n;Pm† Oeste;Ley 45 de 2007;45587;Oct 24;Incumplimiento de garant°a;RAENCO;AlmacÇn por departamentos;;Televisor;673.03;En proceso;;;;;2024
Decisi¢n;Pm† Oeste;Ley 45 de 2007;45588;Oct 24;Incumplimiento de garant°a;PANAFOTO;AlmacÇn por departamentos;;Refrigeradora;748.95;En proceso;;;;;2024
Decisi¢n;Pm† Oeste;Ley 45 de 2007;45590;Oct 24;Incumplimiento de servicio;AIRBOX EXPRESS;Transporte (fletes, encomiendas y similares);;;243.69;En proceso;;;;;2024
Decisi¢n;Pm† Oeste;Ley 45 de 2007;45595;Oct 24;Incumplimiento de servicio;SERVICIOS ELECTRONICOS ON / OFF 247;ElectrodomÇsticos/equipos electr¢nicos;;;5000;En proceso;;;;;2024
Decisi¢n;Pm† Oeste;Ley 45 de 2007;45595;Oct 24;Incumplimiento de servicio;GRUPO ELECTROCOM, S.A.;ElectrodomÇsticos/equipos electr¢nicos;;;19.26;En proceso;;;;;2024
Decisi¢n;Pm† Este;Ley 45 de 2007;45579;Oct 24;Nota de crÇdito;INV. FERNANDEZ ESPINA HNOS, S.A./ FARANDA EXPRESS SOLOY & CASINO;Hoteles o planes vacacionales;;;350;En proceso;;;;;2024
Veh°culo a Motor;Panam†;Ley 14 de 2018;45597;Nov 24;Incumplimiento de garant°a;AUTO CLIMA PANAMµ;Repuestos y reparaciones (talleres varios no autos);Nissan;Auto;224.83;En proceso;;;;;2024
Veh°culo a Motor;Panam†;Ley 14 de 2018;45597;Nov 24;Falta de informaci¢n;ARRENDAMIENTO DE AUTOS ECON‡MICOS DE PANAMµ, S.A.;Alquiler de autos;;Auto;400;En proceso;;;;;2024
Veh°culo a Motor;Panam†;Ley 14 de 2018;45597;Nov 24;Incumplimiento de servicio;ESTACION TEXACO RIGEL;Estaciones de gasolinas;KIA;Auto;794.66;En proceso;;;;;2024
Veh°culo a Motor;Panam†;Ley 14 de 2018;45602;Nov 24;Incumplimiento de servicio;COMPA•÷A CHIRICANA DE AUTOMOVILES, S.A.;Agencia de autos;Hyundai;Auto;18200;En proceso;;;;;2024
Veh°culo a Motor;Panam†;Ley 14 de 2018;45603;Nov 24;Falta de informaci¢n;CAPITAL CAR CASH CORP;Venta de autos usados;Toyota;Auto;5000;En proceso;;;;;2024
Veh°culo a Motor;Panam†;Ley 14 de 2018;45608;Nov 24;Incumplimiento de servicio;TALLER E INVERSIONES JD;Taller de reparaci¢n de autos;Hyundai;Auto;430;En proceso;;;;;2024
Veh°culo a Motor;Panam†;Ley 14 de 2018;45608;Nov 24;Incumplimiento de garant°a;SCHUBERT GROUP CORP;Agencia de autos;Dongfeng;Auto;30000;En proceso;;;;;2024
Veh°culo a Motor;Panam†;Ley 14 de 2018;45608;Nov 24;Incumplimiento de servicio;MULTISERVICIOS GEA CORP GROUP;Servicios de instalaci¢n;Nissan;Auto;500;En proceso;;;;;2024
Veh°culo a Motor;Panam†;Ley 14 de 2018;45609;Nov 24;Incumplimiento de garant°a;CHECK ENGINE INTERNATIONAL, S.A.;Taller de reparaci¢n de autos;Hyundai;Auto;2856.88;En proceso;;;;;2024
Veh°culo a Motor;Panam†;Ley 14 de 2018;45609;Nov 24;Incumplimiento de garant°a;JB MOTORES, INC.;Venta de autos usados;Nissan;Auto;975.03;En proceso;;;;;2024
Veh°culo a Motor;Panam†;Ley 14 de 2018;45611;Nov 24;Incumplimiento de garant°a;COMPA•÷A CHIRICANA DE AUTOMOVILES, S.A.;Agencia de autos;Mitsubishi;Auto;25995;En proceso;;;;;2024
Veh°culo a Motor;Panam†;Ley 14 de 2018;45611;Nov 24;Incumplimiento de garant°a;LA CASA DE LAS BATERIAS;Repuestos para autos;Ford;Auto;100.03;En proceso;;;;;2024
Veh°culo a Motor;Panam†;Ley 14 de 2018;45611;Nov 24;Incumplimiento de garant°a;GRUPO SILABA;Agencia de autos;KIA;Auto;29595;En proceso;;;;;2024
Veh°culo a Motor;Panam†;Ley 14 de 2018;45614;Nov 24;Incumplimiento de servicio;RICARDO PEREZ, S.A.;Agencia de autos;Toyota;Auto;1506.08;En proceso;;;;;2024
Veh°culo a Motor;Panam†;Ley 14 de 2018;45614;Nov 24;Incumplimiento de garant°a;AUTOSTAR;Agencia de autos;JEEP;Auto;27840;En proceso;;;;;2024
Veh°culo a Motor;Panam†;Ley 14 de 2018;45615;Nov 24;Incumplimiento de servicio;TALLER PRETTY LOOK;Taller de reparaci¢n de autos;Hyundai;Auto;1430;En proceso;;;;;2024
Veh°culo a Motor;Panam†;Ley 14 de 2018;45616;Nov 24;Incumplimiento de garant°a;DISTRIBUIDORA AUTOMOTRIZ FORTUNE;Agencia de autos;Changan;Auto;16488;En proceso;;;;;2024
Veh°culo a Motor;Panam†;Ley 14 de 2018;45618;Nov 24;Falta de informaci¢n;GALLERY CARS;Venta de autos usados;KIA;Auto;6300;En proceso;;;;;2024
Veh°culo a Motor;Panam†;Ley 14 de 2018;45618;Nov 24;Custodia de bien;AUTO REPUESTOS LUCKY;Taller de reparaci¢n de autos;Toyota;Auto;4451.68;En proceso;;;;;2024
Veh°culo a Motor;Panam†;Ley 14 de 2018;45618;Nov 24;Custodia de bien;TALLER Y AUTO REPUESTO VHAS, S.A.;Taller de reparaci¢n de autos;Honda;Auto;0;En proceso;;;;;2024
Veh°culo a Motor;Panam†;Ley 14 de 2018;45621;Nov 24;Falta de informaci¢n;MOOVING;Alquiler de autos;;Auto;400;En proceso;;;;;2024
Veh°culo a Motor;Panam†;Ley 14 de 2018;45622;Nov 24;Incumplimiento de garant°a;GRUPO AUTO COMERCIAL, S.A.;Agencia de autos;GAC;Auto;18500;En proceso;;;;;2024
Veh°culo a Motor;Panam†;Ley 14 de 2018;45623;Nov 24;Falta de informaci¢n;DREAM CARS;Venta de autos usados;Toyota;Auto;432.03;En proceso;;;;;2024
Veh°culo a Motor;Panam†;Ley 14 de 2018;45623;Nov 24;Incumplimiento de servicio;MASTER CAR SHOP;Taller de reparaci¢n de autos;Hyundai;Auto;2500;En proceso;;;;;2024
Veracidad;Panam†;Ley 45 de 2007;45610;Nov 24;Veracidad de la publicidad;MG LOGISTIC;Transporte (fletes, encomiendas y similares);;;24;En proceso;;;;;2024
Decisi¢n;Panam†;Ley 45 de 2007;45597;Nov 24;Incumplimiento de garant°a;RODELAG;AlmacÇn por departamentos;Hisense;Refrigeradora;481.48;En proceso;;;;;2024
Decisi¢n;Panam†;Ley 45 de 2007;45603;Nov 24;Falta de informaci¢n;INVERSIONES EL CREPÈSCULO, S.A.;Funerarias;;;31;En proceso;;;;;2024
Decisi¢n;Panam†;Ley 45 de 2007;45603;Nov 24;Falta de informaci¢n;INVERSIONES EL CREPÈSCULO, S.A.;Funerarias;;;31;En proceso;;;;;2024
Decisi¢n;Panam†;Ley 45 de 2007;45604;Nov 24;Incumplimiento de garant°a;MAC STORE;Computadoras;;Computadora;588.39;En proceso;;;;;2024
Decisi¢n;Panam†;Ley 45 de 2007;45603;Nov 24;Incumplimiento de garant°a;RODELAG;AlmacÇn por departamentos;;;1530.01;Desistimiento;;45618;Nov 24;2024;2024
Decisi¢n;Panam†;Ley 45 de 2007;45604;Nov 24;Resoluci¢n de contrato;SMART FIT;Gimnasio y centros deportivos;;;34.23;En proceso;;;;;2024
Decisi¢n;Panam†;Ley 45 de 2007;45604;Nov 24;Falta de informaci¢n;INVERSIONES EL CREPÈSCULO, S.A.;Funerarias;;;22;En proceso;;;;;2024
Decisi¢n;Panam†;Ley 45 de 2007;45603;Nov 24;Incumplimiento de garant°a;RODELAG;AlmacÇn por departamentos;Samsung;Celular;1123.49;En proceso;;;;;2024
Decisi¢n;Panam†;Ley 45 de 2007;45609;Nov 24;Falta de informaci¢n;HOGSAL LOS PUEBLOS;AlmacÇn por departamentos;;;1064.67;En proceso;;;;;2024
Decisi¢n;Panam†;Ley 45 de 2007;45604;Nov 24;Incumplimiento de garant°a;PREMIER;ElectrodomÇsticos/equipos electr¢nicos;Premier;Lavadora;181.89;En proceso;;;;;2024
Decisi¢n;Panam†;Ley 45 de 2007;45609;Nov 24;Falta de informaci¢n;MAC STORE;Celulares;;Refrigeradora;53.54;En proceso;;;;;2024
Decisi¢n;Panam†;Ley 45 de 2007;45604;Nov 24;Incumplimiento de garant°a;HOGSAL EL DORADO;AlmacÇn por departamentos;;Sillas;765;En proceso;;;;;2024
Decisi¢n;Panam†;Ley 45 de 2007;45604;Nov 24;Incumplimiento de servicio;TSB CARGO;Servicio de intermediaci¢n;;;24;Desistimiento;;45623;Nov 24;2024;2024
Decisi¢n;Panam†;Ley 45 de 2007;45604;Nov 24;Incumplimiento de garant°a;TITAN PANAMµ;AlmacÇn por departamentos;Whirlpool;Congelador;609.89;En proceso;;;;;2024
Decisi¢n;Panam†;Ley 45 de 2007;45625;Nov 24;Resoluci¢n de contrato;MAS MOVIL;Telefonia;;;42.05;En proceso;;;;;2024
Decisi¢n;Panam†;Ley 45 de 2007;45609;Nov 24;Incumplimiento de servicio;MUEBLES KAIROS;Muebler°as;;Refrigeradora;439.37;En proceso;;;;;2024
Decisi¢n;Panam†;Ley 45 de 2007;45609;Nov 24;Falta de informaci¢n;ESCUELA DE MANEJO EL CENTENARIO;Escuela de manejo;;;250;En proceso;;;;;2024
Decisi¢n;Panam†;Ley 45 de 2007;45609;Nov 24;Incumplimiento de garant°a;RAENCO;ElectrodomÇsticos/equipos electr¢nicos;;Extractor de grasa;96.25;En proceso;;;;;2024
Decisi¢n;Panam†;Ley 45 de 2007;45611;Nov 24;Incumplimiento de garant°a;DIGITAL CITY;ElectrodomÇsticos/equipos electr¢nicos;Samsung;Refrigeradora;430;En proceso;;;;;2024
Decisi¢n;Panam†;Ley 45 de 2007;45609;Nov 24;Incumplimiento de garant°a;PANAFOTO;ElectrodomÇsticos/equipos electr¢nicos;Asus;Laptop;1305.05;En proceso;;;;;2024
Decisi¢n;Panam†;Ley 45 de 2007;45611;Nov 24;Custodia de bien;LILITECH LAPTOPS & MORE;Computadoras;Apple;Laptop;286.5;En proceso;;;;;2024
Decisi¢n;Panam†;Ley 45 de 2007;45611;Nov 24;Falta de informaci¢n;INVERSIONES EL CREPÈSCULO, S.A.;Funerarias;;;24;En proceso;;;;;2024
Decisi¢n;Panam†;Ley 45 de 2007;45609;Nov 24;Incumplimiento de garant°a;PANAFOTO;ElectrodomÇsticos/equipos electr¢nicos;;Aire acondicionado;298.53;En proceso;;;;;2024
Decisi¢n;Panam†;Ley 45 de 2007;45611;Nov 24;Incumplimiento de garant°a;TOOLS CENTER M8, S.A.;ElectrodomÇsticos/equipos electr¢nicos;;Motosierra;131.38;En proceso;;;;;2024
Decisi¢n;Panam†;Ley 45 de 2007;45621;Nov 24;Incumplimiento de garant°a;RAENCO;AlmacÇn por departamentos;;;468.48;En proceso;;;;;2024
Decisi¢n;Panam†;Ley 45 de 2007;45611;Nov 24;Incumplimiento de garant°a;RAENCO;AlmacÇn por departamentos;Whirlpool;Refrigeradora;705.13;En proceso;;;;;2024
Decisi¢n;Panam†;Ley 45 de 2007;45611;Nov 24;Incumplimiento de servicio;MASTER COOL CORP, S.A.;Servicios Profesionales;;;4400;En proceso;;;;;2024
Decisi¢n;Panam†;Ley 45 de 2007;45614;Nov 24;Falta de informaci¢n;EL SITIO HOTEL;Hoteles o planes vacacionales;;;705.1;En proceso;;;;;2024
Decisi¢n;Panam†;Ley 45 de 2007;45618;Nov 24;Incumplimiento de servicio;YECA MUEBLES;F†bricas de muebles;;;1900;En proceso;;;;;2024
Decisi¢n;Panam†;Ley 45 de 2007;45615;Nov 24;Incumplimiento de garant°a;LA CASA DE LAS ESTUFAS;ElectrodomÇsticos/equipos electr¢nicos;;Estufa;1695;En proceso;;;;;2024
Decisi¢n;Panam†;Ley 45 de 2007;45615;Nov 24;Incumplimiento de servicio;EEMCSA;Repuestos y reparaciones (talleres varios no autos);Sony;Televisor;497.55;En proceso;;;;;2024
Decisi¢n;Panam†;Ley 45 de 2007;45616;Nov 24;Falta de informaci¢n;INVERSIONES EL CREPÈSCULO, S.A.;Funerarias;;;26;En proceso;;;;;2024
Decisi¢n;Panam†;Ley 45 de 2007;45616;Nov 24;Falta de informaci¢n;INVERSIONES EL CREPÈSCULO, S.A.;Funerarias;;;26;En proceso;;;;;2024
Decisi¢n;Panam†;Ley 45 de 2007;45614;Nov 24;Incumplimiento de garant°a;JONYCELL;Celulares;Iphone;Celular;250;En proceso;;;;;2024
Decisi¢n;Panam†;Ley 45 de 2007;45615;Nov 24;Falta de informaci¢n;INVERSIONES EL CREPÈSCULO, S.A.;Funerarias;;;26;En proceso;;;;;2024
Decisi¢n;Panam†;Ley 45 de 2007;45618;Nov 24;Incumplimiento de servicio;KARRARA STONE, S.A.;F†bricas de muebles;;;2600;En proceso;;;;;2024
Decisi¢n;Panam†;Ley 45 de 2007;45615;Nov 24;Falta de informaci¢n;INVERSIONES EL CREPÈSCULO, S.A.;Funerarias;;;31;En proceso;;;;;2024
Decisi¢n;Panam†;Ley 45 de 2007;45618;Nov 24;Falta de informaci¢n;OPTICA SOSA Y ARANGO;Opticas;;;64.2;En proceso;;;;;2024
Decisi¢n;Panam†;Ley 45 de 2007;45618;Nov 24;Resoluci¢n de contrato;DECAMERON;Hoteles o planes vacacionales;;;2600;Desistimiento;;45625;Nov 24;2024;2024
Decisi¢n;Panam†;Ley 45 de 2007;45617;Nov 24;Incumplimiento de garant°a;DOIT CENTER;ElectrodomÇsticos/equipos electr¢nicos;Frigidaire;Lavadora;449.37;En proceso;;;;;2024
Decisi¢n;Panam†;Ley 45 de 2007;45617;Nov 24;Incumplimiento de servicio;CM IT SOLUTIONS;Repuestos y reparaciones (talleres varios no autos);Sony;Televisor;1818.95;En proceso;;;;;2024
Decisi¢n;Panam†;Ley 45 de 2007;45617;Nov 24;Incumplimiento de garant°a;PANAFOTO;ElectrodomÇsticos/equipos electr¢nicos;Hisense;Televisor;411.95;En proceso;;;;;2024
Decisi¢n;Panam†;Ley 45 de 2007;45623;Nov 24;Incumplimiento de garant°a;RAENCO;AlmacÇn por departamentos;HP;Laptop;555.33;En proceso;;;;;2024
Decisi¢n;Panam†;Ley 45 de 2007;45617;Nov 24;Incumplimiento de garant°a;PANAFOTO;ElectrodomÇsticos/equipos electr¢nicos;LG;Lavadora;549;En proceso;;;;;2024
Decisi¢n;Panam†;Ley 45 de 2007;45618;Nov 24;Incumplimiento de garant°a;PANAFOTO;ElectrodomÇsticos/equipos electr¢nicos;Samsung;Estufa;460.11;En proceso;;;;;2024
Decisi¢n;Panam†;Ley 45 de 2007;45618;Nov 24;Incumplimiento de servicio;DLASH BAR VERSALLES;Sal¢n de belleza;;;83.46;En proceso;;;;;2024
Decisi¢n;Panam†;Ley 45 de 2007;45621;Nov 24;Incumplimiento de servicio;SALVADOR MIRALLES CEROSOLA;Servicios Profesionales;;;4895;En proceso;;;;;2024
Decisi¢n;Panam†;Ley 45 de 2007;45618;Nov 24;Falta de informaci¢n;OPTIMAX VISUAL CENTER;Opticas;;;90.5;En proceso;;;;;2024
Decisi¢n;Panam†;Ley 45 de 2007;45621;Nov 24;Incumplimiento de servicio;KOPYBOX;Servicio de intermediaci¢n;;;99.99;En proceso;;;;;2024
Decisi¢n;Panam†;Ley 45 de 2007;45618;Nov 24;Falta de informaci¢n;OPTICA SOSA Y ARANGO;Opticas;;Lentes;175.27;En proceso;;;;;2024
Decisi¢n;Panam†;Ley 45 de 2007;45621;Nov 24;Incumplimiento de garant°a;OPTICAS CENTRO VISUAL;Opticas;;;42.8;En proceso;;;;;2024
Decisi¢n;Panam†;Ley 45 de 2007;45623;Nov 24;Incumplimiento de servicio;OPTIMAX VISUAL CENTER;Opticas;;;224.7;En proceso;;;;;2024
Decisi¢n;Panam†;Ley 45 de 2007;45621;Nov 24;Falta de informaci¢n;INVERSIONES EL CREPÈSCULO, S.A.;Funerarias;;;26;En proceso;;;;;2024
Decisi¢n;Panam†;Ley 45 de 2007;45623;Nov 24;Incumplimiento de garant°a;GEO.F. NOVEY INC.;AlmacÇn por departamentos;;;318.29;En proceso;;;;;2024
Decisi¢n;Panam†;Ley 45 de 2007;45623;Nov 24;Incumplimiento de garant°a;DO IT CENTER;AlmacÇn por departamentos;Samsung;Refrigeradora;439.98;En proceso;;;;;2024
Decisi¢n;Panam†;Ley 45 de 2007;45623;Nov 24;Incumplimiento de garant°a;DO IT CENTER;AlmacÇn por departamentos;;Refrigeradora;540.98;En proceso;;;;;2024
Decisi¢n;Panam†;Ley 45 de 2007;45623;Nov 24;Incumplimiento de garant°a;RAENCO;AlmacÇn por departamentos;Whirlpool;Lavadora;426.93;En proceso;;;;;2024
Decisi¢n;Panam†;Ley 45 de 2007;45625;Nov 24;Incumplimiento de garant°a;SUPERMERCADO REY;Supermercados;Westinghouse;Televisor;309.23;En proceso;;;;;2024
Decisi¢n;Panam†;Ley 45 de 2007;45625;Nov 24;Incumplimiento de garant°a;MULTIPASOS, S.A.;AlmacÇn de ropa y calzados;;;176.5;En proceso;;;;;2024
Decisi¢n;Panam†;Ley 45 de 2007;45625;Nov 24;Incumplimiento de garant°a;PREMIER UNIVERSE, S.A.;ElectrodomÇsticos/equipos electr¢nicos;Premier;Televisor;320.99;En proceso;;;;;2024
Decisi¢n;Panam†;Ley 45 de 2007;45625;Nov 24;Incumplimiento de servicio;FOTO SONIDO;ElectrodomÇsticos/equipos electr¢nicos;Mystic;Estufa;15;En proceso;;;;;2024
Decisi¢n;Panam†;Ley 45 de 2007;45625;Nov 24;Incumplimiento de servicio;OPTICA SOSA Y ARANGO;Opticas;;;90.57;En proceso;;;;;2024
Decisi¢n;Panam†;Ley 45 de 2007;45625;Nov 24;Incumplimiento de garant°a;GRUPO DE COMUNICACIONES DIGITALES, S.A.;Telefonia;Iphone;Celular;748.95;En proceso;;;;;2024
Decisi¢n;Panam†;Ley 45 de 2007;45625;Nov 24;Falta de informaci¢n;INVERSIONES EL CREPÈSCULO, S.A.;Funerarias;;;31;En proceso;;;;;2024
Decisi¢n;Panam†;Ley 45 de 2007;45625;Nov 24;Incumplimiento de garant°a;PREMIER;ElectrodomÇsticos/equipos electr¢nicos;Premier;DVD;17.12;En proceso;;;;;2024
Decisi¢n;Panam†;Ley 45 de 2007;45609;Nov 24;Falta de informaci¢n;ELECTRO IMPORT;ElectrodomÇsticos/equipos electr¢nicos;;Reloj;37.44;En proceso;;;;;2024
Decisi¢n;Panam†;Ley 45 de 2007;45622;Nov 24;Incumplimiento de garant°a;ECONOPRECIOS, S.A.;Muebler°as;;Sillas;1621.05;En proceso;;;;;2024
Decisi¢n;Panam†;Ley 45 de 2007;45602;Nov 24;Incumplimiento de garant°a;RODELAG;AlmacÇn por departamentos;LG;Televisor;460;En proceso;;;;;2024
Decisi¢n;Panam†;Ley 45 de 2007;45602;Nov 24;Devoluci¢n de dinero;DESARROLLADORES DE PROYECTOS Y URBANIZACIONES, S.A.;Inmobiliarias;;;375;En proceso;;;;;2024
Decisi¢n;Panam†;Ley 45 de 2007;45602;Nov 24;Devoluci¢n de dinero;DESARROLLADORES DE PROYECTOS Y URBANIZACIONES, S.A.;Inmobiliarias;;;430;En proceso;;;;;2024
Decisi¢n;Panam†;Ley 45 de 2007;45602;Nov 24;Devoluci¢n de dinero;DESARROLLADORES DE PROYECTOS Y URBANIZACIONES, S.A.;Inmobiliarias;;;328;En proceso;;;;;2024
Decisi¢n;Panam†;Ley 45 de 2007;45597;Nov 24;Devoluci¢n de dinero;DESARROLLADORES DE PROYECTOS Y URBANIZACIONES, S.A.;Inmobiliarias;;;359;En proceso;;;;;2024
Decisi¢n;Panam†;Ley 45 de 2007;45609;Nov 24;Anulaci¢n de contrato;PROMOTORA CASAS PACIFICAS;Inmobiliarias;;;2540;En proceso;;;;;2024
Decisi¢n;Panam†;Ley 45 de 2007;45611;Nov 24;Incumplimiento de garant°a;RAENCO;AlmacÇn por departamentos;Sony;Televisor;519.99;En proceso;;;;;2024
Decisi¢n;Panam†;Ley 45 de 2007;45622;Nov 24;Incumplimiento de garant°a;INOX DESIGNS S.A.;Servicios Profesionales;;;1016.5;En proceso;;;;;2024
Decisi¢n;Panam†;Ley 45 de 2007;45610;Nov 24;Resoluci¢n de contrato;TIGO PANAMµ;Telefonia;;;45.93;En proceso;;;;;2024
Decisi¢n;Panam†;Ley 45 de 2007;45622;Nov 24;Incumplimiento de garant°a;RODELAG;ElectrodomÇsticos/equipos electr¢nicos;LG;Estufa;699.99;En proceso;;;;;2024
Veh°culo a Motor;CoclÇ;Ley 14 de 2018;45609;Nov 24;Incumplimiento de garant°a;PACIFIC CENTRAL MOTORS;Agencia de motos;;Moto;9095;En proceso;;;;;2024
Decisi¢n;CoclÇ;Ley 45 de 2007;45597;Nov 24;Resoluci¢n de contrato;SKY PANAMµ;Motores (no autos);;;37.13;En proceso;;;;;2024
Decisi¢n;CoclÇ;Ley 45 de 2007;45609;Nov 24;Incumplimiento de servicio;CELULAR COPY CENTER;AlmacÇn por departamentos;;Celular;35;En proceso;;;;;2024
Decisi¢n;CoclÇ;Ley 45 de 2007;45625;Nov 24;Resoluci¢n de contrato;PLAYA BLANCA SIGNATURE, S.A.;Motores (no autos);;;4500;En proceso;;;;;2024
Decisi¢n;Col¢n;Ley 45 de 2007;45608;Nov 24;Incumplimiento de garant°a;PANAFOTO;ElectrodomÇsticos/equipos electr¢nicos;TTC;Televisor;558.99;En proceso;;;;;2024
Decisi¢n;Col¢n;Ley 45 de 2007;45610;Nov 24;Incumplimiento de garant°a;PANAFOTO;ElectrodomÇsticos/equipos electr¢nicos;TTC;Tablet;171.15;En proceso;;;;;2024
Decisi¢n;Col¢n;Ley 45 de 2007;45614;Nov 24;Falta de informaci¢n;INVERSIONES EL CREPUSCULO, S.A.;Ferreter°as, materiales de construccion o similares;;;24;En proceso;;;;;2024
Decisi¢n;Col¢n;Ley 45 de 2007;45621;Nov 24;Falta de informaci¢n;INVERSIONES EL CREPUSCULO, S.A.;Ferreter°as, materiales de construccion o similares;;;26;En proceso;;;;;2024
Decisi¢n;Col¢n;Ley 45 de 2007;45625;Nov 24;Incumplimiento de garant°a;LA CARRETILLA;ElectrodomÇsticos/equipos electr¢nicos;Whirlpool;Refrigeradora;1027.19;En proceso;;;;;2024
Decisi¢n;Col¢n;Ley 45 de 2007;45625;Nov 24;Incumplimiento de garant°a;SUPER AUDIO;ElectrodomÇsticos/equipos electr¢nicos;Mabe;Estufa;390;En proceso;;;;;2024
Veh°culo a Motor;Chiriqu°;Ley 14 de 2018;45621;Nov 24;Incumplimiento de garant°a;GRUPO Q INVESTMENTS, S.A.;Venta de autos usados;Chevrolet;Auto;19690.01;En proceso;;;;;2024
Veh°culo a Motor;Chiriqu°;Ley 14 de 2018;45597;Nov 24;Incumplimiento de garant°a;GRUPO SILABA;Agencia de autos;KIA;Auto;28295.01;En proceso;;;;;2024
Veh°culo a Motor;Chiriqu°;Ley 14 de 2018;45614;Nov 24;Incumplimiento de garant°a;COMPA•÷A CHIRICANA DE AUTOMOVILES, S.A.;Venta de autos usados;Mitsubishi;Auto;23500;En proceso;;;;;2024
Decisi¢n;Chiriqu°;Ley 45 de 2007;45621;Nov 24;Incumplimiento de garant°a;AUTO PARTES R.P.;Agencia de motos;;Moto;2120;En proceso;;;;;2024
Decisi¢n;Chiriqu°;Ley 45 de 2007;45597;Nov 24;Resoluci¢n de contrato;SKY PANAMµ;Motores (no autos);;;21;En proceso;;;;;2024
Decisi¢n;Chiriqu°;Ley 45 de 2007;45597;Nov 24;Devoluci¢n de dinero;INMOBILIARIA GRUPO OH, S.A.;Cursos de inglÇs;;;4800;En proceso;;;;;2024
Decisi¢n;Chiriqu°;Ley 45 de 2007;45602;Nov 24;Devoluci¢n de dinero;A.S. COPRPORATE GROUP, INC.;Cursos de inglÇs;;;975;En proceso;;;;;2024
Decisi¢n;Chiriqu°;Ley 45 de 2007;45603;Nov 24;Devoluci¢n de dinero;EL COSTO;Cursos de inglÇs;;;5;En proceso;;;;;2024
Decisi¢n;Chiriqu°;Ley 45 de 2007;45604;Nov 24;Incumplimiento de garant°a;BLUE LING, S.A.;Imprentas;;Tinta de impresora;65.81;En proceso;;;;;2024
Decisi¢n;Chiriqu°;Ley 45 de 2007;45602;Nov 24;Resoluci¢n de contrato;SKY PANAMµ;Motores (no autos);;;20;En proceso;;;;;2024
Decisi¢n;Chiriqu°;Ley 45 de 2007;45616;Nov 24;Incumplimiento de garant°a;RODELAG;ElectrodomÇsticos/equipos electr¢nicos;Samsung;Lavadora;899.99;En proceso;;;;;2024
Decisi¢n;Chiriqu°;Ley 45 de 2007;45618;Nov 24;Incumplimiento de garant°a;MOVIL PLUS;Celulares;REDMI;Celular;95;En proceso;;;;;2024
Decisi¢n;Chiriqu°;Ley 45 de 2007;45618;Nov 24;Resoluci¢n de contrato;CABLE & WIRELESS PANAMµ;Motores (no autos);;;34;En proceso;;;;;2024
Decisi¢n;Chiriqu°;Ley 45 de 2007;45618;Nov 24;Devoluci¢n de dinero;PROYENCOSA, S.A.;Cursos de inglÇs;;Vivienda;250;En proceso;;;;;2024
Decisi¢n;Chiriqu°;Ley 45 de 2007;45618;Nov 24;Devoluci¢n de dinero;MARIA LUGO COSMIATRIA & SPA;Cursos de inglÇs;;;500;En proceso;;;;;2024
Decisi¢n;Chiriqu°;Ley 45 de 2007;45621;Nov 24;Incumplimiento de garant°a;FERRETERIA Y AUTO ACCESORIOS DAVID;Motores (no autos);;Motosierra;203.28;En proceso;;;;;2024
Decisi¢n;Chiriqu°;Ley 45 de 2007;45621;Nov 24;Incumplimiento de contrato;C.C.T. PANAMA;AlmacÇn de ropa y calzados;;;440;En proceso;;;;;2024
Decisi¢n;Herrera;Ley 45 de 2007;45602;Nov 24;Rescindir contrato;SKY PANAMµ;Repuestos y reparaciones (talleres varios no autos);;;24;En proceso;;;;;2024
Decisi¢n;Herrera;Ley 45 de 2007;45609;Nov 24;Incumplimiento de garant°a;CORPORACION MEGA DIESEL S.A.;Agencia de autos;;;670;En proceso;;;;;2024
Decisi¢n;Herrera;Ley 45 de 2007;45610;Nov 24;Rescindir contrato;SKY PANAMµ;Repuestos y reparaciones (talleres varios no autos);;;24;En proceso;;;;;2024
Decisi¢n;Herrera;Ley 45 de 2007;45610;Nov 24;Rescindir contrato;SKY PANAMµ;Repuestos y reparaciones (talleres varios no autos);;;28;En proceso;;;;;2024
Decisi¢n;Herrera;Ley 45 de 2007;45618;Nov 24;Rescindir contrato;SKY PANAMµ;Repuestos y reparaciones (talleres varios no autos);;;26.32;En proceso;;;;;2024
Decisi¢n;Los Santos;Ley 45 de 2007;45609;Nov 24;Falta de informaci¢n;ECONOMUEBLES;Ferreter°as, materiales de construccion o similares;;;427.99;Desistimiento;427.99;45618;Nov 24;2024;2024
Decisi¢n;Los Santos;Ley 45 de 2007;45609;Nov 24;Falta de informaci¢n;MUEBLES MEZA PANAMµ, S.A.;Muebler°a/equipo electr¢nico;Sankey;Televisor;340;En proceso;;;;;2024
Decisi¢n;Los Santos;Ley 45 de 2007;45614;Nov 24;Incumplimiento de garant°a;SKY PANAMµ;Agencia de autos;;;240;En proceso;;;;;2024
Decisi¢n;Los Santos;Ley 45 de 2007;45617;Nov 24;Rescindir contrato;SKY PANAMµ;Repuestos y reparaciones (talleres varios no autos);;;445.68;En proceso;;;;;2024
Decisi¢n;Los Santos;Ley 45 de 2007;45618;Nov 24;Rescindir contrato;SKY PANAMµ;Repuestos y reparaciones (talleres varios no autos);;;287.88;En proceso;;;;;2024
Decisi¢n;Los Santos;Ley 45 de 2007;45618;Nov 24;Falta de informaci¢n;EL SITIO PLAYA VENAO;Ferreter°as, materiales de construccion o similares;;;1064.25;En proceso;;;;;2024
Decisi¢n;Los Santos;Ley 45 de 2007;45622;Nov 24;Incumplimiento de garant°a;ZONATEC;ElectrodomÇsticos/equipos electr¢nicos;REDMI;Celular;433.34;En proceso;;;;;2024
Decisi¢n;Veraguas;Ley 45 de 2007;45597;Nov 24;Incumplimiento de contrato;SERVICIOS Y EBANISTERIA CERRUD;AlmacÇn de ropa y calzados;;Cama;220;En proceso;;;;;2024
Decisi¢n;Veraguas;Ley 45 de 2007;45602;Nov 24;Incumplimiento de garant°a;PANAFOTO;ElectrodomÇsticos/equipos electr¢nicos;REDMI;Celular;80.2;En proceso;;;;;2024
Decisi¢n;Veraguas;Ley 45 de 2007;45603;Nov 24;Incumplimiento de garant°a;RELOJIN;Joyer°a/Relojer°as;;Reloj;127.28;En proceso;;;;;2024
Decisi¢n;Veraguas;Ley 45 de 2007;45604;Nov 24;Falta de informaci¢n;ELECTRO IMPORT;Ferreter°as, materiales de construccion o similares;;Reloj;37.44;En proceso;;;;;2024
Decisi¢n;Veraguas;Ley 45 de 2007;45609;Nov 24;Incumplimiento de garant°a;PANAFOTO;ElectrodomÇsticos/equipos electr¢nicos;HP;Laptop;802.46;En proceso;;;;;2024
Decisi¢n;Veraguas;Ley 45 de 2007;45610;Nov 24;Resoluci¢n de contrato;SKY PANAMµ;Motores (no autos);;;88.82;En proceso;;;;;2024
Decisi¢n;Veraguas;Ley 45 de 2007;45611;Nov 24;Resoluci¢n de contrato;SKY PANAMµ;Motores (no autos);;;19.97;En proceso;;;;;2024
Decisi¢n;Veraguas;Ley 45 de 2007;45614;Nov 24;Incumplimiento de garant°a;PANAFOTO;ElectrodomÇsticos/equipos electr¢nicos;HP;Computadora;586.31;En proceso;;;;;2024
Decisi¢n;Veraguas;Ley 45 de 2007;45615;Nov 24;Vicio oculto;EXPEDITO MESIAS CORTES ESCOBAR;Inmobiliarias;;Vivienda;3922.76;En proceso;;;;;2024
Decisi¢n;Veraguas;Ley 45 de 2007;45615;Nov 24;Resoluci¢n de contrato;CABLE & WIRELESS PANAMA, S.A.;Motores (no autos);;;37.2;En proceso;;;;;2024
Decisi¢n;Veraguas;Ley 45 de 2007;45616;Nov 24;Resoluci¢n de contrato;CABLE & WIRELESS PANAMA, S.A.;Motores (no autos);;;36.06;En proceso;;;;;2024
Decisi¢n;Veraguas;Ley 45 de 2007;45618;Nov 24;Resoluci¢n de contrato;CABLE & WIRELESS PANAMA, S.A.;Motores (no autos);;;55.29;En proceso;;;;;2024
Decisi¢n;Veraguas;Ley 45 de 2007;45621;Nov 24;Resoluci¢n de contrato;CABLE & WIRELESS PANAMA, S.A.;Motores (no autos);;;35.77;En proceso;;;;;2024
Decisi¢n;Veraguas;Ley 45 de 2007;45625;Nov 24;Resoluci¢n de contrato;SKY PANAMµ;Motores (no autos);;;23;En proceso;;;;;2024
Decisi¢n;Pm† Oeste;Ley 45 de 2007;45602;Nov 24;Falta de informaci¢n;AGENCIA DE VIAJES GAITAN, S.A.;Ferreter°as, materiales de construccion o similares;;;588;En proceso;;;;;2024
Decisi¢n;Pm† Oeste;Ley 45 de 2007;45602;Nov 24;Resoluci¢n de contrato;SKY PANAMµ;Motores (no autos);;;19.55;En proceso;;;;;2024
Decisi¢n;Pm† Oeste;Ley 45 de 2007;45604;Nov 24;Incumplimiento de contrato;URBANIZADORA PIAMONTE / REGENTE HOLFING GROUP / HAUS REAL ESTATE;Inmobiliarias;;Vivienda;1350;En proceso;;;;;2024
Decisi¢n;Pm† Oeste;Ley 45 de 2007;45616;Nov 24;Incumplimiento de garant°a;AGRO LIMON, S.A.;Agencia de autos;;;4500;En proceso;;;;;2024
Decisi¢n;Pm† Oeste;Ley 45 de 2007;45623;Nov 24;Resoluci¢n de contrato;TU BIENESTAR COMPANY, S.A.;Motores (no autos);;;24;En proceso;;;;;2024
